Wellbore name,q_oil,q_gas,q_wat,q_liq,WC,GOR,AVG_WHP_P,AVG_WHT_P,AVG_DOWNHOLE_TEMPERATURE,AVG_CHOKE_SIZE_P,ON_STREAM_HRS,delta_P,BB_pred
15/9-F-1 C,487.0,70281.0,367.0,854.0,0.4297423887587822,144.31416837782342,59.703,54.042,107.788,47.86851,24.0,183.947,249.97131688981042
15/9-F-1 C,170.0,27228.0,734.0,904.0,0.8119469026548672,160.16470588235293,29.337,66.237,108.032,51.28629,24.0,213.861,275.75355936477496
15/9-F-1 C,597.0,86569.0,419.0,1016.0,0.4124015748031496,145.0067001675042,62.17,53.399,107.881,49.04302,24.0,177.743,255.30689003175448
15/9-F-1 C,157.0,24965.0,685.0,842.0,0.8135391923990499,159.01273885350318,28.323,68.369,108.001,51.57828,24.0,214.203,273.53503902610237
15/9-F-1 C,610.0,88850.0,426.0,1036.0,0.4111969111969112,145.65573770491804,59.51,56.32,107.908,50.15571,24.0,174.696,255.23972597151524
15/9-F-1 C,237.95744680851064,37898.55319148936,864.0,1101.957446808511,0.7840593141797961,159.26609442060084,28.228,71.199,108.072,52.31771,23.5,211.831,275.4335052557952
15/9-F-1 C,581.0,85171.0,438.0,1019.0,0.4298331697742885,146.59380378657488,41.925,43.698,107.536,55.80191,24.0,188.149,258.8173659038287
15/9-F-1 C,258.0,39859.0,871.0,1129.0,0.7714791851195748,154.4922480620155,29.782,71.279,108.12,52.69473,24.0,206.539,274.9333793954398
15/9-F-1 C,461.0,66952.0,330.0,791.0,0.4171934260429835,145.23210412147506,45.859,53.748,107.82,50.53954,24.0,184.952,249.98185747322265
15/9-F-1 C,200.0,31091.0,727.0,927.0,0.7842502696871629,155.455,28.295,68.107,108.055,52.14367,24.0,207.15,274.4090378881083
15/9-F-1 C,453.0,64394.0,307.0,760.0,0.4039473684210526,142.15011037527594,50.923,52.478,107.822,48.98548,24.0,178.166,249.09516150581342
15/9-F-1 C,199.0,30912.0,695.0,894.0,0.7774049217002237,155.33668341708542,27.432,70.527,108.048,52.30153,24.0,206.74,273.7617863075812
15/9-F-1 C,419.0,61534.0,293.0,712.0,0.4115168539325842,146.85918854415274,50.387,52.669,107.817,48.97446,24.0,178.496,249.31830637182753
15/9-F-1 C,197.0,30602.0,672.0,869.0,0.7733026467203682,155.34010152284264,26.671,70.704,108.034,52.33153,24.0,206.494,271.1140984756799
15/9-F-1 C,442.0,64668.0,293.0,735.0,0.3986394557823129,146.30769230769232,50.387,52.669,107.817,48.97446,24.0,178.496,248.58923329501218
15/9-F-1 C,198.0,30751.0,704.0,902.0,0.7804878048780488,155.3080808080808,26.546,69.806,108.056,52.80911,24.0,205.18,274.02292863928204
15/9-F-1 C,447.0,65213.0,296.0,743.0,0.3983849259757739,145.8903803131991,50.387,52.669,107.817,48.97446,24.0,178.496,248.59884402691924
15/9-F-1 C,258.0,40020.0,781.0,1039.0,0.7516843118383061,155.11627906976744,26.872,73.306,108.108,53.83306,24.0,202.688,273.2126620475098
15/9-F-1 C,791.0,118909.0,300.0,1091.0,0.2749770852428964,150.32743362831857,100.264,45.621,107.43,45.95212,24.0,191.886,245.1525869457225
15/9-F-1 C,290.51955008034275,42537.97536154258,231.3872522763792,521.906802356722,0.4433497536945813,146.4203539823009,51.012,52.243,107.209,29.40022,18.67,173.063,251.34098436328628
15/9-F-1 C,261.84971098265896,42367.63005780347,854.9132947976879,1116.7630057803467,0.7655279503105591,161.80132450331126,26.382,69.343,107.987,33.37632,13.84,201.34,274.70067633425816
15/9-F-1 C,194.0,31122.0,1122.0,1316.0,0.8525835866261399,160.42268041237114,29.217,76.908,108.173,54.51911,24.0,220.727,280.64029860653255
15/9-F-1 C,483.53140916808144,70097.11375212224,384.3803056027164,867.9117147707979,0.4428794992175274,144.96910112359552,58.985,48.257,107.561,36.35494,17.67,188.739,251.45584193499553
15/9-F-1 C,206.0,32916.0,970.0,1176.0,0.8248299319727891,159.7864077669903,30.495,74.297,108.149,53.01709,24.0,215.683,278.00269049110057
15/9-F-1 C,323.0,49750.0,336.0,659.0,0.5098634294385432,154.0247678018576,37.666,60.618,108.368,50.46712,24.0,182.553,254.7970148485514
15/9-F-1 C,323.0,50071.0,329.0,652.0,0.504601226993865,155.0185758513932,37.133,50.17,108.358,50.51979,24.0,183.09,255.5261679317567
15/9-F-1 C,225.0,33845.0,861.0,1086.0,0.7928176795580111,150.42222222222222,33.458,72.877,108.092,52.31617,24.0,215.461,275.6026957896386
15/9-F-1 C,199.0,31731.0,308.0,507.0,0.6074950690335306,159.45226130653268,30.894,58.723,108.502,58.42784,24.0,180.979,260.9619404912187
15/9-F-1 C,327.0,50700.0,335.0,662.0,0.5060422960725075,155.045871559633,36.358,56.087,108.347,50.8639,24.0,184.363,255.05569499913997
15/9-F-1 C,221.0,33090.0,816.0,1037.0,0.7868852459016393,149.7285067873303,33.773,69.84,108.088,51.12082,24.0,211.133,275.06788415998
15/9-F-1 C,316.0,48562.0,330.0,646.0,0.5108359133126935,153.6772151898734,36.82,55.688,108.351,50.91154,24.0,183.592,255.3979331920613
15/9-F-1 C,208.0,31225.0,702.0,910.0,0.7714285714285715,150.12019230769232,32.869,61.205,108.031,52.8942,24.0,210.343,273.8677283259178
15/9-F-1 C,314.0,48495.0,335.0,649.0,0.5161787365177196,154.44267515923568,36.679,55.688,108.345,50.84929,24.0,183.945,255.69524174819622
15/9-F-1 C,218.0,32598.0,699.0,917.0,0.7622682660850599,149.5321100917431,32.265,64.322,108.07,55.40025,24.0,208.128,273.3065104126847
15/9-F-1 C,314.0,48623.0,330.0,644.0,0.5124223602484472,154.85031847133757,36.73,49.988,108.344,50.81898,24.0,183.888,256.0232020804567
15/9-F-1 C,219.0,32908.0,730.0,949.0,0.7692307692307693,150.2648401826484,31.265,64.551,108.056,56.32231,24.0,207.074,273.8738364711941
15/9-F-1 C,314.0,48609.0,332.0,646.0,0.5139318885448917,154.80573248407643,36.65,50.37,108.341,50.77311,24.0,184.095,256.07856026700966
15/9-F-1 C,253.0,38311.0,735.0,988.0,0.7439271255060729,151.42687747035572,30.995,66.506,108.111,58.32782,24.0,203.847,272.7274766093877
15/9-F-1 C,317.0,49209.0,334.0,651.0,0.5130568356374808,155.2334384858044,36.589,48.384,108.338,50.78376,24.0,184.273,256.21464309576345
15/9-F-1 C,284.0,42501.0,786.0,1070.0,0.7345794392523365,149.65140845070422,30.053,66.584,108.074,59.99157,24.0,202.54,272.8203729003006
15/9-F-1 C,319.68,49329.6,322.56,642.24,0.5022421524663677,154.3093093093093,36.554,47.288,108.336,50.8004,25.0,184.404,255.735563862807
15/9-F-1 C,394.0,64546.0,860.0,1254.0,0.6858054226475279,163.8223350253807,32.347,70.539,108.183,55.61919,24.0,194.497,271.3486872976938
15/9-F-1 C,318.0,49191.0,333.0,651.0,0.511520737327189,154.68867924528303,36.997,53.303,108.36,50.7788,24.0,182.967,255.63377814777004
15/9-F-1 C,419.0,68466.0,847.0,1266.0,0.6690363349131122,163.40334128878283,31.193,75.355,108.174,56.48962,24.0,191.256,270.26496678776306
15/9-F-1 C,315.0,48599.0,325.0,640.0,0.5078125,154.2825396825397,36.666,53.394,108.364,50.49807,24.0,183.295,255.43709421886288
15/9-F-1 C,400.0,64240.0,801.0,1201.0,0.6669442131557036,160.6,29.959,73.91,108.139,56.47153,24.0,189.718,269.78134673370647
15/9-F-1 C,315.0,48233.0,344.0,659.0,0.5220030349013657,153.12063492063493,37.86,57.765,108.399,50.20832,24.0,183.042,255.82433382588798
15/9-F-1 C,322.0,48181.0,335.0,657.0,0.5098934550989346,149.6304347826087,38.216,55.118,108.402,50.43002,24.0,182.437,255.465438796657
15/9-F-1 C,320.0,49975.0,345.0,665.0,0.518796992481203,156.171875,38.284,53.302,108.396,50.49318,24.0,182.385,255.95041926247885
15/9-F-1 C,326.0,50479.0,344.0,670.0,0.5134328358208955,154.8435582822086,38.329,53.2,108.396,50.45315,24.0,182.138,255.6887729763256
15/9-F-1 C,317.0,49048.0,324.0,641.0,0.5054602184087363,154.7255520504732,36.455,51.984,108.362,50.91824,24.0,183.33,255.4377638613298
15/9-F-1 C,283.0,46088.0,324.0,607.0,0.5337726523887973,162.85512367491165,34.39,54.089,108.289,51.7,24.0,188.076,256.7341052987365
15/9-F-1 C,295.0,46629.0,332.0,627.0,0.529505582137161,158.06440677966103,36.491,60.338,108.352,51.69625,24.0,183.488,255.92670054713747
15/9-F-1 C,295.0,46218.0,318.0,613.0,0.5187601957585645,156.67118644067796,36.444,59.227,108.379,51.63631,24.0,182.74,255.44155123930304
15/9-F-1 C,291.0,45666.0,312.0,603.0,0.5174129353233831,156.9278350515464,35.392,58.757,108.35,51.60535,24.0,184.883,255.45533247883537
15/9-F-1 C,290.0,45494.0,312.0,602.0,0.5182724252491694,156.87586206896552,35.229,58.249,108.328,51.5844,24.0,185.65,255.56650375489417
15/9-F-1 C,293.0,45840.0,311.0,604.0,0.5149006622516556,156.4505119453925,35.66,57.996,108.353,51.59682,24.0,184.409,255.38329698122502
15/9-F-1 C,293.0,45756.0,319.0,612.0,0.5212418300653595,156.16382252559728,34.785,56.501,108.32,52.04163,24.0,186.351,255.95384113067973
15/9-F-1 C,293.0,45039.0,330.0,623.0,0.5296950240770465,153.71672354948805,33.844,56.004,108.28,52.62032,24.0,188.302,256.6192335187979
15/9-F-1 C,289.0,44152.0,313.0,602.0,0.5199335548172758,152.7750865051903,36.082,59.361,108.351,50.94922,24.0,184.33,255.64359937867255
15/9-F-1 C,114.02714932126698,17686.877828054297,742.0814479638009,856.1085972850678,0.8668076109936576,155.1111111111111,41.454,35.5,106.301,27.95413,13.26,237.317,277.72933150574255
15/9-F-1 C,282.0,43107.0,306.0,588.0,0.5204081632653061,152.86170212765958,35.323,58.972,108.309,50.93181,24.0,186.181,255.7511095645613
15/9-F-1 C,57.0,8878.0,850.0,907.0,0.9371554575523704,155.75438596491227,26.842,64.635,107.612,56.91126,24.0,243.92,282.3768223132446
15/9-F-1 C,321.0,49772.0,330.0,651.0,0.5069124423963134,155.05295950155764,36.225,50.972,108.353,50.90594,24.0,183.841,255.6257777039294
15/9-F-1 C,285.0,43755.0,303.0,588.0,0.5153061224489796,153.52631578947367,36.438,60.767,108.343,50.94328,24.0,183.562,255.19660778239523
15/9-F-1 C,175.0,27015.0,1131.0,1306.0,0.8660030627871363,154.37142857142857,26.692,74.096,107.884,60.682,24.0,237.19,281.4282680633865
15/9-F-1 C,284.0,43676.0,301.0,585.0,0.5145299145299145,153.7887323943662,35.988,59.959,108.332,50.92782,24.0,184.113,255.2465250375275
15/9-F-1 C,290.0,44165.0,799.0,1089.0,0.7337006427915519,152.29310344827587,29.907,68.736,108.13,65.61387,24.0,199.97,272.79058684616626
15/9-F-1 C,312.0,47139.0,853.0,1165.0,0.7321888412017168,151.08653846153845,29.651,69.427,108.15,55.41932,24.0,197.44,273.2402462461927
15/9-F-1 C,319.0,48869.0,809.0,1128.0,0.7171985815602837,153.19435736677116,29.128,69.378,108.129,55.42483,24.0,195.164,272.19721594032245
15/9-F-1 C,325.0,49523.0,753.0,1078.0,0.6985157699443414,152.37846153846155,28.495,70.795,108.106,55.49048,24.0,193.654,270.79593354786476
15/9-F-1 C,295.0,45686.0,328.0,623.0,0.5264847512038523,154.86779661016948,36.028,54.662,108.345,50.93085,24.0,184.315,256.4184381455259
15/9-F-1 C,290.0,45639.0,326.0,616.0,0.5292207792207793,157.37586206896552,35.81,53.341,108.343,50.80079,24.0,184.669,256.63857371197884
15/9-F-1 C,213.3333333333333,45968.0,325.3333333333333,538.6666666666666,0.6039603960396039,215.475,6.545,20.873,105.648,56.64421,13.5,248.865,263.28917604551594
15/9-F-1 C,318.0,48723.0,737.0,1055.0,0.6985781990521327,153.21698113207546,27.104,71.461,108.083,55.73845,24.0,192.189,270.6397215179399
15/9-F-1 C,350.0,53110.0,738.0,1088.0,0.6783088235294118,151.74285714285713,26.79,67.989,108.121,56.25741,24.0,190.315,270.05958857360577
15/9-F-1 C,353.0,53761.0,745.0,1098.0,0.6785063752276868,152.29745042492917,26.291,71.859,108.139,56.99665,24.0,188.981,269.89115890428985
15/9-F-1 C,372.0,59285.0,771.0,1143.0,0.6745406824146981,159.36827956989248,25.715,70.505,108.142,56.93238,24.0,187.961,270.12163908192827
15/9-F-1 C,334.0,51572.0,727.0,1061.0,0.6852026390197926,154.40718562874252,25.109,67.014,108.15,56.80454,24.0,187.022,270.3447599650452
15/9-F-1 C,356.0,54833.0,749.0,1105.0,0.6778280542986426,154.02528089887642,24.156,72.424,108.146,56.828,24.0,187.073,269.9342894762979
15/9-F-1 C,362.0,55787.0,764.0,1126.0,0.6785079928952042,154.10773480662982,24.054,74.381,108.174,57.60208,24.0,185.812,269.9891939617541
15/9-F-1 C,406.0,62595.0,809.0,1215.0,0.665843621399177,154.17487684729065,23.947,69.911,108.199,59.02969,24.0,184.132,270.31906532749434
15/9-F-1 C,415.547703180212,64647.34982332155,814.1342756183745,1229.6819787985864,0.6620689655172415,155.57142857142856,23.184,73.224,108.192,13.98963,5.66,184.405,270.0240168233036
15/9-F-1 C,402.0,61862.0,664.0,1066.0,0.6228893058161351,153.8855721393035,61.239,62.482,107.795,48.89648,24.0,205.706,266.00888484544186
15/9-F-1 C,207.0,32150.0,1108.0,1315.0,0.8425855513307985,155.31400966183574,31.404,78.309,108.149,54.14206,24.0,220.047,280.00213771658076
15/9-F-1 C,474.0,72530.0,557.0,1031.0,0.5402521823472357,153.0168776371308,60.687,56.308,107.911,48.95931,24.0,199.304,261.90568235233195
15/9-F-1 C,210.0,32735.0,1087.0,1297.0,0.8380878951426368,155.88095238095238,33.216,77.275,108.18,54.17009,24.0,212.439,279.5952891236157
15/9-F-1 C,466.0,71095.0,550.0,1016.0,0.5413385826771654,152.56437768240343,58.591,58.908,107.941,48.94512,24.0,196.073,261.7549945471091
15/9-F-1 C,308.0,47812.0,938.0,1246.0,0.7528089887640449,155.23376623376623,33.304,74.487,108.156,53.73642,24.0,207.776,274.6008629192685
15/9-F-1 C,423.0,64497.0,535.0,958.0,0.558455114822547,152.47517730496455,55.644,58.42,107.055,48.40793,24.0,192.85,262.50232661067014
15/9-F-1 C,293.0,45604.0,791.0,1084.0,0.7297047970479705,155.64505119453923,31.666,72.974,108.07,52.60856,24.0,207.382,272.2544788260075
15/9-F-1 C,421.0,64062.0,544.0,965.0,0.5637305699481865,152.16627078384798,53.772,62.621,107.928,49.02483,24.0,193.389,262.5578592042888
15/9-F-1 C,241.0,37810.0,763.0,1004.0,0.7599601593625498,156.88796680497924,30.466,72.495,108.058,52.71173,24.0,206.324,273.36726342836363
15/9-F-1 C,419.0,63550.0,539.0,958.0,0.5626304801670147,151.6706443914081,51.201,58.068,106.969,48.04527,24.0,191.191,262.9904227567573
15/9-F-1 C,240.0,37455.0,759.0,999.0,0.7597597597597597,156.0625,29.395,71.677,108.041,52.63982,24.0,205.395,273.3918846738796
15/9-F-1 C,420.0,63731.0,468.0,888.0,0.527027027027027,151.7404761904762,50.016,56.411,107.906,49.02818,24.0,192.422,256.1071417306056
15/9-F-1 C,237.0,37227.0,756.0,993.0,0.7613293051359517,157.0759493670886,28.563,61.753,108.023,52.64716,24.0,204.575,273.9562500112539
15/9-F-1 C,410.0,62915.0,474.0,884.0,0.5361990950226244,153.4512195121951,48.565,53.986,107.897,46.80373,24.0,192.219,256.8990732686412
15/9-F-1 C,237.0,36908.0,748.0,985.0,0.7593908629441625,155.72995780590716,28.057,60.883,108.01,52.61857,24.0,203.594,273.86431570493954
15/9-F-1 C,520.0,77679.0,551.0,1071.0,0.5144724556489262,149.3826923076923,49.566,54.728,107.979,50.76397,24.0,188.092,261.64429212950535
15/9-F-1 C,232.0,36516.0,744.0,976.0,0.7622950819672131,157.39655172413794,27.477,68.712,107.995,52.6041,24.0,202.93,273.5705310958738
15/9-F-1 C,653.0,97101.0,619.0,1272.0,0.4866352201257861,148.6998468606432,49.685,62.201,108.072,52.93472,24.0,180.775,260.82292156355464
15/9-F-1 C,298.0,46879.0,657.0,955.0,0.6879581151832461,157.31208053691276,26.896,60.635,107.983,52.61605,24.0,202.43400000000003,270.1593858316879
15/9-F-1 C,638.0,95396.0,702.0,1340.0,0.5238805970149254,149.52351097178683,46.885,64.837,108.035,53.10688,24.0,179.56400000000002,262.52992457226065
15/9-F-1 C,308.0,47840.0,669.0,977.0,0.6847492323439099,155.32467532467533,26.163,64.998,107.969,52.5706,24.0,202.372,269.86950068441485
15/9-F-1 C,625.0,93262.0,672.0,1297.0,0.518118735543562,149.2192,44.022,68.061,108.019,53.24234,24.0,179.722,262.51740674479913
15/9-F-1 C,297.0,47177.0,682.0,979.0,0.6966292134831461,158.84511784511784,26.199,67.606,108.0,53.22883,24.0,201.224,270.31259992128696
15/9-F-1 C,476.0,70962.0,545.0,1021.0,0.5337904015670911,149.07983193277312,41.519,63.3,108.01,53.32469,24.0,180.589,261.9290541387677
15/9-F-1 C,305.0,48861.0,707.0,1012.0,0.6986166007905138,160.2,25.895,70.942,108.018,53.59606,24.0,199.948,270.42208692783083
15/9-F-1 C,410.0,61684.0,479.0,889.0,0.5388076490438695,150.44878048780487,39.35,56.296,107.998,53.27325,24.0,181.787,257.42413021142534
15/9-F-1 C,304.0,48622.0,713.0,1017.0,0.7010816125860374,159.94078947368422,24.974,69.881,108.002,53.54758,24.0,200.214,270.67775239551264
15/9-F-1 C,626.0,92975.0,556.0,1182.0,0.4703891708967851,148.5223642172524,39.396,63.127,108.041,55.83619,24.0,179.89600000000002,259.90934765300824
15/9-F-1 C,327.0,52070.0,717.0,1044.0,0.6867816091954023,159.23547400611622,24.717,70.605,108.021,54.27181,24.0,199.886,270.08082463173764
15/9-F-1 C,941.0,137836.0,771.0,1712.0,0.4503504672897196,146.47821466524974,40.875,74.279,108.177,60.36797,24.0,170.841,255.46402812357172
15/9-F-1 C,338.0,53576.0,741.0,1079.0,0.6867469879518072,158.50887573964496,25.414,72.953,108.081,54.97036,24.0,196.968,270.14059273668465
15/9-F-1 C,738.0,108413.0,623.0,1361.0,0.4577516531961793,146.90108401084012,37.11,68.831,108.164,60.36062,24.0,171.62599999999998,257.5970902854645
15/9-F-1 C,38.0,6203.0,844.0,882.0,0.9569160997732428,163.23684210526315,27.914,57.584,107.557,49.50087,24.0,253.264,283.3265064173527
15/9-F-1 C,216.0,31636.0,1040.0,1256.0,0.8280254777070064,146.46296296296296,38.202,68.475,107.953,51.613,24.0,222.062,278.9227632503344
15/9-F-1 C,64.0,10455.0,931.0,995.0,0.935678391959799,163.359375,26.89,61.414,107.799,51.16093,24.0,248.43100000000004,282.9409981485637
15/9-F-1 C,223.0,32484.0,1131.0,1354.0,0.8353028064992615,145.66816143497758,41.188,70.304,108.14,51.83248,24.0,211.758,280.0711173292259
15/9-F-1 C,82.0,13263.0,858.0,940.0,0.9127659574468086,161.7439024390244,28.614,70.084,107.895,51.05473,24.0,241.731,281.17901582990515
15/9-F-1 C,226.0,32819.0,1066.0,1292.0,0.8250773993808049,145.21681415929203,43.275,72.432,108.176,51.95842,24.0,203.144,278.8329478326233
15/9-F-1 C,109.0,17787.0,919.0,1028.0,0.8939688715953308,163.1834862385321,30.879,71.747,107.976,51.04213,24.0,234.772,280.71043440105996
15/9-F-1 C,385.0,58379.0,759.0,1144.0,0.6634615384615384,151.63376623376624,43.289,59.768,108.157,53.5453,24.0,198.658,269.6704610829147
15/9-F-1 C,189.0,30603.0,985.0,1174.0,0.8390119250425895,161.9206349206349,32.165,73.865,108.056,51.69107,24.0,228.736,278.742449585057
15/9-F-1 C,343.0,53457.0,698.0,1041.0,0.6705091258405379,155.85131195335276,41.852,65.737,108.14,53.51642,24.0,196.346,268.9584463453702
15/9-F-1 C,244.0,39160.0,976.0,1220.0,0.8,160.49180327868854,33.587,74.748,108.126,52.67783,24.0,221.919,276.9265880895489
15/9-F-1 C,356.0,54801.0,798.0,1154.0,0.6915077989601387,153.93539325842696,40.568,68.67,108.118,53.53941,24.0,194.721,270.7195161138376
15/9-F-1 C,247.0,40029.0,983.0,1230.0,0.7991869918699187,162.06072874493927,34.382,68.641,108.149,52.94943,24.0,216.011,277.20347580549947
15/9-F-1 C,448.0,67646.0,898.0,1346.0,0.6671619613670133,150.99553571428572,39.71,69.842,108.131,54.71945,24.0,192.601,270.9213167012766
15/9-F-1 C,248.0,40440.0,936.0,1184.0,0.7905405405405406,163.06451612903226,34.18,72.985,108.138,52.93515,24.0,211.993,276.1868374199914
15/9-F-1 C,609.0,89539.0,873.0,1482.0,0.5890688259109311,147.0262725779967,39.897,75.168,108.245,60.03832,24.0,184.038,265.4901152995187
15/9-F-1 C,265.0,43614.0,913.0,1178.0,0.7750424448217318,164.5811320754717,33.238,68.793,108.15,53.88786,24.0,208.721,275.52452434602566
15/9-F-1 C,619.0,89062.0,855.0,1474.0,0.5800542740841248,143.88045234248787,37.728,71.974,108.192,59.87418,24.0,182.847,265.449326666881
15/9-F-1 C,264.0,43938.782608695656,909.9130434782608,1173.913043478261,0.7751111111111111,166.43478260869566,31.862,67.324,108.139,54.10047,23.0,206.27,275.59761403759103
15/9-F-1 C,565.0,75663.0,782.0,1347.0,0.5805493689680772,133.91681415929204,36.464,68.136,108.185,59.89556,24.0,181.027,266.5994032222739
15/9-F-1 C,272.0,44973.0,882.0,1154.0,0.7642980935875217,165.34191176470588,30.498,73.935,108.125,54.32924,24.0,204.563,274.58432132841085
15/9-F-1 C,551.0,79170.0,757.0,1308.0,0.5787461773700305,143.68421052631578,35.034,72.433,108.176,57.2328,24.0,179.833,265.8646929048835
15/9-F-1 C,276.0,45176.0,894.0,1170.0,0.764102564102564,163.68115942028984,29.48,76.353,108.13,54.76382,24.0,202.044,274.60054491854794
15/9-F-1 C,624.0,90173.0,779.0,1403.0,0.5552387740555952,144.50801282051282,34.28,72.811,108.204,63.47054,24.0,177.885,264.3626656602799
15/9-F-1 C,293.0,48067.0,833.0,1126.0,0.7397868561278863,164.05119453924914,28.396,74.63,108.106,54.74367,24.0,200.457,273.084805963456
15/9-F-1 C,623.0,88514.0,759.0,1382.0,0.5492040520984081,142.07704654895667,32.974,73.494,108.215,65.01727,24.0,175.393,264.3281478331736
15/9-F-1 C,287.0,46865.0,821.0,1108.0,0.7409747292418772,163.29268292682926,27.59,74.726,108.091,54.69002,24.0,198.965,273.0324487618276
15/9-F-1 C,215.4798761609908,31289.164086687302,267.4922600619195,482.9721362229103,0.5538461538461539,145.20689655172413,28.456,34.814,107.041,17.94654,6.46,182.844,260.58119885310043
15/9-F-1 C,299.0,48700.0,794.0,1093.0,0.7264409881061299,162.87625418060202,27.057,67.334,108.074,54.77048,24.0,197.511,272.59869038193034
15/9-F-1 C,285.0,46880.0,766.0,1051.0,0.7288296860133207,164.49122807017545,26.383,69.559,108.058,54.68774,24.0,196.629,272.3171830573082
15/9-F-1 C,120.14652014652016,17425.641025641027,719.4139194139194,839.5604395604396,0.856893542757417,145.03658536585365,36.611,31.721,106.038,31.69057,16.38,238.976,277.37345620669015
15/9-F-1 C,173.0,25444.0,1263.0,1436.0,0.8795264623955432,147.07514450867052,32.877,74.117,108.015,52.61599,24.0,229.997,283.35990803737434
15/9-F-1 C,631.0,90439.0,0.0,631.0,0.0,143.32646592709983,107.362,37.939,106.353,43.34345,24.0,182.059,220.6451831452841
15/9-F-1 C,1166.0,165720.0,0.0,1166.0,0.0,142.12692967409947,99.187,60.757,107.644,47.16752,24.0,171.053,222.1840531658282
15/9-F-1 C,320.0,46340.0,879.0,1199.0,0.7331109257714762,144.8125,39.365,72.492,108.145,52.65872,24.0,209.488,273.1089440066488
15/9-F-1 C,1550.0,221707.0,0.0,1550.0,0.0,143.03677419354838,94.601,63.047,107.869,47.73231,24.0,168.24200000000002,220.59426658367724
15/9-F-1 C,319.0,46150.0,877.0,1196.0,0.7332775919732442,144.67084639498432,39.746,66.226,108.107,52.65302,24.0,206.765,273.4303801967059
15/9-F-1 C,1249.0,178064.0,0.0,1249.0,0.0,142.5652522017614,89.988,64.547,107.971,48.53377,24.0,165.539,221.6275661192907
15/9-F-1 C,341.0,49280.0,823.0,1164.0,0.7070446735395189,144.51612903225808,39.352,67.093,108.111,52.70381,24.0,204.348,271.7599066854357
15/9-F-1 C,1346.0,192602.0,0.0,1346.0,0.0,143.09212481426448,84.777,65.724,108.052,49.8445,24.0,162.42200000000005,221.0644612741188
15/9-F-1 C,340.0,49138.0,771.0,1111.0,0.693969396939694,144.5235294117647,38.729,67.047,108.102,52.70324,24.0,202.55900000000003,270.7033334323065
15/9-F-1 C,1350.0,194496.0,0.0,1350.0,0.0,144.07111111111112,80.837,66.934,108.054,50.29698,24.0,159.899,221.15841837983635
15/9-F-1 C,397.0,57219.0,899.0,1296.0,0.6936728395061729,144.12846347607052,38.681,70.359,108.197,55.26661,24.0,198.19,271.9195749869122
15/9-F-1 C,1346.0,192900.0,0.0,1346.0,0.0,143.31352154531947,77.338,67.848,108.042,50.73588,24.0,157.683,221.50434066484937
15/9-F-1 C,444.0,63898.0,911.0,1355.0,0.6723247232472325,143.9144144144144,37.995,71.304,108.227,56.90749,24.0,194.033,271.23936172896833
15/9-F-1 C,1279.0,184900.0,0.0,1279.0,0.0,144.5660672400313,75.949,65.707,107.988,50.11392,24.0,156.79500000000002,222.5156450189233
15/9-F-1 C,575.0,82467.0,814.0,1389.0,0.5860331173506119,143.4208695652174,37.198,76.527,108.289,59.77122,24.0,187.745,266.49258987610676
15/9-F-1 C,280.0,45843.0,748.0,1028.0,0.7276264591439688,163.725,25.681,72.502,108.044,54.72411,24.0,196.132,271.9475430190974
15/9-F-1 C,1226.0,177108.0,0.0,1226.0,0.0,144.46003262642742,76.118,62.796,107.893,48.92679,24.0,157.18,223.62984124038294
15/9-F-1 C,608.0,87181.0,921.0,1529.0,0.6023544800523217,143.38980263157896,35.643,77.135,108.284,62.13158,24.0,183.724,266.34225442461786
15/9-F-1 C,282.0,45801.0,797.0,1079.0,0.7386468952734013,162.41489361702128,25.115,71.75,108.042,55.06795,24.0,195.665,272.9318400641415
15/9-F-1 C,317.0,51991.0,793.0,1110.0,0.7144144144144144,164.00946372239747,25.341,72.218,108.078,55.99813,24.0,193.411,271.85416562752886
15/9-F-1 C,239.76945244956767,40343.51585014409,624.7838616714697,864.5533141210374,0.7226666666666667,168.25961538461536,25.608,66.568,107.857,45.14344,20.82,192.83,267.901082293276
15/9-F-1 C,1213.0,174609.0,0.0,1213.0,0.0,143.94806265457544,74.69,62.377,107.877,48.93863,24.0,156.399,224.09475328030493
15/9-F-1 C,665.0,94869.0,926.0,1591.0,0.5820238843494657,142.66015037593985,34.073,77.72,108.289,65.01906,24.0,179.56799999999998,264.4603365751708
15/9-F-1 C,944.0,52163.0,0.0,944.0,0.0,55.25741525423729,70.896,57.374,107.684,48.13438,24.0,155.16500000000002,231.37358853947353
15/9-F-1 C,823.0,117732.0,0.0,823.0,0.0,143.05224787363304,69.935,58.024,107.836,47.49389,24.0,155.162,221.9324510531717
15/9-F-1 C,769.0,111238.0,0.0,769.0,0.0,144.65279583875162,70.226,56.885,107.772,46.93359,24.0,155.797,221.99004865974325
15/9-F-1 C,741.0,107144.0,0.0,741.0,0.0,144.59379217273954,70.328,54.255,107.717,46.3352,24.0,156.577,222.47519171373852
15/9-F-1 C,713.0,102881.0,0.0,713.0,0.0,144.29312762973353,69.372,54.995,107.741,45.16209,24.0,156.204,222.49737876707184
15/9-F-1 C,744.0,106745.0,0.0,744.0,0.0,143.4744623655914,69.067,48.598,107.709,46.31644,24.0,156.82600000000002,223.7355253344272
15/9-F-1 C,736.0,104864.0,0.0,736.0,0.0,142.47826086956522,68.593,48.378,107.71,46.34614,24.0,157.108,223.90749658879096
15/9-F-1 C,783.0,110078.0,0.0,783.0,0.0,140.58492975734356,67.256,53.921,107.778,47.08721,24.0,156.347,223.16360423697031
15/9-F-1 C,835.0,117388.0,0.0,835.0,0.0,140.58443113772455,65.407,53.832,107.889,47.76981,24.0,154.695,223.4119948020094
15/9-F-1 C,789.0,109517.0,0.0,789.0,0.0,138.80481622306718,65.314,55.754,107.86,47.13595,24.0,155.17600000000002,223.17625309241024
15/9-F-1 C,1074.0,154871.0,0.0,1074.0,0.0,144.2001862197393,74.729,60.747,107.817,48.3037,24.0,156.69,221.27613435496713
15/9-F-1 C,621.0,88496.0,869.0,1490.0,0.5832214765100671,142.50563607085346,32.24,76.68,108.264,68.38615,24.0,178.239,265.4460939287083
15/9-F-1 C,783.0,109362.0,0.0,783.0,0.0,139.67049808429118,64.916,55.628,107.859,47.14247,24.0,155.238,223.18468025299552
15/9-F-1 C,744.0,104993.0,0.0,744.0,0.0,141.11962365591398,64.691,52.236,107.851,46.52459,24.0,155.375,223.7509863773323
15/9-F-1 C,735.0,107116.0,0.0,735.0,0.0,145.7360544217687,64.436,53.661,107.852,46.289,24.0,155.547,223.20042142088886
15/9-F-1 C,465.0406504065041,67934.9593495935,741.4634146341464,1206.5040650406504,0.6145552560646901,146.08391608391608,29.099,66.361,107.264,22.22339,7.38,235.452,267.6977786268215
15/9-F-1 C,743.0,108079.0,93.0,836.0,0.1112440191387559,145.46298788694483,64.291,49.053,107.867,46.28423,24.0,155.572,230.7691051791804
15/9-F-1 C,727.0,106514.0,87.0,814.0,0.1068796068796068,146.51169188445667,63.93,55.103,107.921,46.26511,24.0,156.04399999999998,229.4499205280458
15/9-F-1 C,353.0,51938.0,762.0,1115.0,0.683408071748879,147.1331444759207,34.812,70.583,108.103,56.38097,24.0,197.78500000000005,270.07705759622877
15/9-F-1 C,716.0,105800.0,91.0,807.0,0.1127633209417596,147.76536312849163,63.737,55.311,107.936,46.22633,24.0,156.243,229.71196505686436
15/9-F-1 C,352.8,51692.4,776.4,1129.2,0.6875664187035069,146.5204081632653,32.169,56.428,107.774,56.46453,20.0,200.665,271.41945731359795
15/9-F-1 C,695.0,102250.0,77.0,772.0,0.099740932642487,147.12230215827338,63.551,55.508,107.445,46.215,24.0,155.716,228.93240955886404
15/9-F-1 C,699.0,102824.0,77.0,776.0,0.0992268041237113,147.10157367668097,63.458,56.171,107.962,46.21506,24.0,156.549,228.80020801504455
15/9-F-1 C,1044.0,147930.0,0.0,1044.0,0.0,141.69540229885058,74.16,60.628,107.795,48.1735,24.0,156.606,221.4550284432378
15/9-F-1 C,523.9958805355303,75344.18125643666,739.0319258496395,1263.0278063851697,0.5851272015655578,143.78773584905662,31.258,75.01,108.233,28.40513,9.71,178.184,265.7762223159695
15/9-F-1 C,704.0,103978.0,78.0,782.0,0.0997442455242966,147.69602272727272,63.335,55.852,107.974,46.23157,24.0,156.665,228.86062769538452
15/9-F-1 C,716.0,105761.0,79.0,795.0,0.0993710691823899,147.7108938547486,63.21,55.596,107.985,46.2074,24.0,156.784,228.8953470478608
15/9-F-1 C,970.0,139378.0,0.0,970.0,0.0,143.68865979381442,73.908,58.279,107.764,47.46609,24.0,156.688,221.57299411148708
15/9-F-1 C,946.0,136980.0,0.0,946.0,0.0,144.79915433403806,72.994,54.905,107.78,47.84002,24.0,156.43,222.1614542206663
15/9-F-1 C,1003.0,144950.0,0.0,1003.0,0.0,144.51645064805584,70.952,58.883,107.86,49.00558,24.0,154.95,221.819976092245
15/9-F-1 C,925.0,135000.0,0.0,925.0,0.0,145.94594594594594,70.71,57.426,107.838,47.9204,24.0,155.058,221.84916281136495
15/9-F-1 C,914.0,127565.0,0.0,914.0,0.0,139.56783369803065,70.545,57.656,107.821,47.29695,24.0,155.142,222.2710286274076
15/9-F-1 C,307.1583514099783,42209.11062906725,0.0,307.1583514099783,0.0,137.4180790960452,70.946,55.955,107.599,29.13359,13.83,156.852,207.90103955059473
15/9-F-1 C,724.0,107036.0,80.0,804.0,0.099502487562189,147.83977900552486,63.142,55.963,107.994,46.26479,24.0,156.864,228.84313936054676
15/9-F-1 C,647.0,95262.0,85.0,732.0,0.1161202185792349,147.23647604327667,62.777,54.486,107.991,46.51253,24.0,158.075,230.1855305953717
15/9-F-1 C,746.0,108793.0,94.0,840.0,0.1119047619047619,145.83512064343162,61.73,54.295,108.065,47.81521,24.0,156.685,230.18095740738352
15/9-F-1 C,727.0,107051.0,51.0,778.0,0.0655526992287917,147.2503438789546,60.14,58.607,108.067,47.62397,24.0,155.97899999999998,226.6486666881707
15/9-F-1 C,221.0,32378.0,550.0,771.0,0.7133592736705577,146.50678733031674,37.359,60.131,107.96,51.35456,24.0,207.843,267.4997578513305
15/9-F-1 C,724.0,106457.0,51.0,775.0,0.0658064516129032,147.04005524861878,59.787,58.662,108.066,47.63986,24.0,156.197,226.7056409218618
15/9-F-1 C,223.0,32481.0,545.0,768.0,0.7096354166666666,145.65470852017938,36.692,62.832,107.963,51.82289,24.0,207.089,267.14161498859437
15/9-F-1 C,715.0,105828.0,53.0,768.0,0.0690104166666666,148.01118881118882,59.44,57.55,108.066,47.60717,24.0,156.378,227.0702324463081
15/9-F-1 C,230.0,34081.0,555.0,785.0,0.7070063694267515,148.1782608695652,36.108,63.521,107.977,52.09688,24.0,206.115,266.9602688504295
15/9-F-1 C,501.8181818181818,74468.72727272728,50.18181818181818,552.0,0.0909090909090909,148.39782608695654,63.79,50.774,107.825,41.7134,22.0,157.538,229.4561140175481
15/9-F-1 C,711.0,104861.0,51.0,762.0,0.0669291338582677,147.48382559774964,59.091,58.446,108.073,47.58517,24.0,156.488,226.85792498197515
15/9-F-1 C,219.0,32412.0,556.0,775.0,0.7174193548387097,148.0,35.446,63.169,107.984,52.4484,24.0,205.192,267.6061163482121
15/9-F-1 C,708.0,104156.0,50.0,758.0,0.0659630606860158,147.1129943502825,58.705,58.703,108.079,47.6112,24.0,156.599,226.81941755393777
15/9-F-1 C,205.0,30485.0,536.0,741.0,0.7233468286099866,148.70731707317074,34.47,62.145,107.956,52.69465,24.0,205.378,267.9314392611489
15/9-F-1 C,703.0,102418.0,52.0,755.0,0.0688741721854304,145.68705547652917,58.236,58.418,108.085,47.61982,24.0,156.71300000000002,227.19179503458406
15/9-F-1 C,211.0,31256.0,549.0,760.0,0.7223684210526315,148.13270142180096,34.572,64.545,108.004,53.39162,24.0,203.961,267.8013399509034
15/9-F-1 C,696.0,102285.0,52.0,748.0,0.0695187165775401,146.96120689655172,57.464,57.883,108.087,47.65973,24.0,157.394,227.32398177336913
15/9-F-1 C,338.0,49948.0,746.0,1084.0,0.6881918819188192,147.77514792899407,35.682,70.451,108.148,55.36181,24.0,199.129,270.0891842273928
15/9-F-1 C,658.0,96652.0,95.0,753.0,0.1261620185922974,146.88753799392097,56.908,57.35,108.08,47.62792,24.0,157.98899999999998,230.92081374803834
15/9-F-1 C,422.0,62161.0,823.0,1245.0,0.6610441767068274,147.3009478672986,36.317,74.714,108.224,56.58419,24.0,192.652,269.53357306552215
15/9-F-1 C,576.0,85082.0,79.0,655.0,0.1206106870229007,147.71180555555554,56.875,58.007,108.084,46.56755,24.0,157.947,230.51450758781888
15/9-F-1 C,388.0,57125.0,711.0,1099.0,0.6469517743403094,147.22938144329896,34.805,73.234,108.169,56.5621,24.0,191.41,267.84339358548874
15/9-F-1 C,535.5850422195417,80221.95416164053,73.82388419782872,609.4089264173705,0.1211401425178147,149.78378378378375,60.978,49.152,107.447,44.0,16.58,158.581,231.57528656760476
15/9-F-1 C,447.0,65356.0,765.0,1212.0,0.6311881188118812,146.2102908277405,33.778,72.321,108.162,58.21413,24.0,190.428,267.94776319099543
15/9-F-1 C,452.0,66072.0,751.0,1203.0,0.6242726517040732,146.1769911504425,32.401,72.15,108.216,62.82589,24.0,185.836,267.5789866575378
15/9-F-1 C,563.0,84308.0,79.0,642.0,0.1230529595015576,149.74777975133216,54.967,56.254,108.114,46.78696,24.0,160.418,231.0437599771896
15/9-F-1 C,116.71732522796351,16756.231003039513,189.66565349544072,306.3829787234042,0.6190476190476191,143.5625,27.686,41.206,107.516,10.21,3.29,183.435,253.256284431962
15/9-F-1 C,490.0,73241.0,213.0,703.0,0.3029871977240398,149.47142857142856,50.932,57.489,108.143,46.79164,24.0,164.233,242.02695959706546
15/9-F-1 C,492.0,72895.0,253.0,745.0,0.3395973154362416,148.16056910569105,50.492,56.119,108.144,46.78773,24.0,164.696,244.53013786448727
15/9-F-1 C,488.0,72637.0,204.0,692.0,0.2947976878612717,148.84631147540983,49.536,56.633,108.142,46.85941,24.0,165.928,241.79120233186393
15/9-F-1 C,482.0,71515.0,200.0,682.0,0.2932551319648094,148.3713692946058,49.016,57.204,108.134,46.80047,24.0,166.743,241.68735009004362
15/9-F-1 C,492.0,73096.0,215.0,707.0,0.3041018387553041,148.5691056910569,48.565,56.775,108.121,47.00266,24.0,167.412,242.41608570260735
15/9-F-1 C,476.0,70443.0,247.0,723.0,0.3416320885200553,147.98949579831933,48.862,56.395,108.145,47.88536,24.0,166.189,244.7336983485158
15/9-F-1 C,466.0,69327.0,244.0,710.0,0.3436619718309859,148.77038626609442,48.486,56.418,108.15,47.76055,24.0,166.341,244.84071254565362
15/9-F-1 C,464.0,68817.0,242.0,706.0,0.3427762039660056,148.3125,48.176,55.027,108.151,47.7135,24.0,166.58499999999998,245.01087358083365
15/9-F-1 C,459.0,68361.0,241.0,700.0,0.3442857142857143,148.9346405228758,47.449,58.937,108.148,47.69517,24.0,167.474,244.61792311968665
15/9-F-1 C,458.0,68466.0,241.0,699.0,0.3447782546494993,149.4890829694323,47.396,58.307,108.147,47.68624,24.0,167.639,244.70743177212708
15/9-F-1 C,564.0,84365.0,79.0,643.0,0.1228615863141524,149.58333333333334,54.808,51.652,108.119,46.79973,24.0,160.59900000000002,231.8302741513057
15/9-F-1 C,311.50758251561103,48084.56735057983,148.79571810883138,460.3033006244424,0.3232558139534884,154.36082474226802,47.218,55.548,108.021,43.93395,22.42,168.827,244.06923808798737
15/9-F-1 C,487.0,72966.0,256.0,743.0,0.3445491251682369,149.82751540041068,44.812,56.696,108.142,47.97656,24.0,170.3,245.07970693688378
15/9-F-1 C,469.0,69274.0,242.0,711.0,0.340365682137834,147.70575692963752,46.346,58.756,108.176,47.70091,24.0,168.716,244.54034335485235
15/9-F-1 C,230.0,34488.0,734.0,964.0,0.7614107883817427,149.94782608695652,34.475,69.989,108.097,53.7594,24.0,211.314,273.21469018782324
15/9-F-1 C,461.0,68638.0,260.0,721.0,0.3606102635228849,148.88937093275487,44.887,58.891,108.183,47.59103,24.0,170.957,245.79371620059692
15/9-F-1 C,228.0,34207.0,678.0,906.0,0.7483443708609272,150.03070175438597,34.155,68.881,108.078,53.47775,24.0,209.601,272.2368163186292
15/9-F-1 C,458.0,68331.0,245.0,703.0,0.3485064011379801,149.1943231441048,44.642,59.252,108.183,47.60245,24.0,171.445,245.0161234037151
15/9-F-1 C,224.0,33825.0,671.0,895.0,0.7497206703910615,151.00446428571428,33.535,67.504,108.059,53.41421,24.0,208.544,272.3317738369385
15/9-F-1 C,482.0,71885.0,259.0,741.0,0.349527665317139,149.1390041493776,44.598,56.664,108.191,48.1316,24.0,171.368,245.42936504336708
15/9-F-1 C,183.0,27538.0,580.0,763.0,0.7601572739187418,150.4808743169399,32.548,65.375,108.014,53.511,24.0,208.547,270.08355429543235
15/9-F-1 C,565.0,84351.0,79.0,644.0,0.1226708074534161,149.29380530973452,54.551,50.821,108.124,46.80369,24.0,160.781,232.0002459153259
15/9-F-1 C,489.0,72278.0,243.0,732.0,0.3319672131147541,147.8077709611452,44.99,57.165,108.233,48.71677,24.0,169.636,244.34136719032892
15/9-F-1 C,202.0,30240.0,609.0,811.0,0.750924784217016,149.7029702970297,32.468,65.545,108.035,54.51367,24.0,207.54,269.70152772561806
15/9-F-1 C,376.0,56055.0,218.0,594.0,0.367003367003367,149.08244680851064,43.247,58.959,108.22,48.71789,24.0,171.84500000000003,246.33692876963616
15/9-F-1 C,267.0,40044.0,709.0,976.0,0.7264344262295082,149.97752808988764,32.889,67.562,108.13,56.36182,24.0,204.267,271.6339073162445
15/9-F-1 C,564.0,84183.0,80.0,644.0,0.124223602484472,149.26063829787233,54.111,51.418,108.129,46.84702,24.0,161.10000000000002,232.03756269807647
15/9-F-1 C,563.0,83870.0,80.0,643.0,0.1244167962674961,148.96980461811722,53.635,54.232,108.132,46.85599,24.0,161.484,231.6415276996464
15/9-F-1 C,563.0,83854.0,80.0,643.0,0.1244167962674961,148.94138543516874,53.094,56.636,108.134,46.86472,24.0,161.973,231.2904408919337
15/9-F-1 C,523.0,77885.0,247.0,770.0,0.3207792207792208,148.91969407265773,52.024,57.485,108.139,46.80372,24.0,163.023,243.0750966223384
15/9-F-1 C,522.0,77859.0,247.0,769.0,0.3211963589076723,149.1551724137931,51.247,56.123,108.14,46.80708,24.0,163.889,243.3269481340768
15/9-F-1 C,378.0,56399.0,218.0,596.0,0.3657718120805369,149.2037037037037,43.671,59.044,108.221,48.72132,24.0,171.356,246.2162997026316
15/9-F-1 C,350.0,52297.0,826.0,1176.0,0.7023809523809523,149.42,33.713,68.344,108.245,58.64993,24.0,197.857,271.70743864412765
15/9-F-1 C,509.0,76002.0,303.0,812.0,0.3731527093596059,149.3163064833006,39.773,56.231,108.281,50.23923,24.0,170.858,247.29081315068663
15/9-F-1 C,352.0,52975.0,241.0,593.0,0.4064080944350758,150.4971590909091,37.35,50.724,108.171,49.43711,24.0,176.098,249.98544232089304
15/9-F-1 C,287.0,44830.0,240.0,527.0,0.4554079696394686,156.20209059233449,37.094,44.267,108.138,48.82824,24.0,178.412,253.42660530736836
15/9-F-1 C,279.0,44300.0,235.0,514.0,0.4571984435797665,158.78136200716847,37.892,50.89,108.159,48.57821,24.0,178.003,252.69251520162533
15/9-F-1 C,296.0,44219.0,247.0,543.0,0.4548802946593002,149.38851351351352,39.366,52.846,108.202,48.47927,24.0,176.63600000000002,252.51965877719354
15/9-F-1 C,296.0,44243.0,247.0,543.0,0.4548802946593002,149.46959459459458,39.839,53.758,108.211,48.47286,24.0,176.177,252.3886215672658
15/9-F-1 C,293.0,44083.0,247.0,540.0,0.4574074074074074,150.45392491467578,40.001,57.064,108.215,48.44686,24.0,176.081,252.13438438339782
15/9-F-1 C,379.0,56290.0,218.0,597.0,0.3651591289782244,148.52242744063324,43.139,58.063,108.217,48.70453,24.0,172.016,246.3674959650066
15/9-F-1 C,323.0,48064.0,713.0,1036.0,0.6882239382239382,148.80495356037153,32.338,67.774,108.174,58.55974,24.0,196.685,270.04732526848545
15/9-F-1 C,377.0,56569.0,213.0,590.0,0.3610169491525424,150.0503978779841,43.251,57.608,108.217,48.69856,24.0,171.879,246.11772332943312
15/9-F-1 C,508.0,75078.0,262.0,770.0,0.3402597402597402,147.79133858267716,43.409,63.583,108.325,49.63278,24.0,166.758,244.12991630667196
15/9-F-1 C,390.0,63293.0,315.0,705.0,0.4468085106382978,162.28974358974358,45.438,62.495,108.388,48.69733,24.0,179.216,250.0379599727317
15/9-F-1 C,356.0,53159.0,754.0,1110.0,0.6792792792792792,149.32303370786516,35.344,69.525,108.066,53.2937,24.0,209.838,269.87534223439064
15/9-F-1 C,380.0,60995.0,327.0,707.0,0.4625176803394625,160.51315789473685,45.063,57.543,108.339,48.65349,24.0,180.898,251.6354363172105
15/9-F-1 C,335.0,50331.0,707.0,1042.0,0.6785028790786948,150.2417910447761,34.092,67.374,108.032,53.26503,24.0,209.228,269.55011917969847
15/9-F-1 C,391.0,57082.0,325.0,716.0,0.4539106145251396,145.98976982097187,44.882,56.713,108.329,48.61656,24.0,180.727,251.7784160303799
15/9-F-1 C,397.0,58901.0,858.0,1255.0,0.6836653386454183,148.36523929471034,34.101,71.443,108.141,55.98024,24.0,205.556,271.1279550300745
15/9-F-1 C,392.0,57123.0,329.0,721.0,0.4563106796116505,145.7219387755102,44.502,58.731,108.32,48.64684,24.0,180.798,251.73969179188896
15/9-F-1 C,412.0,60948.0,840.0,1252.0,0.670926517571885,147.93203883495147,33.463,70.463,108.161,56.80937,24.0,201.878,270.5168159524975
15/9-F-1 C,384.0,56615.0,323.0,707.0,0.4568599717114568,147.43489583333334,43.957,60.817,108.315,48.62198,24.0,181.192,251.50018655098688
15/9-F-1 C,427.0,64122.0,818.0,1245.0,0.6570281124497992,150.1686182669789,32.419,71.879,108.14,57.74957,24.0,200.329,269.6613433673378
15/9-F-1 C,342.0,50991.0,291.0,633.0,0.4597156398104265,149.09649122807016,43.647,59.245,108.308,48.62278,24.0,181.296,251.78045998929213
15/9-F-1 C,434.0,64317.0,891.0,1325.0,0.6724528301886793,148.19585253456222,31.921,73.625,108.187,60.30909,24.0,196.544,271.0369055904638
15/9-F-1 C,339.0,50947.0,291.0,630.0,0.4619047619047619,150.28613569321533,43.292,58.169,108.301,48.62732,24.0,181.513,252.00591827022507
15/9-F-1 C,439.0,64702.0,888.0,1327.0,0.6691785983421251,147.38496583143507,31.081,73.849,108.177,62.16607,24.0,193.946,270.89195177845903
15/9-F-1 C,354.0,53316.0,328.0,682.0,0.4809384164222874,150.61016949152545,41.072,58.684,108.354,49.18709,24.0,178.643,253.20773599503622
15/9-F-1 C,339.0,51385.0,318.0,657.0,0.4840182648401826,151.57817109144543,40.457,58.965,108.346,49.1631,24.0,179.376,253.35361603381756
15/9-F-1 C,325.0,49352.0,324.0,649.0,0.4992295839753466,151.8523076923077,40.011,55.705,108.335,49.1295,24.0,179.998,254.60697457223486
15/9-F-1 C,325.0,49388.0,322.0,647.0,0.4976816074188562,151.96307692307693,39.773,54.606,108.331,49.13849,24.0,180.194,254.63579237142852
15/9-F-1 C,322.0,49246.0,323.0,645.0,0.5007751937984496,152.93788819875778,39.668,53.283,108.327,49.13247,24.0,180.229,254.9240318892637
15/9-F-1 C,320.13858813339107,48905.32698137722,320.13858813339107,640.2771762667821,0.5,152.76298701298705,39.374,53.805,108.321,49.014,23.09,180.668,254.84708926827648
15/9-F-1 C,130.2034428794992,21190.610328638497,92.6447574334898,222.848200312989,0.4157303370786517,162.75000000000003,42.19,46.49,106.953,40.66991,19.17,205.834,254.7073051661153
15/9-F-1 C,290.0,46376.0,537.0,827.0,0.6493349455864571,159.91724137931035,28.487,53.783,107.37,61.08916,24.0,208.8,264.23397571090203
15/9-F-1 C,370.0,55458.0,855.0,1225.0,0.6979591836734694,149.8864864864865,36.696,71.531,108.086,53.287,24.0,214.033,271.55813946773
15/9-F-1 C,409.0,66355.0,334.0,743.0,0.449528936742934,162.23716381418092,45.539,61.993,108.408,49.47164,24.0,179.137,250.28114791763932
15/9-F-1 C,370.0,55321.0,819.0,1189.0,0.6888141295206055,149.5162162162162,36.228,70.847,108.084,53.28875,24.0,211.452,270.8487824531604
15/9-F-11 H,1283.0,191777.0,1236.0,2519.0,0.4906709011512505,149.47544816835543,41.247,76.613,105.949,24.95014,24.0,178.714,267.2508509182963
15/9-F-11 H,469.0,71208.0,2640.0,3109.0,0.8491476358957865,151.82942430703625,24.577,84.279,104.826,100.0,24.0,226.031,309.8247777350568
15/9-F-11 H,1275.0,197981.0,173.0,1448.0,0.1194751381215469,155.2792156862745,78.278,65.11,106.489,11.24369,24.0,170.663,228.58285237831745
15/9-F-11 H,489.0,76879.0,2331.0,2820.0,0.8265957446808511,157.21676891615542,28.186,82.55,105.19,100.0,24.0,222.188,300.50566202028307
15/9-F-11 H,1056.0,160334.0,553.0,1609.0,0.3436917339962709,151.8314393939394,45.397,67.497,106.128,16.78351,24.0,165.61100000000002,247.1733008178003
15/9-F-11 H,1633.0,237107.0,716.0,2349.0,0.3048105576841209,145.19718309859155,48.242,76.503,105.859,20.6464,24.0,172.02,250.07501373968654
15/9-F-11 H,494.0,81192.0,2446.0,2940.0,0.8319727891156462,164.3562753036437,28.3,83.084,105.25,100.0,24.0,222.73,303.74825479605477
15/9-F-11 H,1326.0,199620.0,132.0,1458.0,0.0905349794238683,150.54298642533936,68.893,66.647,106.45,11.75192,24.0,165.832,227.6293684600623
15/9-F-11 H,1214.0,180257.0,653.0,1867.0,0.3497589716122121,148.4818780889621,40.473,69.548,106.322,20.39665,24.0,159.753,249.15746792706685
15/9-F-11 H,853.0,135332.0,2475.0,3328.0,0.7436899038461539,158.65416178194607,29.555,80.767,105.757,100.0,24.0,208.097,307.6571691295999
15/9-F-11 H,1805.0,263355.0,800.0,2605.0,0.3071017274472168,145.90304709141273,50.047,75.58,105.839,21.64983,24.0,170.286,255.75133547739978
15/9-F-11 H,1616.0,235207.0,778.0,2394.0,0.3249791144527986,145.54888613861385,48.12,76.345,105.855,20.62981,24.0,172.037,252.23539363763769
15/9-F-11 H,496.0,80193.0,2405.0,2901.0,0.8290244743192002,161.67943548387098,28.253,83.139,105.252,100.0,24.0,222.666,302.57853113636133
15/9-F-11 H,1329.0,199879.0,133.0,1462.0,0.0909712722298221,150.39804364183595,68.972,64.185,106.449,11.81961,24.0,165.863,228.07549705200915
15/9-F-11 H,1223.0,181173.0,661.0,1884.0,0.3508492569002123,148.13818479149631,40.422,70.132,106.329,20.60106,24.0,159.613,249.27533045937014
15/9-F-11 H,842.0,134492.0,2460.0,3302.0,0.7450030284675954,159.729216152019,29.533,79.912,105.753,100.0,24.0,208.378,307.0187874406
15/9-F-11 H,1802.0,262553.0,795.0,2597.0,0.3061224489795918,145.70088790233075,49.997,73.445,105.835,21.60531,24.0,170.31799999999998,255.81202033408127
15/9-F-11 H,512.0,81119.0,2330.0,2842.0,0.8198451794510908,158.435546875,28.398,82.908,105.148,100.0,24.0,221.173,300.44115682168194
15/9-F-11 H,472.0,76027.0,2272.0,2744.0,0.8279883381924198,161.07415254237287,28.209,82.949,105.251,100.0,24.0,222.569,298.6720602434189
15/9-F-11 H,1309.0,196309.0,131.0,1440.0,0.0909722222222222,149.9686783804431,69.102,62.529,106.446,11.7682,24.0,165.959,228.45127168171965
15/9-F-11 H,1218.0,180678.0,680.0,1898.0,0.3582718651211802,148.3399014778325,40.433,70.359,106.328,20.5596,24.0,159.719,249.829131905992
15/9-F-11 H,840.0,134232.0,2605.0,3445.0,0.7561683599419449,159.8,29.19,79.227,105.756,100.0,24.0,208.248,312.1912476565698
15/9-F-11 H,1798.0,261610.0,793.0,2591.0,0.3060594365109996,145.50055617352615,49.827,72.889,105.833,21.59288,24.0,170.231,255.76405041578454
15/9-F-11 H,494.0,80183.0,2410.0,2904.0,0.8298898071625345,162.31376518218624,28.172,83.416,105.25,100.0,24.0,222.566,302.7002003352665
15/9-F-11 H,1320.0,198368.0,150.0,1470.0,0.1020408163265306,150.27878787878788,68.958,65.597,106.45,11.72136,24.0,165.964,228.6103044986279
15/9-F-11 H,1219.0,182929.0,667.0,1886.0,0.3536585365853658,150.064807219032,40.332,69.893,106.283,20.87011,24.0,159.809,249.37230656209823
15/9-F-11 H,810.0,131686.0,2456.0,3266.0,0.7519902020820576,162.5753086419753,29.703,79.173,105.738,100.0,24.0,209.115,306.47423135451766
15/9-F-11 H,1802.0,261697.0,797.0,2599.0,0.3066564063101192,145.22586015538292,49.554,75.648,105.837,21.83126,24.0,170.137,255.63710374484177
15/9-F-11 H,504.0,80010.0,2331.0,2835.0,0.8222222222222222,158.75,28.407,82.154,105.153,100.0,24.0,221.289,300.4872697016145
15/9-F-11 H,571.0,93259.0,2249.0,2820.0,0.7975177304964539,163.32574430823118,28.03,81.355,105.756,99.99484,24.0,216.862,298.0032219246162
15/9-F-11 H,496.0,79861.0,2409.0,2905.0,0.8292598967297763,161.01008064516128,28.151,82.779,105.249,100.0,24.0,222.547,302.73050634737547
15/9-F-11 H,1247.0,185977.0,679.0,1926.0,0.3525441329179647,149.13953488372093,40.188,71.293,106.136,21.26967,24.0,159.87,249.42786995477758
15/9-F-11 H,834.0,133343.0,2509.0,3343.0,0.7505234819024827,159.88369304556355,28.896,81.37,105.755,100.0,24.0,208.496,308.5701343116807
15/9-F-11 H,1816.0,263353.0,771.0,2587.0,0.2980286045612679,145.0181718061674,49.506,75.841,105.836,21.92297,24.0,170.151,254.70653184410114
15/9-F-11 H,499.0,79434.0,2319.0,2818.0,0.8229240596167494,159.18637274549098,28.414,81.669,105.156,100.0,24.0,221.303,300.13653645711446
15/9-F-11 H,1633.0,241011.0,823.0,2456.0,0.3350977198697068,147.58787507654625,46.168,73.022,105.568,21.92727,24.0,164.692,254.60571105240115
15/9-F-11 H,827.0,132563.0,2501.0,3328.0,0.7515024038461539,160.2938331318017,28.836,81.694,105.751,100.0,24.0,208.736,308.173356037129
15/9-F-11 H,1819.0,263167.0,770.0,2589.0,0.2974121282348397,144.67674546454094,49.446,75.306,105.836,21.96428,24.0,170.062,254.82030826400467
15/9-F-11 H,465.0,74962.0,2174.0,2639.0,0.82379689276241,161.20860215053764,28.66,81.771,105.149,100.0,24.0,221.537,295.9057534818739
15/9-F-11 H,497.0,79919.0,2439.0,2936.0,0.8307220708446866,160.80281690140845,28.148,83.151,105.25,100.0,24.0,222.511,303.62567715077336
15/9-F-11 H,1308.0,197591.0,142.0,1450.0,0.0979310344827586,151.06345565749234,68.846,65.903,106.458,11.82656,24.0,165.903,228.24978220303353
15/9-F-11 H,2002.0,294179.0,761.0,2763.0,0.2754252623959464,146.94255744255744,51.981,73.555,105.247,22.46525,24.0,167.399,257.7089327531548
15/9-F-11 H,836.0,135088.0,2490.0,3326.0,0.7486470234515935,161.58851674641147,28.81,81.608,105.748,100.0,24.0,208.955,307.8700883639624
15/9-F-11 H,1806.0,260503.0,759.0,2565.0,0.295906432748538,144.24307862679956,49.61,75.303,105.835,21.638,24.0,170.152,254.14012911654166
15/9-F-11 H,503.0,57998.0,2348.0,2851.0,0.8235706769554543,115.3041749502982,28.427,82.456,105.161,100.0,24.0,221.528,302.1081806682726
15/9-F-11 H,490.0,78135.0,2419.0,2909.0,0.8315572361636301,159.4591836734694,28.146,83.219,105.255,100.0,24.0,222.543,303.03994877908013
15/9-F-11 H,1310.0,196493.0,142.0,1452.0,0.0977961432506887,149.99465648854962,68.849,66.308,106.457,11.80172,24.0,165.91899999999998,228.27336270316374
15/9-F-11 H,2025.0,294996.0,744.0,2769.0,0.2686890574214517,145.67703703703702,52.381,73.564,105.267,22.46576,24.0,167.247,257.44997457153147
15/9-F-11 H,794.0,127650.0,2336.0,3130.0,0.7463258785942491,160.76826196473553,28.773,81.67,105.744,100.0,24.0,209.183,302.08745424058304
15/9-F-11 H,1785.0,258434.0,751.0,2536.0,0.2961356466876971,144.7809523809524,49.81,75.684,105.834,21.42075,24.0,170.306,253.33606871176258
15/9-F-11 H,495.0,79259.0,2308.0,2803.0,0.8234034962540135,160.1191919191919,28.418,82.527,105.166,100.0,24.0,221.554,299.7504694120192
15/9-F-11 H,491.0,78573.0,2413.0,2904.0,0.8309228650137741,160.0264765784114,28.166,82.627,105.257,100.0,24.0,222.527,302.8715663418097
15/9-F-11 H,1273.0,193559.0,137.0,1410.0,0.0971631205673758,152.04948939512963,69.153,66.024,106.446,11.70624,24.0,166.173,228.2211407482981
15/9-F-11 H,2022.0,293907.0,737.0,2759.0,0.2671257702065966,145.3545994065282,52.586,75.023,105.329,22.26938,24.0,166.87,256.8511939937638
15/9-F-11 H,783.0,127825.0,2469.0,3252.0,0.7592250922509225,163.25031928480203,28.895,81.67,105.736,100.0,24.0,209.638,306.48075334196903
15/9-F-11 H,1781.0,259377.0,753.0,2534.0,0.2971586424625099,145.63559797866367,49.754,75.146,105.835,21.51527,24.0,170.269,253.37899505593657
15/9-F-11 H,492.0,79096.0,2299.0,2791.0,0.8237190970978144,160.7642276422764,28.406,82.262,105.168,100.0,24.0,221.599,299.4792453186825
15/9-F-11 H,1284.0,194212.0,148.0,1432.0,0.1033519553072625,151.25545171339564,68.444,66.466,106.375,11.4837,24.0,166.541,228.62702275254912
15/9-F-11 H,1192.0,179478.0,1265.0,2457.0,0.5148555148555148,150.56879194630872,40.502,74.652,105.943,24.24979,24.0,180.554,267.811839800721
15/9-F-11 H,2000.0,292781.0,729.0,2729.0,0.2671308171491389,146.3905,52.624,74.48,105.398,21.96316,24.0,166.48600000000002,256.0680357523173
15/9-F-11 H,775.0,127380.0,2496.0,3271.0,0.7630693977376949,164.36129032258066,28.776,81.571,105.736,100.0,24.0,209.738,307.30983082289083
15/9-F-11 H,1784.0,258024.0,749.0,2533.0,0.2956968022108172,144.6322869955157,49.72,74.964,105.836,21.4304,24.0,170.311,253.35471498675207
15/9-F-11 H,488.0,78564.0,2291.0,2779.0,0.8243972652033106,160.99180327868854,28.386,82.315,105.17,100.0,24.0,221.67,299.2373677587088
15/9-F-11 H,1825.0,266034.0,680.0,2505.0,0.2714570858283433,145.77205479452056,51.547,74.629,105.5,21.32053,24.0,168.941,250.7834301281691
15/9-F-11 H,671.0,110554.0,2362.0,3033.0,0.7787668974612595,164.76005961251863,29.426,79.647,105.69,100.0,24.0,214.423,301.9921792118001
15/9-F-11 H,1268.0,188051.0,291.0,1559.0,0.1866581141757536,148.30520504731862,55.371,69.716,106.6,11.86315,24.0,164.67,235.3599885000228
15/9-F-11 H,1277.0,190070.0,1232.0,2509.0,0.4910322837783977,148.8410336726703,41.223,77.366,105.948,24.76854,24.0,178.877,267.0030391647342
15/9-F-11 H,457.0,74712.0,2581.0,3038.0,0.8495720868992759,163.4835886214442,24.615,84.143,104.899,100.0,24.0,225.85,307.7553841373932
15/9-F-11 H,1326.0,205626.0,182.0,1508.0,0.1206896551724138,155.07239819004525,78.182,62.427,106.493,11.26792,24.0,170.598,229.12822290581266
15/9-F-11 H,485.0,77442.0,2350.0,2835.0,0.8289241622574955,159.67422680412372,28.203,82.496,105.193,100.0,24.0,222.15,301.00476121720897
15/9-F-11 H,1051.0,159343.0,551.0,1602.0,0.3439450686641698,151.61084681255946,45.315,70.294,106.132,16.79768,24.0,165.659,246.7899504681373
15/9-F-11 H,1205.0,180887.0,1238.0,2443.0,0.5067539909946787,150.11369294605808,40.42,76.077,105.94,24.77058,24.0,180.718,266.75854376770724
15/9-F-11 H,2036.0,296726.0,783.0,2819.0,0.2777580702376729,145.73968565815323,52.717,74.296,105.429,21.74764,24.0,166.651,259.30168473332355
15/9-F-11 H,780.0,126728.0,2489.0,3269.0,0.7613949219944938,162.47179487179488,28.839,81.685,105.731,100.0,24.0,210.078,307.1598011134416
15/9-F-11 H,1775.0,256290.0,744.0,2519.0,0.2953552997221119,144.3887323943662,49.689,76.148,105.837,21.33326,24.0,170.383,252.8349449622613
15/9-F-11 H,487.0,77433.0,2287.0,2774.0,0.8244412400865176,159.0,28.368,81.827,105.172,100.0,24.0,221.744,299.1931733652552
15/9-F-11 H,1262.0,195813.0,135.0,1397.0,0.0966356478167501,155.1608557844691,68.94,66.72,106.375,11.40728,24.0,166.934,227.83771099316877
15/9-F-11 H,491.0,78381.0,2430.0,2921.0,0.8319068812050667,159.6354378818737,28.158,82.53,105.266,100.0,24.0,222.569,303.3943853734465
15/9-F-11 H,2065.0,300168.0,739.0,2804.0,0.2635520684736091,145.35980629539952,52.44,74.781,105.446,21.83396,24.0,166.841,257.8582755355941
15/9-F-11 H,772.0,126125.0,2460.0,3232.0,0.7611386138613861,163.37435233160622,29.005,81.68,105.724,100.0,24.0,210.528,306.0491302810388
15/9-F-11 H,1747.0,255508.0,752.0,2499.0,0.3009203681472589,146.2552947910704,49.661,74.669,105.838,21.28883,24.0,170.39,252.8291393934688
15/9-F-11 H,480.0,76171.0,2315.0,2795.0,0.8282647584973166,158.68958333333333,28.371,81.804,105.173,100.0,24.0,221.824,300.0250238522126
15/9-F-11 H,490.0,78391.0,2430.0,2920.0,0.8321917808219178,159.9816326530612,28.18,81.886,105.269,100.0,24.0,222.577,303.40939162129155
15/9-F-11 H,1279.0,181708.0,136.0,1415.0,0.096113074204947,142.07036747458952,68.941,65.144,106.387,11.42951,24.0,166.891,229.34172040285006
15/9-F-11 H,1919.0,277543.0,831.0,2750.0,0.3021818181818181,144.62897342365815,52.116,75.98,105.708,21.30261,24.0,169.60899999999998,259.03488945391194
15/9-F-11 H,1163.0,172903.0,1213.0,2376.0,0.5105218855218855,148.66981943250215,40.213,76.833,105.945,24.70406,24.0,180.904,265.56863108563704
15/9-F-11 H,490.0,78656.0,2454.0,2944.0,0.8335597826086957,160.52244897959184,28.171,82.671,105.272,100.0,24.0,222.594,304.08752420929346
15/9-F-11 H,1294.0,184559.0,152.0,1446.0,0.1051175656984785,142.62673879443585,69.003,65.904,106.403,11.4104,24.0,166.911,229.61855484954373
15/9-F-11 H,1901.0,275040.0,843.0,2744.0,0.3072157434402332,144.68174644923724,52.005,75.613,105.738,21.39999,24.0,169.246,259.2944980023527
15/9-F-11 H,479.0,76830.0,2617.0,3096.0,0.8452842377260982,160.39665970772444,28.565,82.298,104.759,99.94905,24.0,233.644,309.0228348778983
15/9-F-11 H,488.0,78363.0,2422.0,2910.0,0.8323024054982818,160.57991803278688,28.138,83.25,105.281,100.0,24.0,222.78,303.0987617296183
15/9-F-11 H,1994.0,293071.0,772.0,2766.0,0.2791033984092552,146.9764292878636,50.83,74.815,105.348,25.63936,24.0,174.375,257.9242410951982
15/9-F-11 H,737.0,121080.0,2418.0,3155.0,0.7664025356576862,164.2876526458616,29.175,78.796,105.707,100.0,24.0,211.941,304.41729636448645
15/9-F-11 H,1706.0,250744.0,778.0,2484.0,0.3132045088566828,146.97772567409143,49.162,76.321,105.848,21.33459,24.0,170.531,253.0920182740319
15/9-F-11 H,490.0,77737.0,2348.0,2838.0,0.8273431994362227,158.6469387755102,28.238,82.703,105.177,100.0,24.0,222.13,300.96516648684997
15/9-F-11 H,1955.0,281414.0,730.0,2685.0,0.2718808193668529,143.9457800511509,50.65,75.53,105.456,24.68595,24.0,168.909,255.38083345055688
15/9-F-11 H,730.4347826086956,121500.52173913045,2398.9565217391305,3129.391304347826,0.7665888629543182,166.34,29.35,77.651,105.699,100.0,23.0,212.4,303.72472811010675
15/9-F-11 H,1667.0,244091.0,775.0,2442.0,0.3173628173628173,146.4253149370126,49.111,75.837,105.848,20.81662,24.0,170.565,252.5296134458929
15/9-F-11 H,485.0,77208.0,2345.0,2830.0,0.8286219081272085,159.1917525773196,28.195,82.701,105.18,100.0,24.0,222.118,300.8611291820124
15/9-F-11 H,485.0,78044.0,2413.0,2898.0,0.8326432022084196,160.91546391752578,28.163,81.866,105.288,100.0,24.0,222.885,302.87102197059016
15/9-F-11 H,486.0,78098.0,2418.0,2904.0,0.8326446280991735,160.6954732510288,28.133,82.736,105.29,100.0,24.0,222.95,302.99339452509787
15/9-F-11 H,1266.0,190772.0,174.0,1440.0,0.1208333333333333,150.68878357030016,68.561,65.632,106.298,11.64634,24.0,166.72799999999998,230.01857753692065
15/9-F-11 H,1826.0,262155.0,681.0,2507.0,0.2716394096529717,143.56790799561884,51.282,75.073,105.517,21.49887,24.0,168.70499999999998,250.96638330507912
15/9-F-11 H,463.0,74344.0,2315.0,2778.0,0.8333333333333334,160.57019438444925,28.162,83.069,105.196,100.0,24.0,222.179,299.9403501145205
15/9-F-11 H,1053.0,158788.0,545.0,1598.0,0.3410513141426783,150.79582146248814,45.383,69.333,106.136,16.77707,24.0,165.522,246.74827828937464
15/9-F-11 H,941.0,146564.0,54.0,995.0,0.0542713567839195,155.75345377258236,93.637,49.965,105.605,9.48204,24.0,182.392,223.3296358032643
15/9-F-11 H,1325.725528775209,216293.94982784064,272.70044269552386,1598.425971470733,0.1706056129985229,163.1513802315227,55.705,67.245,106.183,10.54495,20.33,171.584,233.82365820261174
15/9-F-11 H,1099.0,173630.0,1271.0,2370.0,0.5362869198312237,157.98908098271156,39.244,78.594,105.862,27.28412,24.0,184.075,266.658477876761
15/9-F-11 H,1928.0,278374.0,728.0,2656.0,0.2740963855421687,144.38485477178423,51.314,74.976,105.477,21.99374,24.0,168.77800000000002,254.8041490174128
15/9-F-11 H,708.0,115901.0,2406.0,3114.0,0.7726396917148363,163.70197740112994,29.216,81.366,105.696,100.0,24.0,213.225,303.64480028168356
15/9-F-11 H,1671.0,246621.0,823.0,2494.0,0.3299919807538091,147.58886894075405,49.439,76.138,105.84,20.76541,24.0,171.00400000000002,254.51930938885306
15/9-F-11 H,480.0,76199.0,2350.0,2830.0,0.8303886925795053,158.74791666666667,28.172,83.013,105.184,100.0,24.0,222.196,301.00614507754165
15/9-F-11 H,1672.0,247510.0,752.0,2424.0,0.3102310231023102,148.0322966507177,49.213,76.105,105.843,20.4208,24.0,170.984,251.56592676952278
15/9-F-11 H,490.0,77897.0,2344.0,2834.0,0.8270995059985886,158.9734693877551,28.185,82.676,105.186,100.0,24.0,222.207,300.84028059170925
15/9-F-11 H,489.0,80372.0,2353.0,2842.0,0.8279380717804363,164.359918200409,28.17,82.791,105.199,100.0,24.0,222.214,300.9667566786496
15/9-F-11 H,1051.0,158639.0,529.0,1580.0,0.3348101265822785,150.94100856327307,44.719,69.825,105.102,15.96138,24.0,164.011,246.20733584576615
15/9-F-11 H,492.0,80235.0,2360.0,2852.0,0.8274894810659187,163.07926829268294,28.162,82.713,105.201,100.0,24.0,222.268,301.21209817947573
15/9-F-11 H,1078.0,163104.0,562.0,1640.0,0.3426829268292683,151.30241187384044,44.679,68.433,106.164,17.271,24.0,164.752,247.4516029733983
15/9-F-11 H,493.0,79982.0,2368.0,2861.0,0.8276826284515904,162.23529411764707,28.163,82.737,105.205,100.0,24.0,222.336,301.4713591756026
15/9-F-11 H,1213.0,182683.0,652.0,1865.0,0.349597855227882,150.6042868920033,40.876,69.304,106.273,20.36496,24.0,160.631,248.98023910409293
15/9-F-11 H,1820.0,265934.0,805.0,2625.0,0.3066666666666666,146.1175824175824,50.284,73.846,105.806,21.68166,24.0,169.592,256.44945300654115
15/9-F-11 H,530.0,83286.0,2386.0,2916.0,0.8182441700960219,157.1433962264151,28.352,81.16,105.132,100.0,24.0,220.95,302.2679833146855
15/9-F-11 H,494.0,80487.0,2381.0,2875.0,0.8281739130434783,162.92914979757086,28.172,82.74,105.21,100.0,24.0,222.366,301.8432094196764
15/9-F-11 H,1219.0,184776.0,661.0,1880.0,0.3515957446808511,151.57998359310912,40.21,66.196,106.313,20.64924,24.0,159.57,249.5797233302536
15/9-F-11 H,875.0,139227.0,2517.0,3392.0,0.7420400943396226,159.11657142857143,29.546,81.513,105.77,100.0,24.0,207.358,309.38424675149747
15/9-F-11 H,1825.0,264849.0,802.0,2627.0,0.3052912066996574,145.1227397260274,50.112,75.424,105.811,21.68359,24.0,169.716,256.24975941145624
15/9-F-11 H,528.0,83622.0,2381.0,2909.0,0.8184943279477483,158.375,28.344,82.232,105.14,100.0,24.0,220.864,302.03457707833866
15/9-F-11 H,457.0918822479928,74594.82604817126,2179.482604817128,2636.5744870651206,0.8266341859520909,163.19437939110068,29.822,80.343,105.178,78.43669,22.42,223.719,296.0749499457973
15/9-F-11 H,1332.0,199340.0,131.0,1463.0,0.0895420369104579,149.65465465465465,69.253,62.847,106.441,11.76905,24.0,166.0,228.2470815833507
15/9-F-11 H,1211.0,183381.0,657.0,1868.0,0.351713062098501,151.42939719240297,40.585,69.867,106.31,20.20724,24.0,159.91899999999998,249.02204631936914
15/9-F-11 H,865.0,138235.0,2499.0,3364.0,0.7428656361474435,159.8092485549133,29.575,80.308,105.766,100.0,24.0,207.593,308.6650623607005
15/9-F-11 H,1799.0,268283.0,800.0,2599.0,0.3078106964217006,149.1289605336298,50.015,75.334,105.825,21.63072,24.0,169.978,255.4580033700813
15/9-F-11 H,526.0,82966.0,2372.0,2898.0,0.8184955141476881,157.7300380228137,28.547,82.01,105.141,100.0,24.0,220.619,301.7802834539333
15/9-F-11 H,1655.0,240519.0,736.0,2391.0,0.3078209953994145,145.3287009063444,48.201,76.578,105.864,20.79633,24.0,171.859,250.9733359703844
15/9-F-11 H,479.0,77818.0,2486.0,2965.0,0.8384485666104553,162.45929018789144,28.359,82.939,105.24,100.0,24.0,222.811,304.969666108758
15/9-F-11 H,1306.0,196022.0,127.0,1433.0,0.0886252616887648,150.09341500765697,69.266,61.761,106.44,11.6214,24.0,166.041,228.41616054392722
15/9-F-11 H,1202.0,180486.0,645.0,1847.0,0.3492149431510558,150.15474209650583,40.468,69.495,106.317,20.02868,24.0,159.75,248.89836575988724
15/9-F-11 H,854.0,136698.0,2484.0,3338.0,0.74415817855003,160.0679156908665,29.583,80.73,105.761,100.0,24.0,207.883,307.95652257162277
15/9-F-11 H,1810.0,263393.0,804.0,2614.0,0.3075745983167559,145.5209944751381,49.918,75.343,105.842,21.70907,24.0,170.309,256.08122320266756
15/9-F-11 H,519.0,82122.0,2389.0,2908.0,0.8215268225584594,158.23121387283237,28.468,80.979,105.141,100.0,24.0,220.864,302.3110679453508
15/9-F-12 H,1690.9579230080574,256245.6580125336,1327.8424350940018,3018.80035810206,0.4398576512455515,151.5387547649301,73.169,72.389,107.024,38.45268,11.17,200.838,275.30070052701524
15/9-F-12 H,2976.0,436752.0,5.0,2981.0,0.0016772895001677,146.75806451612902,95.34,75.224,106.064,40.14273,24.0,172.234,240.86354762016092
15/9-F-12 H,3691.0,529971.0,112.0,3803.0,0.0294504338679989,143.58466540233,76.898,79.296,106.557,48.76376,24.0,172.874,271.45207720270645
15/9-F-12 H,1840.0,265815.0,3257.0,5097.0,0.6390033352952718,144.46467391304347,59.541,89.739,107.261,50.9903,24.0,223.686,365.1627833893253
15/9-F-12 H,5095.0,738451.0,19.0,5114.0,0.003715291357059,144.9364082433759,59.341,78.814,106.486,66.29217,24.0,169.4,330.2688152456129
15/9-F-12 H,5031.0,711209.0,409.0,5440.0,0.0751838235294117,141.36533492347445,61.69,82.956,107.041,70.52171,24.0,190.481,349.2077780601449
15/9-F-12 H,5225.0,756467.0,0.0,5225.0,0.0,144.77837320574162,84.561,79.203,106.639,53.20937,24.0,182.772,332.3803946374786
15/9-F-12 H,4673.0,655437.0,1457.0,6130.0,0.2376835236541598,140.26043227049004,51.395,84.833,107.289,84.21978,24.0,198.218,397.02805231336094
15/9-F-12 H,5557.0,808293.0,41.0,5598.0,0.0073240443015362,145.4549217203527,71.018,81.061,106.617,60.62755,24.0,178.753,354.30785269475734
15/9-F-12 H,5262.0,736985.0,791.0,6053.0,0.1306790021476953,140.0579627518054,58.029,82.373,107.054,73.83465,24.0,190.242,386.88509017667894
15/9-F-12 H,4214.556682840758,634455.4036171151,9.528010586678429,4224.084693427437,0.0022556390977443,150.53906053755338,87.226,77.109,106.188,36.96231,22.67,177.10700000000003,286.26674987071635
15/9-F-12 H,2775.0,372698.0,157.0,2932.0,0.0535470668485675,134.3055855855856,65.864,80.159,106.423,51.18913,24.0,166.39,245.46993654016896
15/9-F-12 H,2255.0,324253.0,2874.0,5129.0,0.5603431468122441,143.79290465631928,61.876,88.265,107.31,51.29269,24.0,219.477,361.6623398924396
15/9-F-12 H,2588.0,367984.0,2229.0,4817.0,0.462736142827486,142.1885625965997,53.867,86.796,107.287,60.17982,24.0,203.878,341.81994093805497
15/9-F-12 H,2941.866666666667,414581.3333333333,35.2,2977.0666666666666,0.0118237190970978,140.924583031182,74.131,72.006,106.053,41.04032,22.5,164.152,244.44967031799453
15/9-F-12 H,4852.0,678487.0,414.0,5266.0,0.0786175465248765,139.83656224237427,67.046,81.449,106.914,64.25908,24.0,186.999,339.79099517006716
15/9-F-12 H,3607.0,511856.0,5.0,3612.0,0.0013842746400885,141.90629331854726,71.122,77.639,106.064,47.28816,24.0,164.01299999999998,263.54214837771633
15/9-F-12 H,3888.414357110404,577690.1408450704,25.079509313948204,3913.493866424352,0.006408470325996,148.56702187324734,79.622,72.661,106.633,48.72685,22.01,182.35,275.5818271250374
15/9-F-12 H,1549.0,232645.0,2617.0,4166.0,0.6281805088814211,150.19044544867657,57.541,80.635,107.336,47.3724,24.0,219.281,326.7527754563566
15/9-F-12 H,2029.0,284059.0,2.0,2031.0,0.000984736582964,139.99950714637754,97.544,69.874,105.958,34.25806,24.0,170.312,222.0681209162363
15/9-F-12 H,1155.3379040156708,164169.63761018607,2483.4476003917725,3638.785504407443,0.6824935400516796,142.0966429298067,87.013,73.082,106.861,26.87418,20.42,215.634,311.86295625779593
15/9-F-12 H,3003.0,468712.0,4.0,3007.0,0.0013302294645826,156.08125208125207,93.812,75.413,105.846,31.25186,24.0,171.10899999999998,241.4037985940401
15/9-F-12 H,5605.0,795764.0,51.0,5656.0,0.009016973125884,141.97395182872435,61.219,79.514,106.555,68.52675,24.0,177.947,358.5856589408429
15/9-F-12 H,3148.0,439986.0,2685.0,5833.0,0.4603120178295902,139.76683608640406,49.315,87.385,107.38,78.11397,24.0,206.084,391.6014147996172
15/9-F-12 H,4349.0,603103.0,7.0,4356.0,0.0016069788797061,138.67624741319844,83.477,79.31,106.158,49.18402,24.0,175.554,290.7855861100257
15/9-F-12 H,4438.0,612100.0,172.0,4610.0,0.0373101952277657,137.9224876070302,66.126,80.674,106.643,60.535,24.0,177.785,305.75245033713577
15/9-F-12 H,1820.0,262941.0,3363.0,5183.0,0.64885201620683,144.47307692307692,58.77,89.977,107.279,51.05299,24.0,224.206,369.74833959496806
15/9-F-12 H,5286.0,766437.0,13.0,5299.0,0.0024532930741649,144.99375709421113,61.87,79.323,106.536,64.69298,24.0,171.491,339.39004721192515
15/9-F-12 H,5549.0,773989.0,423.0,5972.0,0.0708305425318151,139.48260947918544,60.435,83.846,107.061,71.95349,24.0,191.23,378.1053458827672
15/9-F-12 H,4393.0,656413.0,0.0,4393.0,0.0,149.42249032551786,88.586,81.56,106.622,50.5802,24.0,183.298,292.1065446285827
15/9-F-12 H,4249.0,598834.0,1592.0,5841.0,0.2725560691662386,140.9352788891504,54.029,85.256,107.317,75.99397,24.0,199.451,382.0987031416376
15/9-F-12 H,5141.0,720908.0,606.0,5747.0,0.105446319819036,140.22719315308305,58.135,81.514,107.071,71.87259,24.0,190.299,368.2502753012892
15/9-F-12 H,5195.690866510538,776918.7822014051,12.365339578454332,5208.056206088992,0.0023742715303259,149.53137170056254,81.684,81.541,106.298,42.96093,21.35,179.806,332.30556853031453
15/9-F-12 H,3486.0,487960.0,56.0,3542.0,0.0158102766798418,139.9770510613884,65.709,79.1,106.435,51.24335,24.0,166.488,262.2343024426271
15/9-F-12 H,2084.0125391849533,308247.9175996418,2956.739811912226,5040.752351097179,0.5865671641791045,147.91077875193398,52.485,87.36,107.402,67.48127,22.33,225.67,360.00279431870393
15/9-F-12 H,5082.0,761130.0,10.0,5092.0,0.0019638648860958,149.76977567886658,80.192,80.645,106.201,43.40572,24.0,178.56599999999997,326.7672651146593
15/9-F-12 H,5347.0,721518.0,10.0,5357.0,0.0018667164457718,134.9388442117075,54.998,81.27,106.608,71.38611,24.0,173.36,340.68747856617614
15/9-F-12 H,2378.0,332560.0,2847.0,5225.0,0.5448803827751196,139.84861227922624,62.614,88.787,107.322,52.05561,24.0,217.583,364.8475889737032
15/9-F-12 H,3021.0,440679.0,1.0,3022.0,0.000330906684315,145.87189672293945,105.29,73.336,105.906,31.30501,24.0,176.23199999999997,241.3560296166794
15/9-F-12 H,5305.322656617994,739152.5200188413,0.0,5305.322656617994,0.0,139.32282122309823,87.055,82.125,106.774,55.1475,21.23,190.587,334.2976956552457
15/9-F-12 H,4259.0,587889.0,1900.0,6159.0,0.3084916382529631,138.0345151444001,56.878,85.264,107.256,67.80204,24.0,193.72000000000003,401.2277482837708
15/9-F-12 H,3416.0,524276.0,6.0,3422.0,0.0017533606078316,153.47658079625293,91.579,77.482,105.918,34.09644,24.0,172.64799999999997,254.8357979024066
15/9-F-12 H,4893.0,663300.0,34.0,4927.0,0.0069007509640755,135.56100551808706,56.061,80.169,106.57,67.723,24.0,170.382,319.6796685101218
15/9-F-12 H,2766.0,393105.0,2506.0,5272.0,0.4753414264036419,142.12039045553146,54.5,86.62,107.324,59.16183,24.0,207.504,363.77305269827986
15/9-F-12 H,5060.0,719058.0,35.0,5095.0,0.0068694798822374,142.10632411067195,55.525,76.43,106.363,68.19639,24.0,167.058,330.1406954242949
15/9-F-12 H,4245.0,594946.0,389.0,4634.0,0.0839447561501942,140.15217903415785,73.947,81.003,106.847,56.10077,24.0,185.583,309.0205932370337
15/9-F-12 H,2720.0,387184.0,19.0,2739.0,0.0069368382621394,142.3470588235294,77.217,71.59,105.952,40.84937,24.0,162.2,237.07722329578618
15/9-F-12 H,4441.0,622663.0,140.0,4581.0,0.030561012879284,140.20783607295655,74.04,80.17,105.439,53.65323,24.0,180.228,303.49222957486836
15/9-F-12 H,1778.0,267093.0,3295.0,5073.0,0.6495170510546028,150.22103487064118,54.511,88.82,107.404,52.70134,24.0,218.247,365.2674155205184
15/9-F-12 H,4446.0,614368.0,171.0,4617.0,0.037037037037037,138.18443544759333,64.363,81.632,106.647,62.17824,24.0,177.943,306.03283299115486
15/9-F-12 H,1821.0,262699.0,3375.0,5196.0,0.6495381062355658,144.26084568918176,58.67,90.086,107.277,51.07409,24.0,224.339,370.37740876368173
15/9-F-12 H,5126.0,740305.0,17.0,5143.0,0.0033054637371184,144.42157627779946,64.97,77.318,106.516,61.63559,24.0,170.849,331.3684037349638
15/9-F-12 H,5480.0,767199.0,350.0,5830.0,0.0600343053173241,139.99981751824816,60.768,84.209,107.055,70.91464,24.0,191.094,369.3214747525075
15/9-F-12 H,4431.0,636708.0,0.0,4431.0,0.0,143.69397427217334,88.442,81.45,106.631,50.85285,24.0,183.572,293.26038606240553
15/9-F-12 H,4106.0,576166.0,1738.0,5844.0,0.2973990417522245,140.32294203604482,54.514,85.787,107.314,74.47339,24.0,199.763,383.3256596232061
15/9-F-12 H,5158.0,722935.0,693.0,5851.0,0.1184412920868227,140.1580069794494,57.144,82.282,107.087,74.67883,24.0,190.759,374.70817277906923
15/9-F-12 H,5204.555808656037,777705.69476082,12.75626423690205,5217.312072892939,0.0024449877750611,149.42787114845936,84.282,78.206,106.263,40.25518,13.17,178.81600000000003,333.35471318734244
15/9-F-12 H,3514.0,491136.0,56.0,3570.0,0.0156862745098039,139.7655093910074,65.258,79.335,106.44,51.78291,24.0,166.551,263.1985987568375
15/9-F-12 H,2424.0,354358.0,3558.0,5982.0,0.5947843530591775,146.18729372937293,46.867,89.237,107.488,78.43737,24.0,226.128,407.47320908967794
15/9-F-12 H,5087.0,760260.0,10.0,5097.0,0.0019619383951343,149.45154314920384,79.948,80.433,106.195,43.44772,24.0,178.37,327.0549685536409
15/9-F-12 H,4434.165571616295,581638.8961892248,8.409986859395532,4442.575558475691,0.0018930430667297,131.17211948790896,60.068,77.653,106.555,62.36388,22.83,172.36,297.01908209534713
15/9-F-12 H,2421.0,345300.0,2607.0,5028.0,0.5184964200477327,142.6270136307311,62.435,88.698,107.323,52.13987,24.0,217.767,354.185779346337
15/9-F-12 H,3010.0,450972.0,1.0,3011.0,0.0003321155762205,149.82458471760796,104.811,73.971,105.908,31.37003,24.0,176.083,240.82507625457407
15/9-F-12 H,5529.191489361702,771942.1276595745,0.0,5529.191489361702,0.0,139.61211673439232,97.919,76.756,106.624,43.69805,23.5,185.796,346.1140503317068
15/9-F-12 H,3549.8098859315587,492456.27376425854,1460.0760456273763,5009.885931558935,0.2914389799635701,138.72750642673523,60.766,83.836,107.205,61.12472,23.67,193.271,339.77885918319924
15/9-F-12 H,3702.0,567340.0,7.0,3709.0,0.0018873011593421,153.25229605618586,89.612,78.753,105.919,35.62917,24.0,174.47600000000003,265.13050640705956
15/9-F-12 H,4811.0,652509.0,21.0,4832.0,0.0043460264900662,135.6285595510289,57.919,80.267,106.563,64.74121,24.0,170.034,314.76014506981784
15/9-F-12 H,2749.0,390316.0,2486.0,5235.0,0.474880611270296,141.984721716988,54.634,87.157,107.325,58.81886,24.0,208.052,361.85269260546823
15/9-F-12 H,5077.0,720766.0,12.0,5089.0,0.0023580271173118,141.9669095922789,55.557,77.587,106.371,68.21417,24.0,167.15800000000002,329.22308550237494
15/9-F-12 H,4402.0,617864.0,397.0,4799.0,0.0827255678266305,140.35983643798272,72.901,81.744,106.874,56.532,24.0,185.378,316.47705640702094
15/9-F-12 H,2740.0,390609.0,32.0,2772.0,0.0115440115440115,142.5580291970803,76.937,71.774,105.952,40.91507,24.0,162.23000000000002,238.2725716275513
15/9-F-12 H,4426.0,620058.0,150.0,4576.0,0.0327797202797202,140.0944419340262,74.761,82.245,106.782,54.73307,24.0,183.472,302.799758919069
15/9-F-12 H,1765.0,265546.0,3487.0,5252.0,0.663937547600914,150.45099150141644,54.269,89.553,100.389,51.59724,24.0,199.583,374.39987134076745
15/9-F-12 H,4067.0,592089.0,7.0,4074.0,0.0017182130584192,145.5837226456848,87.296,73.901,106.061,44.18525,24.0,172.70499999999998,280.39683489678094
15/9-F-12 H,4393.0,608018.0,131.0,4524.0,0.0289566755083996,138.40610061461416,69.0,82.929,106.744,59.31041,24.0,182.298,300.56086932355976
15/9-F-12 H,1908.0,280233.0,3160.0,5068.0,0.6235201262825573,146.87264150943398,59.505,89.154,107.254,51.32348,24.0,222.811,363.01744666808503
15/9-F-12 H,2986.1325115562404,447975.3466872111,5.546995377503852,2991.679506933744,0.0018541409147095,150.0185758513932,93.149,73.895,105.838,30.88504,12.98,170.85899999999998,241.55229529595613
15/9-F-12 H,5378.0,745573.0,79.0,5457.0,0.0144768187648891,138.63387876534028,59.205,80.632,106.556,69.86612,24.0,176.498,347.1168156345523
15/9-F-12 H,3108.0,435014.0,2604.0,5712.0,0.4558823529411764,139.96589446589448,48.938,87.142,107.351,78.33394,24.0,205.158,385.0033316752475
15/9-F-12 H,4418.0,616241.0,7.0,4425.0,0.0015819209039548,139.4841557265731,81.469,80.061,106.174,49.43067,24.0,175.48000000000002,293.8702194125781
15/9-F-12 H,4594.0,636082.0,327.0,4921.0,0.0664499085551717,138.45929473225948,61.91,81.045,106.665,64.98692,24.0,178.33,322.4252640933714
15/9-F-12 H,1819.0,263281.0,3382.0,5201.0,0.6502595654681792,144.739417262232,58.827,89.865,107.274,51.18385,24.0,224.165,370.6925736432749
15/9-F-12 H,5240.0,757727.0,23.0,5263.0,0.0043701311039331,144.6043893129771,63.772,77.433,106.53,62.64984,24.0,171.167,337.8263310276303
15/9-F-12 H,5465.0,763675.0,563.0,6028.0,0.0933974784339747,139.73924977127172,60.789,84.159,107.054,70.74211,24.0,191.004,382.5131332005722
15/9-F-12 H,594.7826086956521,81159.65217391304,803.4782608695652,1398.2608695652175,0.5746268656716418,136.45263157894738,106.806,16.295,104.418,14.48443,11.5,201.25,266.5365989884862
15/9-F-12 H,4498.0,640120.0,0.0,4498.0,0.0,142.3121387283237,88.641,81.471,106.636,50.8748,24.0,183.784,296.03352517913754
15/9-F-12 H,3816.0,533211.0,1681.0,5497.0,0.3058031653629252,139.73034591194968,57.85,85.765,107.291,69.93827,24.0,199.114,364.7894212701095
15/9-F-12 H,5161.0,722042.0,626.0,5787.0,0.1081734923103507,139.90350707227282,57.097,80.9,107.095,75.14006,24.0,190.653,370.870367778141
15/9-F-12 H,5060.0,757005.0,10.0,5070.0,0.0019723865877712,149.60573122529644,79.4,80.327,106.179,43.46068,24.0,177.80999999999997,325.80361023428543
15/9-F-12 H,4995.0,653040.0,9.0,5004.0,0.0017985611510791,130.73873873873873,54.918,80.638,106.587,70.81818,24.0,172.63299999999998,322.38776160533195
15/9-F-12 H,2408.0,344661.0,2701.0,5109.0,0.5286748874535134,143.13164451827242,62.398,87.871,107.322,52.20359,24.0,217.741,358.7204857471429
15/9-F-12 H,2819.848612279226,422762.3212783852,1.0092514718250631,2820.857863751051,0.0003577817531305,149.9237652111668,105.053,73.89,105.895,29.85867,23.78,176.03199999999998,235.26915189141724
15/9-F-12 H,4870.0,680831.0,0.0,4870.0,0.0,139.80102669404516,89.313,80.821,106.693,52.27697,24.0,186.98200000000003,312.8434413975059
15/9-F-12 H,3978.082191780822,563361.2524461839,1517.0254403131116,5495.107632093934,0.2760683760683761,141.61629279811098,59.089,84.68,107.197,60.39289,15.33,192.821,363.3845238174256
15/9-F-12 H,4002.0,612762.0,8.0,4010.0,0.0019950124688279,153.11394302848575,87.644,79.103,105.919,36.16034,24.0,176.44400000000002,277.0174135516293
15/9-F-12 H,4771.0,649889.0,23.0,4794.0,0.0047976637463496,136.21651645357366,58.682,80.472,106.563,63.69264,24.0,170.05700000000002,312.93026454980287
15/9-F-12 H,2712.0,373904.0,2473.0,5185.0,0.4769527483124397,137.87020648967552,54.975,87.31,107.324,58.45828,24.0,208.493,359.22232853366575
15/9-F-12 H,5065.0,722185.0,42.0,5107.0,0.0082240062659095,142.58341559723593,55.297,79.105,106.378,68.20333,24.0,167.56300000000002,330.1652907440619
15/9-F-12 H,4409.0,618895.0,416.0,4825.0,0.0862176165803108,140.37083238829666,72.764,79.961,106.876,56.93514,24.0,185.378,318.35933092341696
15/9-F-12 H,2825.0,400415.0,27.0,2852.0,0.0094670406732117,141.73982300884956,75.803,73.331,105.972,41.85422,24.0,162.538,240.20886537429246
15/9-F-12 H,4454.0,623072.0,164.0,4618.0,0.0355132091814638,139.8904355635384,73.958,82.583,106.789,55.37482,24.0,183.789,304.84433391999414
15/9-F-12 H,3736.0,550256.0,6.0,3742.0,0.0016034206306787,147.2847965738758,87.575,73.408,106.062,42.83797,24.0,171.627,267.5839380529266
15/9-F-12 H,4477.0,620413.0,151.0,4628.0,0.0326274848746758,138.57784230511504,67.3,82.641,106.758,61.33134,24.0,182.693,305.71289349141216
15/9-F-12 H,2023.0,317017.0,3456.0,5479.0,0.6307720386931922,156.7063766683144,51.726,90.517,107.35,62.176,24.0,224.997,383.77610249668805
15/9-F-12 H,2580.0,394386.0,12.0,2592.0,0.0046296296296296,152.86279069767443,93.618,48.682,105.48,25.82296,4.0,174.478,235.33894771311316
15/9-F-12 H,4985.0,684273.0,97.0,5082.0,0.0190869736324281,137.2663991975928,60.805,80.68,106.532,65.97469,24.0,174.934,327.53230037553163
15/9-F-12 H,3100.0,435422.0,2637.0,5737.0,0.4596478995990936,140.45870967741936,48.487,87.134,107.342,78.93999,24.0,204.984,386.6249083197439
15/9-F-12 H,4449.0,620813.0,9.0,4458.0,0.0020188425302826,139.53989660597887,81.25,80.079,106.172,50.24218,24.0,175.228,295.3585975721146
15/9-F-12 H,4549.0,628769.0,203.0,4752.0,0.0427188552188552,138.2213673334799,61.317,82.019,106.664,65.27461,24.0,178.071,312.8009050476167
15/9-F-12 H,1820.0,263654.0,3394.0,5214.0,0.650939777522056,144.86483516483517,58.564,90.191,107.272,51.26246,24.0,224.383,371.32408600615787
15/9-F-12 H,5282.0,760767.0,16.0,5298.0,0.0030200075500188,144.03010223400227,64.005,75.884,106.537,62.66924,24.0,171.409,339.90943899166814
15/9-F-12 H,5269.565217391304,737214.2608695652,625.0434782608696,5894.608695652174,0.1060364666312621,139.90039603960398,62.05,83.013,107.04,68.15052,23.0,191.136,375.6703419380221
15/9-F-12 H,1870.0,285246.0,7.0,1877.0,0.0037293553542887,152.5379679144385,120.889,53.374,105.403,22.83299,24.0,182.145,219.87958443297546
15/9-F-12 H,4303.636363636364,610412.7272727273,0.0,4303.636363636364,0.0,141.83650190114068,92.252,78.17,106.591,45.4927,22.0,183.41,287.94945119884966
15/9-F-12 H,3737.0,513995.0,1688.0,5425.0,0.3111520737327189,137.54214610650254,59.461,85.837,107.257,66.40357,24.0,198.632,360.9444062283481
15/9-F-12 H,5110.0,731457.0,44.0,5154.0,0.0085370585952658,143.14227005870842,82.739,79.693,105.227,51.45374,24.0,174.81699999999998,329.0395728456585
15/9-F-12 H,5136.0,718018.0,695.0,5831.0,0.1191905333561996,139.8010124610592,56.924,80.397,107.105,75.04702,24.0,190.685,374.0837711104004
15/9-F-12 H,4169.0,606054.0,10.0,4179.0,0.0023929169657812,145.37155193091868,87.266,79.085,106.198,47.85813,24.0,177.039,283.53350880434436
15/9-F-12 H,3564.0,495857.0,58.0,3622.0,0.0160132523467697,139.1293490460157,65.243,79.28,106.446,51.98825,24.0,166.45600000000002,265.07127389492615
15/9-F-12 H,1826.0,263292.0,2538.0,4364.0,0.581576535288726,144.1905805038335,58.664,89.634,107.325,51.12476,24.0,224.03500000000005,330.1698575605696
15/9-F-12 H,5032.0,754388.0,10.0,5042.0,0.0019833399444664,149.9181240063593,79.035,80.429,106.176,43.45261,24.0,177.528,324.4544025648637
15/9-F-12 H,4407.466666666666,582890.6666666666,8.533333333333333,4416.0,0.0019323671497584,132.2507260406583,59.558,78.758,106.538,61.9154,22.5,171.488,295.74478369211283
15/9-F-12 H,2434.0,347693.0,2424.0,4858.0,0.4989707698641416,142.8483976992605,61.172,88.774,107.337,53.34549,24.0,217.997,345.30975936798967
15/9-F-12 H,3059.0,458524.0,1.0,3060.0,0.0003267973856209,149.893429225237,103.441,75.309,105.916,31.64254,24.0,176.047,242.1955076523616
15/9-F-12 H,4425.67703109328,636824.4734202607,0.0,4425.67703109328,0.0,143.8931193908077,89.126,80.08,106.662,45.52175,19.94,187.615,293.2966097991458
15/9-F-12 H,3716.0,536775.0,1564.0,5280.0,0.2962121212121212,144.44967707212055,56.248,85.25,107.226,64.27129,24.0,193.326,353.9973868440713
15/9-F-12 H,4253.0,648381.0,8.0,4261.0,0.0018774935461159,152.45262167881495,85.868,79.544,105.919,37.29413,24.0,178.22000000000003,287.55405903113564
15/9-F-12 H,4685.0,640887.0,17.0,4702.0,0.0036154827732879,136.79551760939168,59.596,80.576,106.557,62.41749,24.0,170.666,308.5208213857552
15/9-F-12 H,2666.0,383273.0,2335.0,5001.0,0.4669066186762647,143.76331582895725,55.007,86.863,107.331,58.81314,24.0,208.888,350.4526080604125
15/9-F-12 H,5084.0,723021.0,15.0,5099.0,0.0029417532849578,142.21498819826908,55.628,77.911,106.385,68.23689,24.0,167.35899999999998,329.70362332310884
15/9-F-12 H,4379.0,623604.0,413.0,4792.0,0.0861853088480801,142.4078556748116,72.906,80.762,106.875,56.80531,24.0,185.447,316.8436519824577
15/9-F-12 H,2828.0,399787.0,24.0,2852.0,0.0084151472650771,141.3673974540311,75.945,73.362,105.968,41.78594,24.0,162.357,240.1379890379076
15/9-F-12 H,4155.586206896552,580445.7931034482,573.7931034482758,4729.379310344828,0.1213252449836677,139.67843866171003,74.783,82.401,106.783,52.8236,21.75,183.392,315.23582622992984
15/9-F-12 H,4058.0,593840.0,5.0,4063.0,0.0012306177701206,146.33809758501724,85.249,75.053,106.066,45.71124,24.0,171.45900000000003,279.93437439254586
15/9-F-12 H,4490.0,623901.0,165.0,4655.0,0.0354457572502685,138.95345211581292,66.909,82.81,106.771,61.83863,24.0,182.956,307.15319629008616
15/9-F-12 H,1969.0,298170.0,3615.0,5584.0,0.6473853868194842,151.43219908583038,50.886,88.739,107.368,64.1697,24.0,225.414,389.8516723993801
15/9-F-12 H,2911.382878645343,466389.0874882408,4.515522107243649,2915.898400752587,0.0015485869144405,160.19503683598293,83.884,64.021,105.617,28.7635,21.26,181.727,241.73002707086303
15/9-F-12 H,4998.0,682920.0,33.0,5031.0,0.0065593321407274,136.6386554621849,60.392,80.408,106.534,66.21553,24.0,174.354,324.2975601127719
15/9-F-12 H,3215.0,447505.0,1789.0,5004.0,0.3575139888089528,139.19284603421465,48.066,87.152,107.334,79.73459,24.0,204.682,343.9368338081885
15/9-F-12 H,4354.0,651319.0,27.0,4381.0,0.0061629764893859,149.5909508497933,81.954,80.044,106.159,49.35612,24.0,174.969,293.12279740312636
15/9-F-12 H,4639.0,640028.0,208.0,4847.0,0.0429131421497833,137.96680319034274,59.517,81.034,106.673,67.52505,24.0,178.119,317.69502918709276
15/9-F-12 H,1821.0,263027.0,3391.0,5212.0,0.6506139677666922,144.44096650192202,58.508,90.511,107.269,51.30891,24.0,224.443,371.16144573892797
15/9-F-12 H,5303.0,766324.0,49.0,5352.0,0.0091554559043348,144.5076371864982,64.249,76.392,106.545,62.66249,24.0,171.787,343.03730835564704
15/9-F-12 H,5381.0,754743.0,592.0,5973.0,0.099112673698309,140.26073220590968,61.169,83.945,107.048,69.88956,24.0,190.979,379.7582832722496
15/9-F-12 H,3332.266666666667,543952.0,1.0666666666666669,3333.333333333333,0.0003199999999999,163.2378361075544,113.718,72.738,105.775,31.24997,22.5,181.868,250.30569276018613
15/9-F-12 H,4331.0,611414.0,0.0,4331.0,0.0,141.17155391364582,90.475,80.727,106.625,49.79176,24.0,183.439,288.6610388714609
15/9-F-12 H,3728.0353200883,522654.3046357616,1552.317880794702,5280.3532008830025,0.2939799331103678,140.1956418758882,55.442,84.755,107.287,64.48433,13.59,202.405,353.53067504478844
15/9-F-12 H,5268.0,753891.0,37.0,5305.0,0.0069745523091423,143.10763097949885,81.36,81.096,106.576,52.76798,24.0,179.30699999999996,336.5256160282553
15/9-F-12 H,5092.0,712516.0,890.0,5982.0,0.1487796723503844,139.9285153181461,56.479,80.727,107.119,75.24943,24.0,190.764,384.28828912885615
15/9-F-12 H,3942.1935483870966,591932.9032258064,9.290322580645162,3951.483870967742,0.0023510971786833,150.15318146111548,88.715,77.03,106.164,44.35988,23.25,175.741,274.88876224028485
15/9-F-12 H,3514.0,489459.0,57.0,3571.0,0.0159619154298515,139.28827546955037,65.741,78.746,106.442,51.45849,24.0,166.33100000000002,263.33568818763365
15/9-F-12 H,1828.0,262934.0,2565.0,4393.0,0.5838834509446847,143.83698030634574,58.92,89.197,107.317,51.22171,24.0,223.725,331.5086306509182
15/9-F-12 H,4586.149095721217,689319.8059108955,8.46934274371416,4594.618438464931,0.0018433179723502,150.30470914127426,81.689,77.353,106.158,38.5365,22.67,177.314,303.2745486873963
15/9-F-12 H,4669.0,616524.0,11.0,4680.0,0.0023504273504273,132.04626258299422,57.55,80.92,106.559,65.35384,24.0,170.878,307.0387275889699
15/9-F-12 H,2514.5860709592644,359760.3153745073,2952.9566360052563,5467.542706964521,0.540088444529898,143.06939799331104,61.496,88.778,107.338,52.76585,22.83,217.798,376.6326165077841
15/9-F-12 H,2986.1519093579523,431068.4011749895,1.0071338648762065,2987.1590432228286,0.0003371544167228,144.3558178752108,103.219,75.172,105.912,30.92678,23.83,175.89300000000003,240.24356317269638
15/9-F-12 H,3802.0,543771.0,1656.0,5458.0,0.3034078417002565,143.02235665439244,53.963,84.954,107.265,70.19005,24.0,194.627,363.5905652430943
15/9-F-12 H,4280.0,651573.0,8.0,4288.0,0.001865671641791,152.23668224299067,85.746,79.715,105.919,38.21142,24.0,178.34200000000004,288.6738993823083
15/9-F-12 H,4712.0,645463.0,116.0,4828.0,0.024026512013256,136.98280984719864,59.768,80.232,106.56,62.83735,24.0,170.924,315.72148074575745
15/9-F-12 H,2702.0,387667.0,2355.0,5057.0,0.4656911212181135,143.4740932642487,55.19,86.601,107.335,58.87366,24.0,209.29700000000005,352.99302182365244
15/9-F-12 H,5106.0,726188.0,13.0,5119.0,0.002539558507521,142.22248335291815,55.787,76.952,106.393,68.26733,24.0,167.37,330.9601852542956
15/9-F-12 H,4413.0,620426.0,411.0,4824.0,0.0851990049751243,140.5905279854974,72.345,81.25,106.884,57.36473,24.0,185.718,318.0102469313806
15/9-F-12 H,2829.0,399680.0,11.0,2840.0,0.0038732394366197,141.27960410038884,75.922,74.732,105.971,41.78983,24.0,162.43800000000002,239.22196274709313
15/9-F-12 H,4258.0,599091.0,204.0,4462.0,0.0457194083370685,140.69774542038516,76.004,80.886,106.756,53.55954,24.0,182.394,298.8315950708158
15/9-F-12 H,4036.0,589478.0,6.0,4042.0,0.0014844136566056,146.0550049554014,84.217,76.836,106.067,45.8337,24.0,170.87,278.7910214116754
15/9-F-12 H,4464.0,623859.0,216.0,4680.0,0.0461538461538461,139.75336021505376,66.925,83.154,106.78,61.99439,24.0,183.214,308.9571437174819
15/9-F-12 H,2039.0,318144.0,3520.0,5559.0,0.633207411404929,156.02942618930848,48.621,89.777,107.387,69.08174,24.0,226.475,388.08998581283345
15/9-F-12 H,2912.700729927007,467512.9927007299,4.671532846715328,2917.3722627737225,0.0016012810248198,160.5084202085004,93.037,74.167,105.818,32.0605,20.55,170.63899999999998,238.85861516732786
15/9-F-12 H,5317.0,782450.0,22.0,5339.0,0.0041206218392957,147.16005266127516,58.529,80.429,106.547,69.27777,24.0,174.45000000000002,342.1538722032401
15/9-F-12 H,3220.0,449867.0,2285.0,5505.0,0.4150772025431426,139.71024844720498,47.589,87.153,107.329,80.91441,24.0,204.396,372.00387422944874
15/9-F-12 H,4499.0,673536.0,48.0,4547.0,0.010556410820321,149.70793509668815,79.843,80.526,106.183,51.23093,24.0,175.027,300.9699449355912
15/9-F-12 H,4722.0,653955.0,207.0,4929.0,0.0419963481436396,138.49110546378654,57.901,78.381,106.683,70.02429,24.0,177.88299999999998,322.5263540492067
15/9-F-12 H,1797.141619748809,258046.25378951928,3318.8393243828496,5115.980944131658,0.648720032507111,143.58704453441297,59.088,90.316,107.265,49.59304,23.09,224.365,366.57632854264443
15/9-F-12 H,5271.0,770085.0,14.0,5285.0,0.0026490066225165,146.09846328969834,64.487,77.84,106.551,62.79158,24.0,172.047,338.98041188151456
15/9-F-12 H,5367.0,776432.0,581.0,5948.0,0.0976798924008069,144.66778460965156,61.157,83.834,107.043,70.57019,24.0,191.03000000000003,379.41019638909535
15/9-F-12 H,2703.758099352052,397505.313174946,1.0367170626349893,2704.794816414687,0.000383288616328,147.0195552147239,116.831,69.996,105.752,28.51893,23.15,180.832,231.71531470494025
15/9-F-12 H,4221.0,600565.0,0.0,4221.0,0.0,142.28026533996683,91.951,81.109,106.608,48.75859,24.0,183.249,283.87923212833044
15/9-F-12 H,3580.869565217391,489361.7391304348,1111.304347826087,4692.173913043478,0.2368421052631579,136.6600291403594,57.358,82.997,107.272,70.47561,13.8,196.888,322.0749113706807
15/9-F-12 H,4526.0,651055.0,0.0,4526.0,0.0,143.84776844896157,82.843,78.97,106.574,52.00658,24.0,178.82599999999996,298.7580263505974
15/9-F-12 H,5034.0,704358.0,864.0,5898.0,0.1464903357070193,139.9201430274136,56.015,81.758,107.134,75.23974,24.0,190.869,379.0948402151054
15/9-F-12 H,4305.0,635430.0,10.0,4315.0,0.0023174971031286,147.60278745644598,83.965,79.15,106.189,48.69365,24.0,176.25500000000002,289.8150804942898
15/9-F-12 H,3451.0,480363.0,56.0,3507.0,0.0159680638722554,139.19530570849028,66.409,79.242,106.435,50.76792,24.0,166.204,260.934949003247
15/9-F-12 H,1826.0,263353.0,2333.0,4159.0,0.5609521519596057,144.22398685651697,59.176,87.131,107.313,51.3302,24.0,223.385,321.05210301785615
15/9-F-12 H,5088.0,763090.0,10.0,5098.0,0.0019615535504119,149.97838050314465,78.75,80.817,106.191,43.71837,24.0,177.887,327.24947459678026
15/9-F-12 H,4995.0,670506.0,11.0,5006.0,0.0021973631642029,134.23543543543545,53.478,80.909,106.572,73.61629,24.0,171.62099999999998,323.13465231594597
15/9-F-12 H,2384.0,341217.0,2932.0,5316.0,0.5515425131677953,143.12793624161074,62.253,88.71,107.326,51.82793,24.0,217.76,369.86736415920643
15/9-F-12 H,3131.0,454137.0,1.0,3132.0,0.0003192848020434,145.045352922389,102.14,76.262,105.915,32.07412,24.0,175.81100000000004,244.49307277607807
15/9-F-12 H,2267.076923076923,311926.1538461539,0.0,2267.076923076923,0.0,137.5895765472313,78.127,20.081,104.914,32.5,6.5,216.299,236.75971046494547
15/9-F-12 H,3861.0,545239.0,2058.0,5919.0,0.3476938672072985,141.2170422170422,52.305,85.679,107.294,73.66667,24.0,196.053,390.5621750620202
15/9-F-12 H,4440.0,671085.0,9.0,4449.0,0.0020229265003371,151.14527027027026,84.427,80.168,105.919,39.27145,24.0,179.661,295.7156122438633
15/9-F-12 H,4734.0,650507.0,94.0,4828.0,0.0194697597348798,137.4117025771018,60.188,78.487,106.569,62.83598,24.0,170.94,315.9246184308416
15/9-F-12 H,2697.0,385414.0,2449.0,5146.0,0.4759036144578313,142.90470893585464,55.136,87.359,107.338,57.67352,24.0,209.91600000000005,357.66423034346536
15/9-F-12 H,5097.0,725356.0,12.0,5109.0,0.002348796241926,142.31037865411025,55.968,77.971,106.398,67.78168,24.0,167.462,330.13688246216685
15/9-F-12 H,4447.0,626210.0,435.0,4882.0,0.0891028267103646,140.81628063863278,71.254,81.533,106.895,58.30999,24.0,186.141,321.0717358100298
15/9-F-12 H,2825.0,400424.0,24.0,2849.0,0.0084240084240084,141.74300884955753,76.088,73.774,105.974,41.8465,24.0,162.24800000000002,239.93668263482314
15/9-F-12 H,3678.204574881312,535048.7699611566,691.9292188174363,4370.133793698748,0.1583313581417397,145.4646578428612,80.854,76.5,106.686,45.56181,23.17,181.887,302.85486938689
15/9-F-12 H,4047.0,590019.0,6.0,4053.0,0.001480384900074,145.79169755374352,82.854,77.654,106.068,46.24048,24.0,170.47899999999998,279.18397144790123
15/9-F-12 H,4526.0,635907.0,192.0,4718.0,0.0406952098346757,140.50088378258948,65.814,83.203,106.797,64.33748,24.0,184.02,310.5626368746163
15/9-F-12 H,2055.0,324494.0,4131.0,6186.0,0.6677982541222115,157.90462287104623,47.273,90.35,107.403,72.18922,24.0,227.409,423.34608373994774
15/9-F-12 H,2848.0,462315.0,4.0,2852.0,0.0014025245441795,162.32970505617976,93.0,74.464,105.646,31.90408,24.0,170.01,236.76455347179603
15/9-F-12 H,5113.0,703143.0,30.0,5143.0,0.0058331713007972,137.52063367885782,60.283,80.297,106.524,65.13956,24.0,173.022,330.02762512376177
15/9-F-12 H,3259.0,455115.0,2296.0,5555.0,0.4133213321332133,139.64866523473458,46.965,86.809,107.324,84.00856,24.0,204.075,374.5729762824379
15/9-F-12 H,5479.0,799525.0,48.0,5527.0,0.0086846390446897,145.92535134148568,73.128,80.937,106.245,57.23161,24.0,177.04500000000002,350.31138156195834
15/9-F-12 H,4767.0,662262.0,218.0,4985.0,0.0437311935807422,138.92636878539963,57.106,79.777,106.695,71.52084,24.0,177.961,325.1301820175146
15/9-F-12 H,5301.0,777261.0,49.0,5350.0,0.0091588785046728,146.62535370684776,64.511,77.474,106.56,63.25265,24.0,172.455,343.01931811757913
15/9-F-12 H,5358.0,749752.0,360.0,5718.0,0.0629590766002098,139.93131765584172,61.022,83.403,107.046,69.9416,24.0,190.845,363.34846828986804
15/9-F-12 H,3052.0,418474.0,5.0,3057.0,0.0016355904481517,137.11467889908258,115.434,71.518,105.811,30.2279,24.0,180.502,242.01127686871524
15/9-F-12 H,4300.706713780919,610249.8233215548,0.0,4300.706713780919,0.0,141.89524279023908,92.092,79.581,106.612,47.31098,22.64,184.026,287.5185537530338
15/9-F-12 H,4108.0,576670.0,1703.0,5811.0,0.2930648769574944,140.37731256085686,57.335,82.358,107.288,70.73496,24.0,196.161,381.77697491602777
15/9-F-12 H,4385.0,630122.0,0.0,4385.0,0.0,143.69942987457242,83.512,77.795,106.576,51.76695,24.0,178.875,292.7334210138141
15/9-F-12 H,4979.0,694861.0,927.0,5906.0,0.1569590247206231,139.55834504920668,55.611,80.442,107.152,75.16455,24.0,190.902,380.4221559048015
15/9-F-12 H,3527.0,521164.0,11.0,3538.0,0.0031091011871113,147.76410547207257,89.772,78.346,106.116,44.46811,24.0,173.53199999999998,258.96904588635175
15/9-F-12 H,3446.0,478180.0,52.0,3498.0,0.0148656375071469,138.76378409750436,66.271,79.706,106.436,50.73841,24.0,166.373,260.46647588070454
15/9-F-12 H,1823.0,263099.0,2446.0,4269.0,0.5729679081752167,144.32199670872188,59.327,87.757,107.308,51.23524,24.0,223.255,326.02885219773395
15/9-F-12 H,5102.0,764343.0,10.0,5112.0,0.0019561815336463,149.812426499412,78.834,80.861,106.2,43.74744,24.0,178.031,327.91473828924126
15/9-F-12 H,5263.0,696077.0,142.0,5405.0,0.0262719703977798,132.25859775793273,49.249,80.87,106.603,85.3303,24.0,172.491,344.8920173159247
15/9-F-12 H,2353.0,337049.0,2836.0,5189.0,0.5465407592985161,143.2422439439014,63.107,88.411,107.314,50.93919,24.0,217.618,363.4934571174541
15/9-F-12 H,3135.0,454798.0,1.0,3136.0,0.0003188775510204,145.07113237639552,101.739,76.004,105.917,32.05167,24.0,175.554,244.7084452150223
15/9-F-12 H,2601.230769230769,357289.8461538461,0.0,2601.230769230769,0.0,137.3541518807665,85.282,49.366,105.89,36.1,13.0,205.12600000000003,236.92686127765467
15/9-F-12 H,3718.0,527216.0,1776.0,5494.0,0.3232617400800873,141.80096826250673,53.306,85.554,107.291,70.74774,24.0,196.674,366.345466867952
15/9-F-12 H,4583.0,696343.0,9.0,4592.0,0.0019599303135888,151.94043203142047,83.448,80.266,105.919,40.14758,24.0,180.64000000000004,302.40824140686556
15/9-F-12 H,4741.0,653197.0,117.0,4858.0,0.024083985179086,137.77620755114955,60.513,77.416,106.576,62.84241,24.0,171.096,317.9211328900717
15/9-F-12 H,2685.0,383866.0,2317.0,5002.0,0.4632147141143543,142.96685288640597,54.981,87.917,107.34,58.87777,24.0,210.688,350.0619234492656
15/9-F-12 H,5082.0,724025.0,13.0,5095.0,0.0025515210991167,142.4685163321527,55.866,78.649,106.401,67.73251,24.0,167.579,329.2794104433146
15/9-F-12 H,4517.0,636383.0,394.0,4911.0,0.0802280594583587,140.88620765995128,69.457,81.615,106.915,60.35525,24.0,186.78500000000005,322.10625444386847
15/9-F-12 H,2825.0,400175.0,24.0,2849.0,0.0084240084240084,141.65486725663715,76.039,74.113,105.975,41.82764,24.0,162.30700000000002,239.87842092578146
15/9-F-12 H,4729.0,656308.0,180.0,4909.0,0.0366673456915868,138.7836751956016,70.013,82.364,106.802,59.20931,24.0,184.399,318.8182108218779
15/9-F-12 H,4005.0,582279.0,6.0,4011.0,0.0014958863126402,145.3880149812734,81.797,77.833,106.062,46.28296,24.0,169.735,277.55500629619274
15/9-F-12 H,4512.0,632118.0,153.0,4665.0,0.0327974276527331,140.0970744680851,66.256,83.091,106.805,63.02513,24.0,183.923,307.57226166010037
15/9-F-12 H,2047.0,314340.0,4066.0,6113.0,0.6651398658596434,153.56130923302393,46.971,90.793,107.401,70.7713,24.0,228.125,418.7396769365336
15/9-F-12 H,2868.2302771855007,470996.1620469083,2.5586353944562896,2870.788912579957,0.0008912655971479,164.2114183764496,92.812,74.871,105.809,31.65348,9.38,170.166,237.14851645708214
15/9-F-12 H,4839.0,655223.0,32.0,4871.0,0.0065694929172654,135.40462905559,60.92,80.401,106.506,63.18433,24.0,172.252,316.3172603325345
15/9-F-12 H,2947.278182597514,411834.0334333477,2227.17531075868,5174.453493356194,0.4304174950298211,139.73368237347296,51.16,84.595,107.284,71.78365,23.33,203.119,356.7068863074266
15/9-F-12 H,5444.0,795277.0,54.0,5498.0,0.0098217533648599,146.0832108743571,72.646,80.305,106.255,57.28408,24.0,176.35899999999998,349.0681638473996
15/9-F-12 H,4783.0,664475.0,215.0,4998.0,0.0430172068827531,138.92431528329502,56.692,82.217,106.714,71.69118,24.0,178.528,325.11139012310366
15/9-F-12 H,5338.0,782191.0,62.0,5400.0,0.0114814814814814,146.53259647808167,64.516,78.281,106.567,63.25514,24.0,173.022,345.5858542848404
15/9-F-12 H,5268.241469816273,740779.0026246719,579.5275590551181,5847.769028871391,0.0991023339317773,140.61219609406135,61.366,81.45,107.044,68.83235,22.86,190.813,373.32677227670246
15/9-F-12 H,2983.0,422763.0,2.0,2985.0,0.0006700167504187,141.72410325175997,115.206,73.642,105.831,29.97405,24.0,180.346,239.31469284917827
15/9-F-12 H,4479.0,637411.0,0.0,4479.0,0.0,142.31100692118775,89.683,81.63,106.651,50.82152,24.0,184.592,295.0322603276562
15/9-F-12 H,4040.0,567407.0,1652.0,5692.0,0.2902319044272663,140.44727722772276,56.896,82.034,107.298,70.76733,24.0,197.038,375.24529892097456
15/9-F-12 H,4235.0,619822.0,0.0,4235.0,0.0,146.35702479338843,85.473,77.759,106.565,50.13891,24.0,178.68599999999998,286.31308165426873
15/9-F-12 H,4906.0,685493.0,928.0,5834.0,0.1590675351388412,139.72543823889114,55.086,81.63,107.166,75.23368,24.0,191.11900000000003,376.21483315541684
15/9-F-12 H,3342.0,482332.0,8.0,3350.0,0.0023880597014925,144.3243566726511,91.623,78.421,106.091,42.87977,24.0,172.957,252.29153865721798
15/9-F-12 H,3450.0,484482.0,44.0,3494.0,0.0125930165998855,140.4295652173913,66.354,79.244,106.436,50.70486,24.0,166.341,260.26070325960995
15/9-F-12 H,1815.0,262075.0,2446.0,4261.0,0.5740436517249472,144.3939393939394,59.355,88.077,107.304,51.22063,24.0,223.25700000000003,325.75999041522135
15/9-F-12 H,5103.0,756366.0,10.0,5113.0,0.0019557989438685,148.2198706643151,79.166,79.866,106.208,43.83344,24.0,177.95600000000002,327.90683815592456
15/9-F-12 H,5081.0,663614.0,150.0,5231.0,0.0286752055056394,130.60696713245423,49.277,79.419,106.602,85.97281,24.0,171.66500000000002,336.19224899778544
15/9-F-12 H,2378.0,340595.0,2891.0,5269.0,0.5486809641298159,143.22750210260725,62.168,88.781,107.324,51.94649,24.0,218.001,367.4325907876901
15/9-F-12 H,3143.0,470240.0,1.0,3144.0,0.0003180661577608,149.61501749920458,101.299,75.245,105.921,32.07362,24.0,175.265,245.04209615687725
15/9-F-12 H,3831.0,535713.0,2038.0,5869.0,0.3472482535355256,139.83633516053249,51.725,84.59,107.314,76.12645,24.0,197.606,387.8058750737676
15/9-F-12 H,4677.0,709992.0,9.0,4686.0,0.0019206145966709,151.8050032071841,82.829,80.159,105.919,40.7275,24.0,181.259,306.8918772758163
15/9-F-12 H,4745.0,654569.0,117.0,4862.0,0.0240641711229946,137.94920969441517,60.739,78.105,106.582,62.86171,24.0,171.357,317.92210842674297
15/9-F-12 H,2670.0,381680.0,2564.0,5234.0,0.4898739014138326,142.95131086142322,55.064,87.975,107.344,58.88293,24.0,211.193,362.6401519477783
15/9-F-12 H,5077.0,723171.0,12.0,5089.0,0.0023580271173118,142.4406145361434,56.11,77.224,106.406,66.33882,24.0,167.40699999999998,329.34078616016825
15/9-F-12 H,4725.0,666975.0,264.0,4989.0,0.052916416115454,141.15873015873015,65.785,81.356,106.953,64.94339,24.0,188.251,324.76976525270413
15/9-F-12 H,2832.0,400159.0,24.0,2856.0,0.0084033613445378,141.29908192090394,76.032,73.97,105.974,41.82633,24.0,162.274,240.12367253593712
15/9-F-12 H,5092.141756548536,671926.0400616332,7.395993836671803,5099.537750385208,0.0014503263234227,131.95352214960056,68.112,82.909,106.829,58.0862,6.49,185.116,324.9379482225266
15/9-F-12 H,3937.0,570002.0,6.0,3943.0,0.0015216839969566,144.78079756159514,80.647,77.782,106.053,46.22387,24.0,168.78499999999997,274.9784337361014
15/9-F-12 H,4465.0,625324.0,180.0,4645.0,0.038751345532831,140.0501679731243,66.883,83.122,106.8,62.37056,24.0,183.799,306.94700886686974
15/9-F-12 H,2048.0,305757.0,4001.0,6049.0,0.6614316415936519,149.29541015625,46.172,90.84,107.384,70.77175,24.0,229.401,414.7096833106535
15/9-F-12 H,2723.783031988873,414505.70236439497,2.2253129346314324,2726.008344923505,0.0008163265306122,152.1801470588235,92.884,72.28,105.786,31.71874,21.57,170.28999999999996,234.07073601394092
15/9-F-12 H,5271.0,727182.0,24.0,5295.0,0.0045325779036827,137.95902105862265,57.575,80.572,106.528,68.56318,24.0,172.93,338.08210347691767
15/9-F-12 H,3151.0,438646.0,2145.0,5296.0,0.4050226586102719,139.20850523643287,47.449,86.512,107.303,78.62221,24.0,202.962,360.99142261685773
15/9-F-12 H,5374.0,810900.0,18.0,5392.0,0.0033382789317507,150.89318943059175,72.445,79.888,106.252,56.92553,24.0,175.502,344.14685463438286
15/9-F-12 H,4779.0,665022.0,210.0,4989.0,0.042092603728202,139.15505335844318,56.937,81.894,106.725,71.74537,24.0,178.60399999999998,324.70977874688197
15/9-F-12 H,5377.0,785912.0,56.0,5433.0,0.0103073808209092,146.16180026036824,64.937,77.605,106.574,63.24998,24.0,173.41500000000002,347.3804987948397
15/9-F-12 H,2572.7427597955707,356199.65928449744,316.8654173764906,2889.608177172061,0.1096568800848956,138.4513309495431,88.106,73.804,106.752,40.8418,23.48,183.08300000000003,247.16465185120956
15/9-F-12 H,3110.608695652174,431823.652173913,6.260869565217392,3116.8695652173915,0.0020087043856712,138.8228782287823,113.282,74.16,105.866,30.3084,23.0,180.92900000000003,243.51968516495202
15/9-F-12 H,4436.0,629921.0,0.0,4436.0,0.0,142.00202885482418,90.524,82.101,106.645,50.25471,24.0,184.602,292.9080767267321
15/9-F-12 H,3496.551724137931,491053.720508167,1499.4555353901997,4996.007259528131,0.3001307759372275,140.43942696979136,63.263,79.494,107.243,63.0327,22.04,196.644,340.44839277450956
15/9-F-12 H,4352.0,627031.0,0.0,4352.0,0.0,144.0788143382353,84.638,78.365,106.58,51.30181,24.0,179.30299999999997,291.06786347281474
15/9-F-12 H,4689.0,654091.0,1122.0,5811.0,0.1930820856995353,139.49477500533163,54.743,82.763,107.181,75.15432,24.0,191.317,376.4200361582772
15/9-F-12 H,3216.0,474686.0,13.0,3229.0,0.0040260142458965,147.601368159204,92.674,77.956,106.078,42.0441,24.0,172.614,248.39530567035746
15/9-F-12 H,3396.0,389613.0,59.0,3455.0,0.0170767004341534,114.72703180212014,66.344,79.056,106.454,51.28044,24.0,166.767,259.6848772873052
15/9-F-12 H,1807.0,260714.0,1901.0,3708.0,0.5126752966558792,144.28002213613723,59.368,88.322,107.299,51.18386,24.0,223.31600000000003,301.25231879049454
15/9-F-12 H,5135.0,765784.0,7.0,5142.0,0.0013613380007779,149.130282375852,79.36,79.732,106.215,43.81087,24.0,178.079,329.54402377524775
15/9-F-12 H,5038.0,670508.0,185.0,5223.0,0.0354202565575339,133.09011512504964,48.875,79.435,106.597,86.01115,24.0,171.588,336.64509645960646
15/9-F-12 H,2370.0,340025.0,2836.0,5206.0,0.5447560507107184,143.4704641350211,62.203,88.217,107.324,51.98529,24.0,218.047,364.2737777743791
15/9-F-12 H,3132.0,425284.0,1.0,3133.0,0.0003191828917969,135.786717752235,100.911,75.376,105.919,32.04644,24.0,175.072,245.0845986201195
15/9-F-12 H,3738.7533875338754,523820.054200542,0.0,3738.7533875338754,0.0,140.1055378370542,89.028,74.383,106.481,47.3409,22.14,181.089,266.80431449502237
15/9-F-12 H,3927.0,573531.0,1865.0,5792.0,0.3219958563535912,146.048128342246,50.502,83.759,107.315,79.85003,24.0,197.852,383.5427873826798
15/9-F-12 H,4689.0,711700.0,9.0,4698.0,0.0019157088122605,151.78076348901683,82.84,80.045,105.919,40.74857,24.0,181.248,307.4846143715426
15/9-F-12 H,5227.0,722111.0,117.0,5344.0,0.0218937125748503,138.15018174861297,60.903,79.698,106.588,62.89483,24.0,171.67600000000002,341.50030471861214
15/9-F-12 H,2640.0,377152.0,2754.0,5394.0,0.5105672969966629,142.86060606060607,55.836,88.141,107.341,57.92429,24.0,211.388,371.6146313604631
15/9-F-12 H,5074.0,724334.0,9.0,5083.0,0.0017706079087153,142.7540402049665,55.956,78.488,106.408,67.76173,24.0,167.47199999999998,328.7104768219421
15/9-F-12 H,4875.0,687647.0,399.0,5274.0,0.0756541524459613,141.05579487179486,63.945,82.479,106.978,67.05462,24.0,189.073,340.33452170518217
15/9-F-12 H,3183.157894736842,453829.8947368421,30.31578947368421,3213.4736842105262,0.0094339622641509,142.57222222222222,72.013,70.128,105.988,43.57938,19.0,163.436,252.09793559828364
15/9-F-12 H,4206.63829787234,597544.8510638297,295.1489361702128,4501.787234042553,0.065562613430127,142.04806991988346,75.752,78.3,106.744,52.39205,23.5,182.47,302.5911112843437
15/9-F-12 H,2503.0,362080.0,11.0,2514.0,0.0043754972155926,144.65840990811026,85.064,67.704,105.947,36.73361,24.0,168.115,231.36126465758144
15/9-F-12 H,4492.0,629714.0,176.0,4668.0,0.0377035132819194,140.18566340160285,66.546,82.32,106.807,63.07652,24.0,183.848,308.1863041159951
15/9-F-12 H,1548.8,230585.6,3362.133333333333,4910.933333333333,0.684622067767159,148.8801652892562,52.02,87.231,107.287,59.78046,22.5,230.659,360.45348470140027
15/9-F-12 H,2656.803170409511,404888.7714663144,2.113606340819022,2658.91677675033,0.0007949125596184,152.3969769291965,93.021,73.227,105.777,30.03349,22.71,170.12099999999998,232.16923113690558
15/9-F-12 H,5614.0,782955.0,20.0,5634.0,0.0035498757543485,139.46473102956892,52.528,80.323,106.566,80.99091,24.0,174.08100000000002,357.34953627995566
15/9-F-12 H,3191.0,453679.0,2313.0,5504.0,0.4202398255813953,142.17455343152616,46.791,86.057,107.293,81.94453,24.0,202.397,372.77280221093594
15/9-F-12 H,5315.0,801346.0,10.0,5325.0,0.0018779342723004,150.77064910630293,72.134,80.284,106.252,56.70427,24.0,175.01600000000002,340.3348047944674
15/9-F-12 H,4795.0,667425.0,199.0,4994.0,0.039847817380857,139.19186652763295,57.218,81.164,106.733,71.98183,24.0,178.64,324.9941267288809
15/9-F-12 H,5387.0,787882.0,67.0,5454.0,0.0122845617895122,146.25617226656766,65.162,78.299,106.58,63.32331,24.0,173.811,348.4186214602096
15/9-F-12 H,5394.011976047905,749989.6207584831,713.7724550898204,6107.784431137725,0.1168627450980392,139.04114860864416,58.673,81.696,107.047,73.50332,15.03,191.368,389.25235131104506
15/9-F-12 H,3046.0,429218.0,1.0,3047.0,0.0003281916639317,140.91201575837164,113.769,74.902,105.868,30.48698,24.0,180.06,241.05981552557967
15/9-F-12 H,4434.0,628409.0,0.0,4434.0,0.0,141.72507893549843,90.831,82.231,106.646,50.1816,24.0,184.789,292.7263947094009
15/9-F-12 H,4027.0,565795.0,1786.0,5813.0,0.3072423877515912,140.5003724857214,56.459,84.461,107.335,71.58594,24.0,197.71,382.29218401465533
15/9-F-12 H,4426.0,635623.0,0.0,4426.0,0.0,143.61116131947583,84.264,77.959,106.594,51.79296,24.0,179.765,294.38291587813893
15/9-F-12 H,4647.0,648792.0,1098.0,5745.0,0.1911227154046997,139.61523563589412,54.528,83.128,107.192,75.17542,24.0,191.417,372.597213196755
15/9-F-12 H,3176.0,481831.0,7.0,3183.0,0.0021991831605403,151.71001259445845,93.172,77.325,106.071,41.69155,24.0,172.479,246.78618769595678
15/9-F-12 H,3039.78349120433,418562.3815967523,75.77807848443842,3115.5615696887685,0.0243224461431549,137.69480056980058,73.222,74.011,106.397,42.46798,22.17,167.49599999999998,249.26268139161155
15/9-F-12 H,1802.0,259493.0,2788.0,4590.0,0.6074074074074074,144.00277469478357,59.278,88.999,107.295,51.19876,24.0,223.41600000000005,341.1140170390372
15/9-F-12 H,5141.0,766176.0,9.0,5150.0,0.0017475728155339,149.03248395253843,79.475,79.68,106.223,42.87523,24.0,178.273,329.96085523889803
15/9-F-12 H,5054.0,676839.0,158.0,5212.0,0.0303146584804297,133.92144835773644,48.592,80.265,106.594,85.99326,24.0,171.31900000000002,335.7333947392131
15/9-F-12 H,2090.461262875056,303166.32333184057,2563.367666815943,4653.828929690999,0.5508083140877599,145.0236503856041,67.42,83.645,107.256,44.69499,22.33,218.345,340.22450746943156
15/9-F-12 H,3140.0,454093.0,1.0,3141.0,0.0003183699458771,144.6156050955414,100.46,75.593,105.918,32.04522,24.0,174.90300000000002,245.08961722327885
15/9-F-12 H,4322.0,604989.0,0.0,4322.0,0.0,139.97894493290144,85.149,80.432,106.576,50.70707,24.0,180.544,288.88155630228334
15/9-F-12 H,3887.0,543343.0,2123.0,6010.0,0.3532445923460898,139.78466683817854,50.136,82.942,107.303,79.99953,24.0,197.624,396.47157339854823
15/9-F-12 H,4688.0,714081.0,9.0,4697.0,0.001916116670215,152.32103242320818,82.928,80.199,105.919,40.7554,24.0,181.16000000000005,307.45857775121357
15/9-F-12 H,5013.0,693436.0,140.0,5153.0,0.0271686396274015,138.327548374227,61.177,79.732,106.593,62.9077,24.0,171.848,331.95879956189157
15/9-F-12 H,2574.0,367958.0,2542.0,5116.0,0.4968725566849101,142.95182595182595,56.667,88.08,107.335,57.139,24.0,211.672,357.3453525105674
15/9-F-12 H,5223.0,744776.0,20.0,5243.0,0.0038146099561319,142.5954432318591,53.859,78.958,106.414,72.56489,24.0,167.896,337.15960272903914
15/9-F-12 H,4842.0,684781.0,385.0,5227.0,0.0736560168356609,141.42523750516315,64.523,81.183,106.979,66.7075,24.0,188.729,338.14566262674634
15/9-F-12 H,2714.0,382646.0,24.0,2738.0,0.0087655222790357,140.98968312453945,77.166,72.053,105.975,40.26979,24.0,162.71,237.17495551645604
15/9-F-12 H,4335.0,608788.0,170.0,4505.0,0.0377358490566037,140.43552479815455,74.75,81.926,106.748,53.76611,24.0,182.179,300.0755062499637
15/9-F-12 H,2551.0,369110.0,3.0,2554.0,0.0011746280344557,144.6922775382203,84.241,70.3,105.961,37.12605,24.0,167.47500000000002,231.59588578472886
15/9-F-12 H,4154.0,581271.0,175.0,4329.0,0.0404250404250404,139.93042850264806,70.577,81.888,106.782,59.24781,24.0,182.656,293.07173384450346
15/9-F-12 H,1870.0,294136.0,4006.0,5876.0,0.6817562968005446,157.29197860962566,45.008,92.071,107.377,74.09559,24.0,230.857,407.0668872746323
15/9-F-12 H,3054.0,461809.0,3.0,3057.0,0.000981354268891,151.21447282252782,96.658,75.81,105.894,31.81838,24.0,172.98699999999997,242.70719604491416
15/9-F-12 H,5145.0,719978.0,0.0,5145.0,0.0,139.9374149659864,69.836,80.53,106.546,60.98591,24.0,179.752,328.94150159115634
15/9-F-12 H,3408.0,494941.0,2499.0,5907.0,0.4230573895378364,145.22916666666666,48.306,84.768,107.391,89.77865,24.0,202.58300000000003,394.95837664648434
15/9-F-12 H,3032.0,445349.0,4.0,3036.0,0.0013175230566534,146.8829155672823,90.503,72.348,106.068,38.32368,24.0,176.96800000000002,243.54266514852637
15/9-F-12 H,3674.296435272045,539765.8536585366,108.06754221388368,3782.363977485929,0.0285714285714285,146.9031862745098,77.955,79.133,106.553,46.0867,10.66,173.077,270.62692381285905
15/9-F-12 H,1846.0,266544.0,3260.0,5106.0,0.6384645515080297,144.39003250270855,59.729,90.242,107.261,51.03961,24.0,223.38300000000004,365.47758939597065
15/9-F-12 H,5276.0,763664.0,40.0,5316.0,0.0075244544770504,144.74298711144806,57.775,79.043,106.505,70.49833,24.0,170.56199999999998,341.122505681257
15/9-F-12 H,5048.0,714501.0,453.0,5501.0,0.0823486638792946,141.54140253565768,61.835,81.322,107.043,70.5235,24.0,190.377,353.3503795638186
15/9-F-12 H,4402.0,629467.0,0.0,4402.0,0.0,142.99568378009997,86.836,78.645,106.618,51.12604,24.0,181.909,292.802296949877
15/9-F-12 H,4545.0,639512.0,1466.0,6011.0,0.2438862086175345,140.7067106710671,52.632,84.671,107.289,81.74401,24.0,198.169,390.441860618744
15/9-F-12 H,5556.0,806596.0,13.0,5569.0,0.0023343508708924,145.17566594672425,71.709,80.947,106.617,60.21567,24.0,178.968,352.29242349546155
15/9-F-12 H,5256.0,735526.0,848.0,6104.0,0.1389252948885976,139.94025875190258,57.879,81.993,107.058,74.12605,24.0,190.261,390.4156016118265
15/9-F-12 H,5115.0,766478.0,1.0,5116.0,0.0001954652071931,149.84907135874877,81.132,79.224,106.262,43.20357,24.0,179.20799999999997,328.1796243361959
15/9-F-12 H,2766.0,371158.0,157.0,2923.0,0.0537119397878891,134.18582791033984,65.869,80.188,106.425,51.23108,24.0,166.373,245.22764333828417
15/9-F-12 H,2257.0,325299.0,2899.0,5156.0,0.5622575640031032,144.12893221089942,61.524,88.181,107.311,51.6851,24.0,219.576,363.09121944962203
15/9-F-12 H,7189.269746646796,1079345.4545454546,14.307004470938898,7203.576751117736,0.0019860973187686,150.1328358208955,81.298,77.772,106.149,42.49382,13.42,178.497,458.3455550998102
15/9-F-12 H,5498.0,758528.0,85.0,5583.0,0.015224789539674,137.964350672972,58.167,81.738,106.659,69.9521,24.0,176.589,353.6393033990439
15/9-F-12 H,2421.0,342119.0,2797.0,5218.0,0.536029129934841,141.3130937629079,65.003,87.072,107.296,50.25268,24.0,214.882,364.1494993180124
15/9-F-12 H,3067.0,446144.0,0.0,3067.0,0.0,145.46592761656342,108.321,75.218,105.911,31.08744,24.0,177.944,242.02082869269572
15/9-F-12 H,4593.0,653794.0,0.0,4593.0,0.0,142.345743522752,93.044,81.071,106.709,50.75903,24.0,187.375,299.8310958194925
15/9-F-12 H,3164.0,486368.0,4.0,3168.0,0.0012626262626262,153.71934260429836,90.772,75.907,105.853,33.39043,24.0,170.40699999999998,246.72501672198698
15/9-F-12 H,4814.0,651353.0,30.0,4844.0,0.0061932287365813,135.30390527627753,55.063,78.825,106.523,68.26886,24.0,168.64800000000002,316.12798502826485
15/9-F-12 H,2641.0,374436.0,2245.0,4886.0,0.459476054031928,141.77811435062478,53.071,87.064,107.299,62.11121,24.0,204.71,344.6929925017469
15/9-F-12 H,4443.0,632394.0,28.0,4471.0,0.0062625810780586,142.33490884537474,65.797,75.954,106.134,54.13522,24.0,164.82,299.3116436154207
15/9-F-12 H,4829.0,675577.0,401.0,5230.0,0.0766730401529636,139.89997929177883,67.387,80.833,106.916,63.9103,24.0,186.924,337.96868794378037
15/9-F-12 H,3320.0,470881.0,11.0,3331.0,0.0033023116181326,141.8316265060241,70.943,77.301,106.063,47.31026,24.0,163.75400000000002,254.10262775071755
15/9-F-12 H,4883.0,687689.0,8.0,4891.0,0.0016356573297894,140.83329920131067,68.169,81.978,106.803,61.7281,24.0,185.038,316.44215213222446
15/9-F-12 H,1975.0,296695.0,2959.0,4934.0,0.5997162545601946,150.2253164556962,52.648,86.723,107.494,56.73823,24.0,215.275,356.14980392634266
15/9-F-12 H,2068.795056642636,288652.5231719876,0.0,2068.795056642636,0.0,139.5268817204301,97.838,71.39,105.97,32.68822,9.71,170.30300000000005,222.16327572868772
15/9-F-12 H,1940.0,358601.0,2660.0,4600.0,0.5782608695652174,184.84587628865967,70.129,87.02,107.153,45.57076,24.0,216.661,340.4910565269824
15/9-F-12 H,2753.0,418499.0,3.0,2756.0,0.001088534107402,152.0156193243734,92.639,75.046,105.787,31.48322,24.0,169.531,234.41117470707405
15/9-F-12 H,4906.0,663644.0,31.0,4937.0,0.0062791168725946,135.27191194455767,57.52,80.293,106.526,67.52922,24.0,171.46699999999998,319.87468872017143
15/9-F-12 H,3404.0,473052.0,2080.0,5484.0,0.3792851932895696,138.96944770857814,45.462,85.64,107.29,97.48131,24.0,201.827,369.2339057277492
15/9-F-12 H,4981.0,728549.0,9.0,4990.0,0.0018036072144288,146.2656093153985,71.474,81.279,106.253,56.72041,24.0,174.78699999999998,321.928697295035
15/9-F-12 H,4801.0,668449.0,210.0,5011.0,0.0419078028337657,139.23120183295146,57.338,80.767,106.74,71.9877,24.0,178.893,326.0493512519518
15/9-F-12 H,5417.0,793712.0,67.0,5484.0,0.012217359591539,146.5224293889607,65.283,79.205,106.586,63.34706,24.0,174.402,349.83382119659507
15/9-F-12 H,5039.523336643495,695775.9682224429,700.695134061569,5740.218470705064,0.1220676769773718,138.06384488058643,62.683,80.278,106.987,69.73197,20.14,189.813,368.0805464449778
15/9-F-12 H,3057.0,442983.0,0.0,3057.0,0.0,144.90775269872424,113.4,73.039,105.879,29.90702,24.0,179.66099999999997,241.60144046855498
15/9-F-12 H,4440.0,628915.0,0.0,4440.0,0.0,141.64752252252254,91.104,81.611,106.651,50.22592,24.0,184.886,293.0954455395174
15/9-F-12 H,3946.0,554371.0,1796.0,5742.0,0.3127830024381748,140.48935631018753,55.92,85.578,107.337,70.8372,24.0,198.626,378.5190673805402
15/9-F-12 H,4299.0,618234.0,0.0,4299.0,0.0,143.80879274249827,85.551,78.58,106.59,50.83468,24.0,179.62600000000003,288.61689726998316
15/9-F-12 H,4628.0,645711.0,1316.0,5944.0,0.2213997308209959,139.52268798617112,54.353,81.188,107.205,75.19635,24.0,191.418,385.87334438996396
15/9-F-12 H,3186.0,466621.0,7.0,3193.0,0.0021922956467272,146.45982423101069,93.175,77.235,106.07,41.65428,24.0,172.558,247.2367956488292
15/9-F-12 H,3444.0,481045.0,156.0,3600.0,0.0433333333333333,139.67624854819977,70.349,77.873,106.433,48.35743,24.0,167.40999999999997,265.8995204660615
15/9-F-12 H,1802.0,259638.0,3022.0,4824.0,0.6264510779436152,144.0832408435072,59.322,88.56,107.292,51.30265,24.0,223.243,352.33073988025336
15/9-F-12 H,4822.468085106383,717497.8723404255,10.212765957446807,4832.68085106383,0.0021132713440405,148.78229563744176,81.984,78.968,106.208,40.89223,23.5,177.666,313.9193953789762
15/9-F-12 H,5123.0,684149.0,136.0,5259.0,0.0258604297394942,133.5446027718134,48.357,80.804,106.59,85.997,24.0,171.008,337.67930524209595
15/9-F-12 H,2343.0,334433.0,3005.0,5348.0,0.5618922961854899,142.73708920187792,60.127,88.592,107.361,52.79158,24.0,219.072,372.1488577413067
15/9-F-12 H,3157.0,467466.0,1.0,3158.0,0.0003166561114629,148.072853975293,100.124,74.678,105.915,32.01249,24.0,174.669,245.7517760295556
15/9-F-12 H,4218.0,588505.0,0.0,4218.0,0.0,139.52228544333806,82.59,79.133,105.868,51.37017,24.0,179.016,285.1127916601626
15/9-F-12 H,3848.0,537024.0,2121.0,5969.0,0.355335902161166,139.55925155925155,49.463,85.456,107.293,80.07827,24.0,197.695,393.76209605039065
15/9-F-12 H,4886.0,741920.0,9.0,4895.0,0.0018386108273748,151.84609087187883,81.264,80.581,72.715,42.15901,24.0,216.382,317.08282580588093
15/9-F-12 H,5011.0,692348.0,139.0,5150.0,0.0269902912621359,138.1656356016763,61.428,80.26,106.597,62.72837,24.0,172.118,331.5911495902615
15/9-F-12 H,2549.0,364275.0,2796.0,5345.0,0.5231057062675397,142.90898391526088,57.248,88.235,107.331,56.29031,24.0,212.193,369.86695381886153
15/9-F-12 H,5142.713567839196,733588.9447236181,13.06532663316583,5155.778894472362,0.0025341130604288,142.64627711549736,54.581,78.507,106.418,70.34545,23.88,167.62900000000002,332.61586856195305
15/9-F-12 H,4179.130434782609,588889.0434782609,345.39130434782606,4524.521739130435,0.0763376383763837,140.9118601747815,70.956,78.438,106.92,58.02438,23.0,187.479,304.65818182176156
15/9-F-12 H,2664.0,377858.0,23.0,2687.0,0.0085597320431708,141.83858858858858,78.446,69.858,105.95,39.72026,24.0,162.291,236.0422207960456
15/9-F-12 H,4339.0,607253.0,327.0,4666.0,0.0700814402057436,139.95229315510483,74.612,81.066,106.746,54.01077,24.0,181.98800000000003,309.490851247106
15/9-F-12 H,3606.0,515386.0,4.0,3610.0,0.0011080332409972,142.92457016084305,79.232,76.726,106.015,44.88508,24.0,166.584,262.81655580793637
15/9-F-12 H,3306.0,460548.0,107.0,3413.0,0.0313507178435394,139.30671506352087,80.124,81.533,106.673,49.25344,24.0,179.931,256.95059185693873
15/9-F-12 H,1626.058631921824,247633.3178222429,3764.72778036296,5390.786412284784,0.6983633726952558,152.290521978022,49.223,90.227,107.34,64.4609,21.49,230.199,383.276264779438
15/9-F-12 H,2752.0,426345.0,3.0,2755.0,0.0010889292196007,154.921875,92.326,74.864,105.783,31.51978,24.0,169.28400000000002,234.29218687703346
15/9-F-12 H,4845.0,653196.0,33.0,4878.0,0.0067650676506765,134.81857585139318,58.431,78.879,106.508,65.61035,24.0,170.31,317.29668199778496
15/9-F-12 H,2969.0,412428.0,2347.0,5316.0,0.441497366440933,138.91141798585383,44.876,86.308,107.281,99.89162,24.0,201.529,364.2966142629892
15/9-F-12 H,4450.0,647513.0,8.0,4458.0,0.0017945266935845,145.5085393258427,75.738,80.184,106.212,52.22903,24.0,173.022,296.54519322463267
15/9-F-12 H,4794.0,666778.0,192.0,4986.0,0.0385078219013237,139.08594075928244,57.489,80.523,106.745,71.8217,24.0,179.135,324.6511065562988
15/9-F-12 H,5472.0,797068.0,65.0,5537.0,0.0117392089579194,145.66301169590642,65.769,78.289,106.592,63.3727,24.0,174.619,352.7455707619954
15/9-F-12 H,5347.0,739005.0,701.0,6048.0,0.1159060846560846,138.2092762296615,57.651,81.747,107.026,76.15446,24.0,190.202,385.5658137253577
15/9-F-12 H,3030.0,423809.0,0.0,3030.0,0.0,139.87095709570957,113.106,71.737,105.883,30.49301,24.0,179.43400000000003,241.22763825986166
15/9-F-12 H,3876.0,553168.0,0.0,3876.0,0.0,142.71620227038184,100.954,76.216,106.523,41.98632,24.0,182.571,270.2488834455253
15/9-F-12 H,4037.0,566968.0,1856.0,5893.0,0.3149499406075004,140.44290314590043,55.468,85.68,107.342,72.83685,24.0,199.481,386.95268773642147
15/9-F-12 H,4275.421166306695,615649.2440604751,0.0,4275.421166306695,0.0,143.99733268671193,87.067,77.342,106.581,47.84756,23.15,179.596,287.7481625335598
15/9-F-12 H,4587.0,643438.0,1321.0,5908.0,0.223595125253893,140.27425332461303,54.107,81.62,107.216,75.25085,24.0,191.654,384.01579098741763
15/9-F-12 H,3183.0,466633.0,7.0,3190.0,0.0021943573667711,146.60163367891926,93.227,77.007,106.07,41.6589,24.0,172.53,247.1790569955854
15/9-F-12 H,3714.0,523126.0,152.0,3866.0,0.0393171236420072,140.85245018847604,67.854,79.931,106.491,50.79347,24.0,168.12900000000002,275.1901609212279
15/9-F-12 H,1793.0,258421.0,3033.0,4826.0,0.628470783257356,144.12771890686005,59.325,88.125,107.288,51.15669,24.0,223.288,352.5955348135379
15/9-F-12 H,5038.0,750094.0,15.0,5053.0,0.002968533544429,148.88725684795554,80.459,80.738,106.219,42.8308,24.0,178.303,324.62453791306825
15/9-F-12 H,3422.0,457373.0,99.0,3521.0,0.0281170122124396,133.65663354763296,67.242,79.183,106.429,49.61657,24.0,166.56799999999998,262.1931003909069
15/9-F-12 H,2348.0,335066.0,2997.0,5345.0,0.560710944808232,142.70272572402044,60.184,89.105,107.356,52.84019,24.0,218.978,371.8613921858247
15/9-F-12 H,3192.0,458447.0,1.0,3193.0,0.0003131850923896,143.6237468671679,99.574,75.356,105.916,32.08725,24.0,174.498,246.87657428912217
15/9-F-12 H,4441.0,620587.0,0.0,4441.0,0.0,139.740373789687,79.404,81.401,106.546,53.82318,24.0,180.48200000000003,294.40030059789666
15/9-F-12 H,3828.0,533776.0,2134.0,5962.0,0.3579335793357933,139.43991640543365,48.943,86.047,107.285,80.64186,24.0,197.623,393.4068088829337
15/9-F-12 H,5013.0,759589.0,10.0,5023.0,0.0019908421262193,151.52383802114502,80.171,80.78,39.554,43.10056,24.0,177.029,323.530310333959
15/9-F-12 H,5031.0,693070.0,143.0,5174.0,0.0276381909547738,137.75988869012124,61.596,80.626,106.602,62.64841,24.0,172.481,332.6492548224576
15/9-F-12 H,2521.0,361268.0,2667.0,5188.0,0.514070932922128,143.30345101150337,57.915,88.132,107.325,55.33312,24.0,212.605,361.756294322353
15/9-F-12 H,4663.531984691088,663142.7009294697,963.149261891744,5626.681246582832,0.1711753731343283,142.19752391671358,60.374,72.884,106.338,60.75193,18.29,167.70000000000002,367.50088565775985
15/9-F-12 H,4847.0,685493.0,401.0,5248.0,0.0764100609756097,141.42624303693006,64.416,82.191,106.981,66.73044,24.0,188.952,339.1262235956456
15/9-F-12 H,2653.0,375510.0,11.0,2664.0,0.0041291291291291,141.54165096117603,78.708,70.996,105.951,39.54749,24.0,162.37,234.91898184903945
15/9-F-12 H,4333.0,605896.0,341.0,4674.0,0.0729567821994009,139.83291022386337,74.64,79.05,106.747,54.00859,24.0,181.849,310.5019884842566
15/9-F-12 H,3094.993234100135,440644.11366711766,4.330175913396482,3099.3234100135314,0.0013971358714635,142.37320741518013,79.549,72.974,105.994,41.21113,22.17,166.338,246.63015693907977
15/9-F-12 H,4207.0,586031.0,14.0,4221.0,0.0033167495854063,139.2990254338008,79.161,79.669,106.682,50.39086,24.0,180.145,285.70341695136653
15/9-F-12 H,987.5598086124404,141548.3253588517,2216.2679425837323,3203.8277511961724,0.6917562724014338,143.33139534883722,56.237,69.864,106.979,39.1369,4.18,238.42300000000003,300.589414543529
15/9-F-12 H,2737.0,422379.0,2.0,2739.0,0.0007301935012778,154.32188527584947,92.169,74.25,105.777,31.48301,24.0,168.94600000000003,233.9982086410433
15/9-F-12 H,4161.9335347432025,574520.8459214501,96.33146309883467,4258.264997842037,0.0226222330333252,138.04181184668988,65.78,77.299,106.424,54.94723,23.17,169.412,290.468359709204
15/9-F-12 H,2950.0,411157.0,2517.0,5467.0,0.460398756173404,139.37525423728815,44.708,85.976,107.268,99.92831,24.0,200.746,373.0230149734371
15/9-F-12 H,2050.0,290174.0,4.0,2054.0,0.0019474196689386,141.54829268292684,94.166,73.216,105.985,34.9762,24.0,168.54200000000003,222.02318710436487
15/9-F-12 H,4795.0,666528.0,209.0,5004.0,0.0417665867306155,139.00479666319083,57.482,79.367,106.749,71.83196,24.0,179.438,326.0268288336751
15/9-F-12 H,5497.0,800167.0,68.0,5565.0,0.0122192273135669,145.56430780425686,65.781,80.293,106.598,63.35065,24.0,175.33599999999998,353.69735600362
15/9-F-12 H,5356.0,743749.0,527.0,5883.0,0.0895801461839197,138.8627707244212,56.958,81.524,107.031,77.30219,24.0,190.14,374.9315254631183
15/9-F-12 H,2948.5424588086184,403354.1191381496,0.0,2948.5424588086184,0.0,136.7977991746905,113.079,72.327,105.882,29.63448,23.67,179.28300000000002,238.87818551755376
15/9-F-12 H,4536.0,643689.0,0.0,4536.0,0.0,141.90674603174602,91.666,81.769,106.662,50.3375,24.0,185.646,297.23269508282476
15/9-F-12 H,3994.0,562626.0,1850.0,5844.0,0.3165639972621492,140.86780170255383,55.218,85.78,107.348,72.93807,24.0,200.177,384.3965192421555
15/9-F-12 H,4409.7972972972975,680134.4594594595,0.0,4409.7972972972975,0.0,154.23259020914733,86.169,76.235,106.578,49.86984,23.68,180.254,294.9059973520118
15/9-F-12 H,4563.0,641683.0,1318.0,5881.0,0.2241115456555007,140.62743808897656,53.995,81.371,107.224,75.24938,24.0,191.871,382.66028756893024
15/9-F-12 H,3167.0,465212.0,8.0,3175.0,0.00251968503937,146.89359014840542,93.245,77.575,106.069,41.65539,24.0,172.603,246.60457312708638
15/9-F-12 H,3721.0,525946.0,128.0,3849.0,0.0332553910106521,141.3453372749261,68.674,78.784,106.507,50.82119,24.0,168.26,274.33922796567276
15/9-F-12 H,1784.0,257663.0,3060.0,4844.0,0.6317093311312965,144.429932735426,59.226,89.636,107.283,51.13662,24.0,223.42200000000005,353.45345225766914
15/9-F-12 H,5147.0,769091.0,11.0,5158.0,0.0021326095385808,149.42510200116573,79.815,79.341,106.234,42.81797,24.0,178.61399999999998,330.52105361002344
15/9-F-12 H,3345.0,448830.0,95.0,3440.0,0.0276162790697674,134.17937219730942,69.4,78.426,106.387,47.67041,24.0,165.816,259.37722923930886
15/9-F-12 H,2329.0,333877.0,2963.0,5292.0,0.559901738473167,143.35637612709317,60.778,88.976,107.345,52.34248,24.0,218.907,369.2855361785363
15/9-F-12 H,3172.0,458028.0,1.0,3173.0,0.0003151591553734,144.3972257250946,99.172,75.319,105.915,32.07839,24.0,174.28400000000002,246.28131709994915
15/9-F-12 H,4438.0,619261.0,0.0,4438.0,0.0,139.5360522757999,78.506,81.137,106.521,53.94449,24.0,179.63699999999997,294.42176182343064
15/9-F-12 H,3454.0,482477.0,1878.0,5332.0,0.3522130532633158,139.68645049218298,48.837,85.359,107.276,80.91718,24.0,197.187,359.85948729130314
15/9-F-12 H,5018.0,760577.0,8.0,5026.0,0.001591723040191,151.5697489039458,80.22,80.85,106.082,43.12246,24.0,177.92600000000002,323.6418805515455
15/9-F-12 H,5037.0,691705.0,139.0,5176.0,0.0268547140649149,137.32479650585665,61.67,81.262,106.606,62.39298,24.0,173.00099999999998,332.4423166431708
15/9-F-12 H,2504.0,361753.0,2657.0,5161.0,0.5148227087773687,144.47004792332268,58.428,88.311,107.324,54.84136,24.0,212.945,360.54917216522983
15/9-F-12 H,5034.0,721489.0,683.0,5717.0,0.1194682525800244,143.32320222487087,56.05,78.064,106.423,67.74944,24.0,167.58999999999995,369.2158923432031
15/9-F-12 H,4841.0,683921.0,380.0,5221.0,0.0727829917640298,141.27680231357158,64.217,81.627,106.985,67.05327,24.0,188.86900000000003,337.67984536517895
15/9-F-12 H,3421.0,489182.0,36.0,3457.0,0.0104136534567544,142.99386144402223,72.054,74.773,106.046,46.54652,24.0,162.71699999999998,259.23870643684575
15/9-F-12 H,4324.0,605509.0,313.0,4637.0,0.0675005391416864,140.0344588344126,74.605,78.996,106.75,54.01376,24.0,181.861,308.52174448726305
15/9-F-12 H,3735.8119190814655,532695.0246036085,15.746309458720614,3751.558228540186,0.0041972717733473,142.59149982437654,76.257,77.701,106.039,45.30538,18.29,166.233,268.2716323956407
15/9-F-12 H,4199.0,585044.0,15.0,4214.0,0.0035595633602278,139.3293641343177,79.208,79.519,106.681,50.40794,24.0,180.276,285.46272556294275
15/9-F-12 H,911.8773946360152,134193.10344827586,2209.9616858237546,3121.83908045977,0.7079037800687286,147.16134453781513,63.85,85.038,107.125,37.78182,15.66,230.579,298.19129528765313
15/9-F-12 H,4753.0,642694.0,34.0,4787.0,0.0071025694589513,135.21859877971806,58.525,78.687,106.49,64.50499,24.0,169.587,313.1178158439684
15/9-F-12 H,2903.0,415792.0,2483.0,5386.0,0.461010025993316,143.2283844299001,44.401,86.335,107.255,99.96237,24.0,199.801,369.3221839593971
15/9-F-12 H,2059.0,291280.0,4.0,2063.0,0.001938923897237,141.4667314230209,95.056,72.898,105.972,34.90242,24.0,168.997,222.0965203599736
15/9-F-12 H,4788.0,666189.0,204.0,4992.0,0.0408653846153846,139.13721804511275,57.56,81.437,106.751,71.87884,24.0,179.557,324.83449136513485
15/9-F-12 H,5513.0,801713.0,14.0,5527.0,0.0025330197213678,145.42227462361691,66.415,80.225,106.602,63.08526,24.0,175.56099999999998,350.96871728446996
15/9-F-12 H,5154.0,715681.0,605.0,5759.0,0.1050529605834346,138.8593325572371,58.311,82.564,107.025,73.54937,24.0,189.755,368.27110249027635
15/9-F-12 H,2935.799207397622,399595.2443857332,0.0,2935.799207397622,0.0,136.1112311015119,112.603,69.597,105.849,28.95718,15.14,179.485,239.09888376456354
15/9-F-12 H,4498.0,636959.0,0.0,4498.0,0.0,141.60938194753223,91.856,82.106,106.666,50.28252,24.0,185.85,295.4168430775894
15/9-F-12 H,3534.6382978723404,507565.2765957447,1626.893617021277,5161.531914893617,0.315195884447962,143.59751516902628,59.603,84.925,107.33,65.90551,23.5,199.994,348.90529690712015
15/9-F-12 H,4499.0,646278.0,0.0,4499.0,0.0,143.6492553900867,84.726,79.716,106.599,51.99413,24.0,180.73,297.1200479574144
15/9-F-12 H,4011.0,585272.0,1131.0,5142.0,0.219953325554259,145.916728995263,54.829,81.245,107.225,74.02601,24.0,191.888,343.8714458153142
15/9-F-12 H,3149.0,463103.0,7.0,3156.0,0.0022179974651457,147.0635122261035,93.323,77.651,106.07,41.66181,24.0,172.52300000000002,245.9583687338884
15/9-F-12 H,3682.0,521504.0,147.0,3829.0,0.0383912248628884,141.63606735469853,69.713,78.921,106.515,50.32011,24.0,168.63,273.78817182773815
15/9-F-12 H,1863.0,269011.0,3224.0,5087.0,0.6337723609199921,144.3966720343532,59.207,89.748,107.281,51.13623,24.0,223.445,364.3814170142575
15/9-F-12 H,5115.0,765622.0,10.0,5125.0,0.0019512195121951,149.68172043010753,80.054,80.478,106.24,43.44097,24.0,178.795,328.50802576874156
15/9-F-12 H,3394.0,455038.0,113.0,3507.0,0.0322212717422298,134.07130229817324,68.611,79.142,106.39,48.19588,24.0,166.106,261.8621157899205
15/9-F-12 H,2314.0,332298.0,2957.0,5271.0,0.5609941187630431,143.60328435609335,61.378,88.524,107.337,51.92502,24.0,218.77500000000003,368.38814532853166
15/9-F-12 H,3160.0,466335.0,1.0,3161.0,0.000316355583676,147.5743670886076,98.793,75.353,105.913,32.0607,24.0,174.08799999999997,245.86392409097746
15/9-F-12 H,4418.0,605817.0,0.0,4418.0,0.0,137.12471706654594,77.545,80.729,106.494,53.95206,24.0,178.769,293.55159771268916
15/9-F-12 H,3413.0,483316.0,2066.0,5479.0,0.3770761087789742,141.61031350717843,48.428,85.166,107.269,81.15679,24.0,197.054,369.0388141517841
15/9-F-12 H,5019.0,760297.0,20.0,5039.0,0.0039690414764834,151.48376170551902,80.202,81.048,106.145,43.09233,24.0,178.13100000000003,324.37427871271166
15/9-F-12 H,4796.0,658095.0,132.0,4928.0,0.0267857142857142,137.2174728940784,64.652,80.818,106.589,58.77508,24.0,172.35500000000002,319.95313983425166
15/9-F-12 H,2500.0,357574.0,2595.0,5095.0,0.5093228655544652,143.0296,58.508,88.344,107.328,54.86861,24.0,213.407,357.0000119783532
15/9-F-12 H,4831.0,687856.0,95.0,4926.0,0.0192854242793341,142.3837714758849,59.56,77.165,106.395,62.84763,24.0,166.524,321.7563394973818
15/9-F-12 H,4386.976744186047,621323.1627906977,351.6279069767442,4738.604651162791,0.0742049469964664,141.62900763358778,68.732,80.557,106.937,60.94299,21.5,187.886,314.0402928678983
15/9-F-12 H,3363.0,479918.0,23.0,3386.0,0.0067926757235676,142.70532262860542,72.491,73.334,106.061,45.94962,24.0,162.78500000000005,256.85588668781736
15/9-F-12 H,4766.958698372966,656632.7909887359,339.42428035043804,5106.382978723404,0.0664705882352941,137.74669187145557,71.569,80.046,106.789,53.89996,7.99,183.063,330.50244780357474
15/9-F-12 H,3653.0,520319.0,14.0,3667.0,0.0038178347422961,142.43607993430058,75.441,77.734,106.048,46.17862,24.0,165.771,265.2188194828004
15/9-F-12 H,4323.0,602914.0,10.0,4333.0,0.0023078698361412,139.46657413832986,79.128,80.919,106.682,50.39779,24.0,180.53500000000005,290.03967364542024
15/9-F-12 H,2730.0,474459.0,94.0,2824.0,0.0332861189801699,173.7945054945055,91.578,73.696,105.769,30.81425,24.0,168.549,237.93286532980684
15/9-F-12 H,4790.0,645291.0,37.0,4827.0,0.0076652164905738,134.71628392484342,57.693,78.644,106.491,65.471,24.0,169.291,315.0741570746402
15/9-F-12 H,2516.0,359254.0,2235.0,4751.0,0.470427278467691,142.78775834658188,53.35,85.007,107.173,70.81062,24.0,199.488,339.7082337908758
15/9-F-12 H,2080.0,294694.0,4.0,2084.0,0.0019193857965451,141.6798076923077,95.885,70.991,105.974,34.9779,24.0,169.183,222.57473117708534
15/9-F-12 H,4817.0,670318.0,211.0,5028.0,0.0419649960222752,139.15673655802365,57.442,79.887,106.757,72.3648,24.0,179.885,327.1068221950674
15/9-F-12 H,5508.0,800808.0,14.0,5522.0,0.0025353132922854,145.38997821350762,67.024,80.917,106.603,62.44119,24.0,175.98,350.3950784387135
15/9-F-12 H,5064.0,703200.0,661.0,5725.0,0.1154585152838428,138.86255924170615,58.907,83.115,107.021,72.07573,24.0,189.623,366.7208365038293
15/9-F-12 H,3127.0,442808.0,0.0,3127.0,0.0,141.60793092420852,111.187,73.193,105.906,30.79962,24.0,179.35499999999996,244.02365722284696
15/9-F-12 H,4487.0,639993.0,0.0,4487.0,0.0,142.6327167372409,92.077,81.913,106.67,50.32883,24.0,185.925,295.0592267558353
15/9-F-12 H,3991.0,568508.0,1940.0,5931.0,0.327094924970494,142.44750689050363,55.582,85.346,107.356,72.29625,24.0,200.794,390.1484719857654
15/9-F-12 H,4473.0,653051.0,0.0,4473.0,0.0,145.9984350547731,85.185,79.979,106.605,51.80502,24.0,180.892,296.0879405389138
15/9-F-12 H,4441.0,637971.0,1254.0,5695.0,0.2201931518876207,143.65480747579377,54.24,81.813,107.242,75.26627,24.0,192.922,372.53136010698273
15/9-F-12 H,3149.0,471104.0,7.0,3156.0,0.0022179974651457,149.60431883137505,93.299,77.555,106.069,41.66942,24.0,172.552,245.91707609876158
15/9-F-12 H,3689.0,523260.0,167.0,3856.0,0.0433091286307053,141.84331797235023,70.213,79.146,106.526,50.37799,24.0,169.21200000000002,275.0346435699901
15/9-F-12 H,1865.0,269480.0,3238.0,5103.0,0.6345287086027827,144.49329758713137,59.239,89.788,107.279,51.21449,24.0,223.414,365.15855354000644
15/9-F-12 H,5124.0,766123.0,12.0,5136.0,0.0023364485981308,149.51658860265417,80.106,80.874,106.246,42.54713,24.0,179.01800000000003,328.95063033018823
15/9-F-12 H,3400.0,455482.0,99.0,3499.0,0.0282937982280651,133.96529411764706,68.679,79.093,106.388,48.19972,24.0,166.06,261.3329594349549
15/9-F-12 H,2313.0,327536.0,2953.0,5266.0,0.5607671857197114,141.60657155209685,61.754,88.661,107.327,51.38472,24.0,218.888,367.96645010055937
15/9-F-12 H,3153.0,468480.0,1.0,3154.0,0.0003170577045022,148.58230256898193,98.402,74.812,105.913,32.12839,24.0,173.83500000000004,245.7678352828234
15/9-F-12 H,4353.0,607634.0,0.0,4353.0,0.0,139.58970824718585,76.654,80.408,106.47,53.98404,24.0,177.822,291.1634793659324
15/9-F-12 H,3406.0,481386.0,1954.0,5360.0,0.3645522388059701,141.33470346447444,48.467,84.999,107.28,81.33351,24.0,197.395,362.26079869588324
15/9-F-12 H,3629.0,514832.0,5.0,3634.0,0.0013758943313153,141.86607880958942,74.654,77.639,106.049,46.37669,24.0,165.249,263.963371804809
15/9-F-12 H,4685.0,655592.0,15.0,4700.0,0.0031914893617021,139.9342582710779,72.772,81.855,106.744,57.02165,24.0,182.908,306.8911000374715
15/9-F-12 H,1879.691516709512,272055.5269922879,2960.4113110539847,4840.102827763496,0.6116422349691949,144.73413566739603,59.071,81.965,107.344,48.95261,23.34,215.466,352.7735390388641
15/9-F-12 H,2728.0,480457.0,4.0,2732.0,0.0014641288433382,176.12060117302053,91.778,74.271,105.781,31.49891,24.0,168.745,232.9242937721873
15/9-F-12 H,4814.0,649841.0,40.0,4854.0,0.0082406262875978,134.98982135438305,56.618,78.836,106.494,66.64976,24.0,169.24,316.49502144802227
15/9-F-12 H,2154.0,297182.0,2015.0,4169.0,0.4833293355720796,137.96750232126277,58.768,82.673,107.112,51.24173,24.0,199.526,316.55053723174365
15/9-F-12 H,2090.0,293955.0,4.0,2094.0,0.0019102196752626,140.64832535885168,96.513,70.819,105.982,34.97059,24.0,169.561,222.7431921653445
15/9-F-12 H,4951.0,688051.0,216.0,5167.0,0.0418037545964776,138.972126843062,56.308,80.653,106.773,74.91145,24.0,180.571,333.94698420044637
15/9-F-12 H,5491.0,799405.0,14.0,5505.0,0.0025431425976385,145.58459297031507,68.083,80.193,106.605,62.03865,24.0,175.836,349.581057941157
15/9-F-12 H,5165.0,723179.0,622.0,5787.0,0.1074822878866424,140.01529525653436,58.844,82.442,107.027,72.52885,24.0,189.673,370.21246361734455
15/9-F-12 H,3046.0,439178.0,0.0,3046.0,0.0,144.18187787261982,111.45,73.108,105.896,30.68344,24.0,178.75800000000004,241.49053418714286
15/9-F-12 H,4402.909090909091,629030.1818181818,0.0,4402.909090909091,0.0,142.86694747274527,96.789,77.045,106.619,45.39998,22.0,184.84500000000003,291.99593871084045
15/9-F-12 H,4265.513513513513,606304.8648648649,1803.243243243244,6068.756756756757,0.2971355280034203,142.1411192214112,55.653,81.95,106.128,69.43099,18.5,199.055,397.1471294346208
15/9-F-12 H,4495.0,644233.0,0.0,4495.0,0.0,143.3221357063404,85.484,79.341,106.616,51.79489,24.0,181.09900000000005,296.90936461348804
15/9-F-12 H,4597.0,642489.0,1343.0,5940.0,0.2260942760942761,139.76267130737438,54.568,83.542,107.226,75.26082,24.0,194.19,385.32827540112055
15/9-F-12 H,3163.0,460619.0,7.0,3170.0,0.0022082018927444,145.62725260828327,93.466,76.641,106.07,41.69731,24.0,172.445,246.6206118174571
15/9-F-12 H,3737.0,529699.0,164.0,3901.0,0.042040502435273,141.74444741771475,70.53,80.067,106.537,49.25679,24.0,170.009,276.4279920933545
15/9-F-12 H,1865.0,269234.0,3248.0,5113.0,0.6352434969685117,144.36139410187667,59.366,89.574,107.279,51.26635,24.0,223.35400000000004,365.6720713286506
15/9-F-12 H,5135.0,767515.0,12.0,5147.0,0.002331455216631,149.46738072054526,80.39,80.024,106.252,43.48804,24.0,178.92400000000004,329.7070638133776
15/9-F-12 H,3234.0,432800.0,92.0,3326.0,0.0276608538785327,133.82807668521954,68.901,78.462,106.387,48.23377,24.0,165.82299999999998,255.69763104348272
15/9-F-12 H,2284.0,328557.0,2857.0,5141.0,0.5557284574985412,143.8515761821366,61.782,88.985,107.317,51.19494,24.0,218.827,361.8514159068253
15/9-F-12 H,3131.0,406562.0,1.0,3132.0,0.0003192848020434,129.85052698818268,98.039,74.959,105.91,32.0421,24.0,173.64500000000004,245.63445445153826
15/9-F-12 H,4147.016706443914,591133.1742243436,0.0,4147.016706443914,0.0,142.54419889502762,81.691,76.922,106.437,45.01147,4.19,175.439,283.02296795610476
15/9-F-12 H,3426.0,484059.0,2028.0,5454.0,0.3718371837183718,141.28984238178634,48.394,84.933,107.294,82.18329,24.0,197.995,367.4674418929098
15/9-F-12 H,3390.0,509448.0,14.0,3404.0,0.0041128084606345,150.27964601769912,76.299,76.404,106.013,44.14644,24.0,164.537,256.1685346587036
15/9-F-12 H,5058.0,708322.0,19.0,5077.0,0.0037423675398857,140.03993673388692,66.634,81.006,106.825,63.73268,24.0,185.085,326.03045570742364
15/9-F-12 H,2119.0,309891.0,3303.0,5422.0,0.6091848026558465,146.24398301085418,55.091,88.24,107.508,54.7847,24.0,211.99,379.12862416369813
15/9-F-12 H,2747.0,481823.0,4.0,2751.0,0.0014540167211922,175.39970877320712,92.24,73.417,105.794,31.41246,24.0,168.901,233.60018985092137
15/9-F-12 H,4856.0,652521.0,36.0,4892.0,0.0073589533932951,134.374176276771,55.713,78.948,106.496,68.00776,24.0,168.984,318.24283859994364
15/9-F-12 H,1635.0,233630.0,1524.0,3159.0,0.4824311490978157,142.89296636085626,66.61,72.608,106.994,38.1281,24.0,203.149,283.1558870155552
15/9-F-12 H,2093.0,293974.0,4.0,2097.0,0.0019074868860276,140.4558050645007,96.966,72.574,105.997,34.93069,24.0,170.10500000000002,222.43882080646242
15/9-F-12 H,4573.552537526804,638717.3695496783,483.77412437455325,5057.3266619013575,0.0956580732700135,139.65453863465868,58.484,77.909,106.724,55.68201,13.99,186.677,332.13804979947327
15/9-F-12 H,5497.0,799580.0,20.0,5517.0,0.0036251586006887,145.45752228488266,68.637,80.275,106.606,61.7554,24.0,176.184,350.17260023974507
15/9-F-12 H,3047.0,446905.0,0.0,3047.0,0.0,146.67049556941254,110.934,72.308,105.902,30.92304,24.0,178.602,241.65172048897273
15/9-F-12 H,4422.0,630101.0,0.0,4422.0,0.0,142.49231117141565,93.753,81.262,106.67,49.45753,24.0,186.115,292.16020542962036
15/9-F-12 H,3487.252412392077,502367.9024885729,2599.8984255967493,6087.150837988826,0.4271125350420504,144.0583711988815,64.725,79.433,107.266,59.27711,19.69,199.66,404.8043777067425
15/9-F-12 H,4425.0,635969.0,0.0,4425.0,0.0,143.7218079096045,86.237,79.372,106.618,51.38528,24.0,181.143,293.76849603665755
15/9-F-12 H,4067.552507501072,583570.3386198028,1168.6240891555938,5236.176596656665,0.2231827111984283,143.46965098634294,61.328,81.025,107.177,64.59806,23.33,192.611,347.9029424756913
15/9-F-12 H,3145.0,461623.0,7.0,3152.0,0.0022208121827411,146.77996820349762,93.575,76.676,106.071,41.6702,24.0,172.447,246.0093561962557
15/9-F-12 H,3719.0,529145.0,164.0,3883.0,0.0422353850115889,142.28152729228287,71.263,80.235,106.546,50.29896,24.0,170.435,275.6555923792652
15/9-F-12 H,1857.0,268110.0,3251.0,5108.0,0.6364526233359437,144.37802907915994,59.212,90.003,107.276,51.26407,24.0,223.608,365.48453194397183
15/9-F-12 H,6417.687934301958,968982.9437776374,15.161086544535692,6432.849020846494,0.0023568230025925,150.98629813371133,81.195,79.571,106.248,42.24035,15.83,178.765,405.11078228866296
15/9-F-12 H,2864.0,387729.0,78.0,2942.0,0.0265125764785859,135.3802374301676,68.97,77.883,106.387,48.31041,24.0,165.77,244.00893168437793
15/9-F-12 H,2282.0,326332.0,2863.0,5145.0,0.5564625850340136,143.00262927256793,61.709,89.159,107.315,51.25849,24.0,219.016,362.01613620602365
15/9-F-12 H,3080.213903743316,363660.9625668449,6.4171122994652405,3086.6310160427806,0.002079002079002,118.06354166666668,97.897,75.26,105.907,30.92542,7.48,173.522,244.84192526491265
15/9-F-12 H,3525.0,497798.0,2180.0,5705.0,0.3821209465381244,141.21929078014185,47.862,84.317,107.31,86.566,24.0,198.789,381.338099478021
15/9-F-12 H,5053.0,766791.0,20.0,5073.0,0.0039424403705893,151.7496536710865,79.961,80.947,106.161,43.38664,24.0,178.35499999999996,326.2124241175604
15/9-F-12 H,4912.0,674399.0,136.0,5048.0,0.0269413629160063,137.29621335504885,64.443,80.934,106.528,60.24002,24.0,173.363,325.8083099811257
15/9-F-12 H,2476.0,353860.0,2847.0,5323.0,0.5348487694908886,142.91599353796445,59.135,88.079,107.339,54.61929,24.0,214.555,369.4223005179562
15/9-F-12 H,5146.0,739602.0,21.0,5167.0,0.0040642539191019,143.7236688690245,55.114,78.622,106.453,70.48449,24.0,168.21099999999998,333.374301802834
15/9-F-12 H,4881.0,692848.0,416.0,5297.0,0.078535019822541,141.9479614833026,64.531,79.862,106.994,67.09705,24.0,188.22,342.48348788043575
15/9-F-12 H,3683.52,525633.6,12.48,3696.0,0.0033766233766233,142.69872296064634,70.284,75.274,106.112,47.94442,25.0,163.38099999999997,267.3484443491199
15/9-F-12 H,4307.0,602824.0,357.0,4664.0,0.0765437392795883,139.9637798931971,77.127,82.33,106.786,52.15134,24.0,183.577,309.22734027386775
15/9-F-12 H,3576.0,507354.0,19.0,3595.0,0.0052851182197496,141.8775167785235,73.086,76.391,106.048,46.80728,24.0,164.527,263.2673743331561
15/9-F-12 H,5037.119113573407,707392.7977839335,22.1606648199446,5059.279778393352,0.0043802014892685,140.43598768147822,66.459,82.988,106.843,62.92036,10.83,185.489,324.7178587501333
15/9-F-12 H,2029.1756581786792,297489.1670263271,3147.863616745792,5177.039274924471,0.6080432172869147,146.60592138846349,55.694,88.013,107.471,51.51316,23.17,212.815,367.35727338830276
15/9-F-12 H,2986.466165413534,527557.894736842,4.511278195488722,2990.9774436090224,0.0015082956259426,176.64954682779452,90.712,75.758,105.816,31.48973,15.96,169.70499999999998,240.52261139614387
15/9-F-12 H,4871.0,656677.0,47.0,4918.0,0.0095567303782025,134.8135906384726,54.918,78.95,106.498,69.10177,24.0,168.849,319.77248183311804
15/9-F-12 H,2508.0,355952.0,2251.0,4759.0,0.4729985291027527,141.92663476874003,53.952,86.067,107.222,58.72166,24.0,201.001,339.99670048995813
15/9-F-12 H,2084.0,295565.0,40.0,2124.0,0.0188323917137476,141.82581573896354,97.253,72.262,105.993,34.77368,24.0,170.23400000000004,223.88282266660548
15/9-F-12 H,4199.437675726335,594265.4170571696,274.4142455482662,4473.851921274601,0.0613373554550025,141.51071237279058,71.062,78.766,106.622,55.11982,21.34,177.257,301.4550549082316
15/9-F-12 H,5571.0,813071.0,22.0,5593.0,0.0039334882889325,145.94704720875964,68.649,80.931,106.609,60.50302,24.0,176.923,354.3236389152635
15/9-F-12 H,5099.0,711628.0,466.0,5565.0,0.0837376460017969,139.56226711119828,58.448,83.721,107.036,72.93774,24.0,190.203,356.215307814651
15/9-F-12 H,3036.0,445616.0,0.0,3036.0,0.0,146.77733860342556,110.326,74.702,105.902,30.84932,24.0,178.607,240.93265050361055
15/9-F-12 H,4360.0,623045.0,0.0,4360.0,0.0,142.90022935779817,94.316,82.048,106.669,49.20211,24.0,186.167,289.2765485705395
15/9-F-12 H,4425.0,636018.0,0.0,4425.0,0.0,143.7328813559322,86.636,79.232,106.619,51.34268,24.0,181.296,293.75578872054797
15/9-F-12 H,4420.0,620160.0,1280.0,5700.0,0.2245614035087719,140.30769230769232,56.365,83.174,107.208,72.12867,24.0,194.154,371.86900623597836
15/9-F-12 H,3177.0,465308.0,7.0,3184.0,0.0021984924623115,146.46144161158327,93.6,76.926,106.057,41.64633,24.0,172.475,246.97053189646064
15/9-F-12 H,3704.0,526019.0,167.0,3871.0,0.0431413071557737,142.0137688984881,72.333,79.472,106.553,50.1141,24.0,170.668,275.3108625621582
15/9-F-12 H,1860.0,268868.0,3257.0,5117.0,0.6365057650967364,144.55268817204302,59.345,89.283,107.274,51.2658,24.0,223.439,365.974555818267
15/9-F-12 H,5126.0,762147.0,12.0,5138.0,0.0023355391202802,148.68259851736246,80.422,80.98,106.253,43.45684,24.0,179.23999999999998,328.8283967178184
15/9-F-12 H,2727.0,368588.0,129.0,2856.0,0.0451680672268907,135.16244957829116,68.913,77.841,106.388,48.3867,24.0,165.788,242.89935985450703
15/9-F-12 H,2278.0,327249.0,2863.0,5141.0,0.5568955456136938,143.65627743634766,61.9,88.419,107.312,51.31335,24.0,218.777,361.9769507246447
15/9-F-12 H,3588.0,507921.0,2193.0,5781.0,0.3793461338868708,141.56103678929765,47.402,84.527,107.323,89.86449,24.0,199.606,385.33251385091575
15/9-F-12 H,5066.0,767889.0,30.0,5096.0,0.0058869701726844,151.5769838136597,79.97,80.865,106.229,43.46183,24.0,178.00500000000002,327.49553033832484
15/9-F-12 H,4926.0,676600.0,131.0,5057.0,0.025904686573067,137.35282176207878,64.654,79.726,106.611,60.35382,24.0,173.84300000000002,326.5042418317531
15/9-F-12 H,2421.0,346659.0,2472.0,4893.0,0.5052115266707541,143.18835192069392,59.362,87.969,107.339,54.65395,24.0,214.687,347.50365649787904
15/9-F-12 H,5200.0,750704.0,51.0,5251.0,0.0097124357265282,144.36615384615385,54.584,76.733,106.471,72.35622,24.0,168.499,338.80705519768156
15/9-F-12 H,4865.0,690194.0,382.0,5247.0,0.0728035067657709,141.86927029804727,63.96,82.608,107.002,66.04835,24.0,188.876,338.88466359377145
15/9-F-12 H,3622.0,526226.0,22.0,3644.0,0.0060373216245883,145.28602981778022,70.406,76.258,106.118,47.80083,24.0,163.46099999999998,265.4161391051408
15/9-F-12 H,4313.0,603085.0,357.0,4670.0,0.0764453961456102,139.829584975655,76.806,82.557,106.786,52.2164,24.0,183.61400000000003,309.4604363368664
15/9-F-12 H,3175.0,456679.0,29.0,3204.0,0.0090511860174781,143.83590551181103,75.006,72.715,106.03,43.36785,24.0,164.524,250.88888694491533
15/9-F-12 H,1536.0,62016.0,0.0,1536.0,0.0,40.375,112.133,17.301,105.122,0.6,0.5,174.18,241.44690553456266
15/9-F-12 H,2083.0,309949.0,3060.0,5143.0,0.5949834726813145,148.7993278924628,53.468,89.288,107.5,55.77891,24.0,212.88,365.0324199131637
15/9-F-12 H,4883.0,658770.0,93.0,4976.0,0.0186897106109324,134.91091542084783,54.652,79.743,106.501,67.67507,24.0,168.82,322.93501506534164
15/9-F-12 H,1793.0,256518.0,1495.0,3288.0,0.4546836982968369,143.06636921360848,66.662,74.348,107.064,42.22744,24.0,201.712,284.78486819145223
15/9-F-12 H,5298.0,738484.0,768.0,6066.0,0.1266073194856577,139.38920347300868,58.213,83.516,107.038,73.33445,24.0,190.265,386.91167287444455
15/9-F-12 H,3013.434727503168,430594.6768060837,0.0,3013.434727503168,0.0,142.89165545087485,110.629,73.451,105.896,29.90044,23.67,178.219,240.5879489160368
15/9-F-12 H,4433.0,628758.0,0.0,4433.0,0.0,141.8357771260997,94.526,81.189,106.677,49.40652,24.0,186.158,292.49685598834236
15/9-F-12 H,4967.0,720845.0,0.0,4967.0,0.0,145.12683712502516,84.72,80.721,106.635,53.13363,24.0,182.536,318.9779023764307
15/9-F-12 H,4626.0,648793.0,1389.0,6015.0,0.2309226932668329,140.24924340683094,52.68,83.985,107.248,81.16175,24.0,196.073,390.0680568552347
15/9-F-12 H,3143.0,460976.0,7.0,3150.0,0.0022222222222222,146.66751511294942,93.554,77.857,106.072,41.63665,24.0,172.6,245.7161887055594
15/9-F-12 H,3734.0,532080.0,116.0,3850.0,0.0301298701298701,142.49598286020353,73.105,79.606,106.559,49.9053,24.0,171.19400000000002,273.5652767665375
15/9-F-12 H,1857.0,268279.0,3259.0,5116.0,0.6370211102423768,144.46903607969844,59.165,90.057,107.272,51.26175,24.0,223.669,365.88733300219945
15/9-F-12 H,5076.0,711222.0,12.0,5088.0,0.0023584905660377,140.1146572104019,80.495,81.106,106.258,43.49251,24.0,179.116,324.7150743856064
15/9-F-12 H,2724.0,367739.0,117.0,2841.0,0.041182682154171,134.9996328928047,66.92,78.949,106.406,50.37753,24.0,166.086,242.1806265318043
15/9-F-12 H,2272.0,326716.0,2868.0,5140.0,0.5579766536964981,143.80105633802816,61.93,88.073,107.313,51.31863,24.0,218.964,362.0477759198571
15/9-F-12 H,3728.0,534003.0,25.0,3753.0,0.0066613375965893,143.24114806866953,70.738,75.579,106.121,47.51986,24.0,163.447,269.56459216633687
15/9-F-12 H,4348.0,603774.0,359.0,4707.0,0.07626938602082,138.86246550137994,76.344,81.49,106.794,52.58804,24.0,183.675,311.33280500318654
15/9-F-12 H,3371.0,481430.0,12.0,3383.0,0.0035471475022169,142.81518837140314,74.001,76.376,106.032,45.0341,24.0,164.214,255.72777646264265
15/9-F-12 H,2049.0,304810.0,2741.0,4790.0,0.5722338204592902,148.76037091264033,53.227,88.657,107.502,55.87806,24.0,213.569,347.72009257001037
15/9-F-12 H,2500.5714285714284,415195.4285714286,22.857142857142858,2523.428571428571,0.0090579710144927,166.0402193784278,89.005,51.514,105.502,25.8431,5.25,174.685,233.25959742646077
15/9-F-12 H,4842.0,654544.0,37.0,4879.0,0.0075835212133633,135.18050392399834,54.625,79.382,106.505,69.12411,24.0,168.66,317.7548163574451
15/9-F-12 H,2119.0,302185.0,1858.0,3977.0,0.4671863213477495,142.6073619631902,61.224,78.515,107.145,48.90363,24.0,204.13,308.6699142456928
15/9-F-12 H,2190.0,318561.0,4.0,2194.0,0.0018231540565177,145.46164383561643,96.191,73.871,105.983,35.87947,24.0,170.194,223.18162285025812
15/9-F-12 H,3422.222222222222,482311.1111111111,111.1111111111111,3533.333333333333,0.0314465408805031,140.93506493506493,64.079,81.478,106.744,54.45072,2.16,179.255,262.5979714182035
15/9-F-12 H,1092.7659574468084,159197.6170212766,2122.2127659574467,3214.978723404255,0.6601016518424396,145.68317757009345,84.388,68.719,106.838,30.08677,23.5,217.132,297.5684677389367
15/9-F-12 H,5507.0,802974.0,15.0,5522.0,0.0027164070988772,145.80969674959144,70.026,79.659,106.612,61.2049,24.0,177.29899999999998,350.4786660200866
15/9-F-12 H,5281.0,739635.0,734.0,6015.0,0.1220282626766417,140.05586063245596,58.132,83.225,107.043,73.61723,24.0,190.255,383.9491934467174
15/9-F-12 H,3071.0,450348.0,0.0,3071.0,0.0,146.64539238033214,109.447,73.396,105.907,31.02388,24.0,178.067,242.33370411764633
15/9-F-12 H,4706.0,660019.0,1352.0,6058.0,0.223175965665236,140.25053123671907,51.767,84.541,107.264,83.68664,24.0,196.858,392.1130943069736
15/9-F-12 H,3346.0,490197.0,11.0,3357.0,0.0032767351802204,146.5023909145248,92.066,76.712,106.087,42.95633,24.0,173.06699999999998,252.8689801396535
15/9-F-12 H,3742.0,534577.0,117.0,3859.0,0.0303187354236848,142.85863174772848,73.859,79.158,106.567,49.93687,24.0,171.572,273.9527982422753
15/9-F-12 H,1854.0,268151.0,3262.0,5116.0,0.6376075058639562,144.63376483279396,59.18,89.909,107.271,51.31552,24.0,223.689,365.94642427807236
15/9-F-12 H,5121.0,768246.0,12.0,5133.0,0.0023378141437755,150.01874633860575,80.21,80.387,96.227,43.49195,24.0,179.47700000000003,329.0104274297529
15/9-F-12 H,2794.0,374705.0,112.0,2906.0,0.038540949759119,134.11059413027917,65.785,80.271,106.421,51.21728,24.0,166.517,243.69668487205206
15/9-F-12 H,2267.0,325921.0,2839.0,5106.0,0.5560125342734038,143.7675341861491,61.828,87.905,107.312,51.32499,24.0,219.258,360.3654541434161
15/9-F-12 H,3137.0,509075.0,3.0,3140.0,0.0009554140127388,162.28084156837744,97.277,69.262,105.87,32.0,24.0,174.19100000000003,246.29234785712384
15/9-F-12 H,3740.0,528780.0,2390.0,6130.0,0.3898858075040783,141.3850267379679,46.562,86.357,107.346,99.94708,24.0,201.121,405.05425104928446
15/9-F-12 H,5086.0,770162.0,10.0,5096.0,0.0019623233908948,151.42784113252063,80.2,78.988,106.176,43.56119,24.0,178.257,327.72768266152997
15/9-F-12 H,5097.0,728393.0,145.0,5242.0,0.0276611980160244,142.90621934471258,62.769,81.197,106.636,63.94534,24.0,175.259,336.7544975141963
15/9-F-12 H,2456.0,348888.0,2876.0,5332.0,0.5393848462115529,142.05537459283389,58.861,88.297,107.357,54.79016,24.0,215.342,370.05680323205485
15/9-F-12 H,4853.0,706716.0,48.0,4901.0,0.0097939196082432,145.6245621265197,62.644,77.032,106.389,62.31119,24.0,168.031,320.1309250869199
15/9-F-12 H,5013.0,726587.0,414.0,5427.0,0.0762852404643449,144.94055455814882,61.923,83.417,107.032,70.09954,24.0,190.33,349.12675610907473
15/9-F-12 H,2924.1260250323694,419927.49244712986,22.788088044885622,2946.914113077255,0.0077328646748681,143.6078639744952,75.127,72.032,106.066,40.55929,23.17,163.851,243.05655142582577
15/9-F-12 H,4397.771110158595,610622.5460780112,365.19502786112304,4762.966138019718,0.0766738660907127,138.84818713450292,73.894,78.751,106.824,57.14225,23.33,185.672,314.86405935337297
15/9-F-12 H,3512.0,497305.0,7.0,3519.0,0.0019892014776925,141.60165148063783,72.472,76.908,106.046,46.55129,24.0,164.05,260.3229234297486
15/9-F-12 H,2023.0,301573.0,3102.0,5125.0,0.6052682926829268,149.0721700444884,52.772,88.078,107.506,56.38509,24.0,214.25,365.0088960201162
15/9-F-12 H,3103.0,372986.0,3.0,3106.0,0.0009658725048293,120.20174025136964,96.117,75.921,105.897,32.00095,24.0,172.745,245.29568464064417
15/9-F-12 H,4734.0,667776.0,0.0,4734.0,0.0,141.0595690747782,72.732,80.014,106.513,57.46294,24.0,178.113,308.8997592264638
15/9-F-12 H,3254.808510638298,458127.3191489362,2480.68085106383,5735.489361702128,0.432514245014245,140.75400062754943,52.827,83.504,107.358,81.0083,23.5,202.317,385.4149466800505
15/9-F-12 H,2993.0,438550.0,5.0,2998.0,0.0016677785190126,146.52522552622787,95.148,76.625,106.068,40.23154,24.0,172.33400000000003,241.12340244392053
15/9-F-12 H,1843.0,266023.0,3277.0,5120.0,0.6400390625,144.3423765599566,59.885,89.808,107.26,51.06005,24.0,223.147,366.25349733094464
15/9-F-12 H,5333.0,771334.0,38.0,5371.0,0.0070750325823868,144.6341646352897,56.789,79.84,106.536,70.10871,24.0,170.584,343.904467446502
15/9-F-12 H,5044.0,713782.0,448.0,5492.0,0.0815731973780043,141.5111022997621,61.708,80.513,107.045,70.71423,24.0,190.417,353.05550603284365
15/9-F-12 H,4422.0,631333.0,0.0,4422.0,0.0,142.77091813658978,87.166,78.081,106.62,51.14965,24.0,182.011,293.74798541159333
15/9-F-12 H,4285.0,625089.0,1490.0,5775.0,0.258008658008658,145.87841306884482,53.849,85.185,107.277,77.16578,24.0,198.054,378.607761122804
15/9-F-12 H,5727.0,835981.0,88.0,5815.0,0.0151332760103181,145.9718875502008,71.769,80.97,106.614,60.29822,24.0,179.167,367.1288664064623
15/9-F-12 H,5228.0,732785.0,794.0,6022.0,0.1318498837595483,140.16545524100994,57.576,83.471,107.062,74.23099,24.0,190.492,384.8972664454877
15/9-F-12 H,5084.0,762466.0,15.0,5099.0,0.0029417532849578,149.97364280094413,81.397,80.075,106.269,42.98895,24.0,179.09700000000004,327.22076172932
15/9-F-12 H,2762.0,370129.0,157.0,2919.0,0.053785542994176,134.00760318609704,65.804,80.499,106.426,51.24005,24.0,166.445,245.07445184644504
15/9-F-12 H,2575.0,377099.0,3483.0,6058.0,0.5749422251568175,146.44621359223302,51.218,89.13,107.432,67.6773,24.0,221.945,410.40773692740333
15/9-F-12 H,5889.0,804359.0,151.0,6040.0,0.025,136.5866870436407,57.824,81.31,106.655,70.39383,24.0,176.37,379.98273006742863
15/9-F-12 H,2404.0,341810.0,2719.0,5123.0,0.5307437048604333,142.18386023294508,64.325,88.421,107.298,50.47827,24.0,215.056,359.26754673480434
15/9-F-12 H,3044.0,443726.0,0.0,3044.0,0.0,145.7706964520368,108.059,75.124,105.91,30.96447,24.0,177.669,241.363888844286
15/9-F-12 H,4638.0,658570.0,0.0,4638.0,0.0,141.99439413540318,93.664,80.383,106.713,49.46572,24.0,187.25,301.9154354385053
15/9-F-12 H,3539.744680851064,488482.72340425535,1828.085106382979,5367.829787234043,0.3405631659056316,137.999422965955,69.361,77.737,107.169,54.65945,23.5,196.02,360.5558460515719
15/9-F-12 H,3173.0,474305.0,4.0,3177.0,0.0012590494176896,149.48156318941065,91.06,76.329,105.863,33.37373,24.0,170.54899999999998,246.99352798628848
15/9-F-12 H,4813.0,651464.0,37.0,4850.0,0.0076288659793814,135.35507999168917,55.043,79.596,106.528,68.19274,24.0,168.783,316.2936607212095
15/9-F-12 H,2659.0,375797.0,2255.0,4914.0,0.4588929588929589,141.3301993230538,52.555,87.055,107.301,63.22424,24.0,205.086,345.93009950718744
15/9-F-12 H,4939.0,720457.0,31.0,4970.0,0.0062374245472837,145.87102652358777,57.843,78.492,106.257,63.6046,24.0,166.69,323.55357028072996
15/9-F-12 H,4817.0,675254.0,380.0,5197.0,0.0731191071772176,140.1814407307453,67.276,81.13,106.922,63.82282,24.0,187.045,336.0641114363247
15/9-F-12 H,3594.0,509509.0,11.0,3605.0,0.0030513176144244,141.7665553700612,70.75,76.341,106.062,47.34629,24.0,163.415,263.73007534592654
15/9-F-12 H,5038.0,703025.0,11.0,5049.0,0.0021786492374727,139.54446208813022,67.754,79.963,106.823,62.4508,24.0,185.082,324.6115908214739
15/9-F-12 H,1895.0,285464.0,2839.0,4734.0,0.5997042670046472,150.6406332453826,55.144,88.327,107.464,53.26824,24.0,216.248,347.09206939432255
15/9-F-12 H,2007.0,296793.0,2820.0,4827.0,0.584213797389683,147.87892376681614,66.36,88.261,107.209,47.71704,24.0,217.814,349.52963998777335
15/9-F-12 H,3012.0,459765.0,14.0,3026.0,0.0046265697290152,152.64442231075697,90.862,68.966,105.78,32.54397,24.0,170.42,243.8972760731753
15/9-F-12 H,4860.0,658250.0,37.0,4897.0,0.0075556463140698,135.4423868312757,54.663,79.324,106.512,67.71543,24.0,168.59699999999998,318.66135488194135
15/9-F-12 H,2574.0,365718.0,2224.0,4798.0,0.4635264693622342,142.08158508158508,54.019,85.944,107.283,59.81013,24.0,203.095,341.13564126091757
15/9-F-12 H,2059.0,297316.0,2.0,2061.0,0.0009704027171276,144.39825157843617,97.034,72.28,105.972,34.84776,24.0,169.961,221.67070554382383
15/9-F-12 H,1242.0,174132.0,1690.0,2932.0,0.5763983628922238,140.20289855072463,84.875,80.629,106.941,32.73609,24.0,215.073,282.45351513375135
15/9-F-12 H,5528.0,806227.0,17.0,5545.0,0.0030658250676284,145.8442474674385,70.38,80.215,106.615,61.21606,24.0,177.698,351.5629560599896
15/9-F-12 H,4398.0,629756.0,0.0,4398.0,0.0,143.19145065939065,86.747,78.753,106.609,51.02972,24.0,181.243,292.631489090163
15/9-F-12 H,4720.0,662547.0,1401.0,6121.0,0.2288841692533899,140.37012711864406,51.337,84.223,107.276,85.11596,24.0,197.394,396.2410750264719
15/9-F-12 H,3755.0,536801.0,112.0,3867.0,0.0289630204292733,142.95632490013315,74.276,80.205,106.573,49.84456,24.0,172.348,273.89385211003577
15/9-F-12 H,1846.0,266477.0,3246.0,5092.0,0.6374705420267086,144.35373781148428,59.45,89.506,107.266,51.02336,24.0,223.62600000000003,364.8588922396079
15/9-F-12 H,4372.0,659343.0,10.0,4382.0,0.0022820629849383,150.81038426349497,85.724,79.622,80.041,39.40927,24.0,159.676,292.70312317374686
15/9-F-12 H,2789.0,373706.0,154.0,2943.0,0.0523275569147128,133.99282897095733,65.71,80.443,106.422,51.18874,24.0,166.58300000000003,245.6721795816366
15/9-F-12 H,2263.0,324542.0,2863.0,5126.0,0.5585251658213032,143.4122845779938,61.584,89.269,107.312,51.28368,24.0,219.707,361.2779499957224
15/9-F-12 H,3127.868852459016,300319.1256830601,4.371584699453551,3132.24043715847,0.0013956734124214,96.01397624039134,97.369,73.106,105.902,30.68261,10.98,173.37300000000002,247.54484093378312
15/9-F-12 H,1782.4104234527688,215257.32899022804,0.0,1782.4104234527688,0.0,120.76754385964914,98.734,47.61,105.977,25.9445,6.14,176.32,225.52141051708927
15/9-F-12 H,2346.0,328847.0,2760.0,5106.0,0.5405405405405406,140.17348678601874,61.18,86.811,107.33,52.54288,24.0,214.83,359.3504007058984
15/9-F-12 H,5256.0,756829.0,15.0,5271.0,0.0028457598178713,143.99334094368342,56.092,79.676,106.496,70.24967,24.0,169.784,338.35625719265784
15/9-F-12 H,5062.0,714850.0,446.0,5508.0,0.0809731299927378,141.21888581588306,61.4,83.452,107.038,69.29445,24.0,190.601,353.0458405566378
15/9-F-12 H,3471.0,494826.0,21.0,3492.0,0.0060137457044673,142.5600691443388,72.465,75.998,106.088,46.26385,24.0,163.243,259.8493024892989
15/9-F-12 H,4958.0,692871.0,409.0,5367.0,0.0762064468045463,139.74808390480032,66.114,82.211,106.908,65.98804,24.0,187.285,344.77621229674355
15/9-F-12 H,3627.0,518528.0,5.0,3632.0,0.0013766519823788,142.9633305762338,72.059,77.319,106.053,46.62032,24.0,164.052,264.24386081783814
15/9-F-12 H,1308.0,187615.2,6151.2,7459.2,0.8246460746460746,143.43669724770643,57.746,75.121,107.322,42.76418,10.0,219.801,505.5058420803271
15/9-F-12 H,1843.0,266266.0,3249.0,5092.0,0.6380597014925373,144.4742268041237,59.573,88.824,107.263,50.9811,24.0,223.581,364.9650968516484
15/9-F-12 H,3337.4198146828226,647526.1582323592,3.421240199572345,3340.841054882395,0.0010240655401945,194.0199897488468,98.122,70.452,105.862,31.0,14.03,173.435,252.9201265807012
15/9-F-12 H,4922.0,716135.0,0.0,4922.0,0.0,145.49674928890695,74.28,77.543,106.478,56.99216,24.0,179.592,319.004311511213
15/9-F-12 H,3485.0,496156.0,2752.0,6237.0,0.4412377745711079,142.3690100430416,46.915,84.595,107.36,97.91667,24.0,202.007,414.26413973077206
15/9-F-12 H,5390.0,744218.0,177.0,5567.0,0.0317945033231543,138.073840445269,59.716,81.823,106.654,67.89739,24.0,176.224,353.48844436618464
15/9-F-12 H,1522.0,209330.0,1650.0,3172.0,0.5201765447667087,137.53613666228645,81.407,79.698,107.04,31.88837,24.0,214.44,285.04941861991045
15/9-F-12 H,3516.0,499794.0,33.0,3549.0,0.0092983939137785,142.14846416382252,71.296,76.64,106.097,46.82448,24.0,163.19799999999998,262.0334977787751
15/9-F-12 H,4841.0,676986.0,433.0,5274.0,0.0821008722032612,139.8442470563933,67.413,81.973,106.905,64.18691,24.0,186.81600000000003,340.2245854946841
15/9-F-12 H,3111.0,463717.0,3.0,3114.0,0.0009633911368015,149.0572163291546,95.691,75.217,105.897,32.0812,24.0,172.489,244.74777706435057
15/9-F-12 H,4498.0,635782.0,0.0,4498.0,0.0,141.34771009337484,74.174,79.868,106.484,55.71183,24.0,177.241,298.05721926829426
15/9-F-12 H,3495.0,491689.0,2679.0,6174.0,0.433916423712342,140.68354792560802,47.552,86.089,107.404,93.8512,24.0,203.909,409.6525532230423
15/9-F-12 H,3093.0,452055.0,5.0,3098.0,0.0016139444803098,146.15421920465567,94.968,77.266,105.991,40.14094,24.0,172.358,244.04950184041488
15/9-F-12 H,5590.0,809543.0,13.0,5603.0,0.0023201856148491,144.81985688729876,71.302,80.897,106.608,60.69575,24.0,179.274,354.1668148945493
15/9-F-12 H,5199.0,730336.0,750.0,5949.0,0.1260716086737267,140.47624543181382,57.581,83.294,107.067,74.06503,24.0,190.519,380.47642941831305
15/9-F-12 H,5081.0,761637.0,5.0,5086.0,0.0009830908375933,149.89903562290888,81.315,81.247,106.274,42.97349,24.0,179.351,326.11767016187827
15/9-F-12 H,2747.0,367253.0,157.0,2904.0,0.0540633608815427,133.6923917000364,65.82,80.315,106.427,51.21405,24.0,166.435,244.7258215000717
15/9-F-12 H,2607.0,378888.0,3443.0,6050.0,0.5690909090909091,145.33486766398158,49.499,89.0,107.45,71.93079,24.0,222.297,409.6474841772738
15/9-F-12 H,4145.0,573525.0,1808.0,5953.0,0.3037124139089535,138.3655006031363,62.183,85.043,107.285,62.79044,24.0,194.341,388.8318947118816
15/9-F-12 H,4248.387096774193,529654.8387096775,29.032258064516128,4277.419354838709,0.006787330316742,124.6719817767654,61.977,79.261,106.526,46.84542,2.48,168.315,289.332645100072
15/9-F-12 H,2358.1935483870966,334423.7419354839,1910.7096774193549,4268.903225806452,0.4475879579252811,141.81352593565333,57.877,80.923,107.214,53.51503,15.5,205.261,318.36502070074835
15/9-F-12 H,5124.0,738155.0,20.0,5144.0,0.0038880248833592,144.05835284933644,56.326,79.234,106.291,65.91419,24.0,167.204,331.91153376196684
15/9-F-12 H,4883.612903225807,689564.9032258064,363.8709677419355,5247.483870967742,0.0693419887872528,141.1997463538364,72.21,79.188,106.875,56.6043,15.5,185.723,338.5179050107061
15/9-F-12 H,2464.0,360306.0,9.0,2473.0,0.0036393044884755,146.22808441558442,77.03,64.93,105.955,36.54631,24.0,164.495,231.68444168755997
15/9-F-12 H,5033.0,706392.0,11.0,5044.0,0.0021808088818398,140.35207629644347,67.222,81.87,106.835,62.73293,24.0,185.562,324.03135804846136
15/9-F-12 H,1400.0,208970.0,2219.0,3619.0,0.6131528046421664,149.2642857142857,61.49,85.2,107.363,44.6906,24.0,218.411,305.849099124907
15/9-F-12 H,2081.0,308176.0,3009.0,5090.0,0.5911591355599214,148.09034118212398,62.995,88.873,107.249,49.73757,24.0,219.12,361.9070701726003
15/9-F-12 H,3303.0,463530.0,3.0,3306.0,0.0009074410163339,140.33605812897366,95.14,75.461,105.895,32.20087,24.0,172.31600000000003,251.03437866935153
15/9-F-12 H,4536.0,640610.0,0.0,4536.0,0.0,141.2279541446208,73.665,78.948,106.478,55.80897,24.0,177.17700000000002,300.03203526110957
15/9-F-12 H,3429.0,484318.0,2574.0,6003.0,0.4287856071964018,141.24176144648587,48.459,85.817,107.399,84.92011,24.0,204.18,399.7852702069527
15/9-F-12 H,2999.0,437721.0,5.0,3004.0,0.001664447403462,145.9556518839613,94.969,77.168,106.066,40.22204,24.0,172.433,241.23531261720993
15/9-F-12 H,4436.577181208054,620521.812080537,158.05369127516778,4594.6308724832215,0.0343996494303242,139.8649875198548,74.195,73.168,106.574,53.59996,23.84,178.032,306.0254942535288
15/9-F-12 H,1701.7591339648172,248020.5683355886,3263.870094722598,4965.629228687415,0.6572923479398299,145.74363867684477,60.153,87.69,107.25,47.34201,22.17,224.54100000000005,360.6608593379139
15/9-F-12 H,5209.0,749253.0,38.0,5247.0,0.0072422336573279,143.8381647149165,60.38,76.773,106.536,65.06153,24.0,169.731,337.62072227043234
15/9-F-12 H,5190.0,732245.0,536.0,5726.0,0.0936081033880544,141.08766859344894,63.514,81.585,107.034,69.45896,24.0,189.897,365.9563322720397
15/9-F-12 H,4488.0,640815.0,0.0,4488.0,0.0,142.7840909090909,86.76,81.407,106.62,51.27967,24.0,182.492,295.882918535879
15/9-F-12 H,4257.0,597778.0,1448.0,5705.0,0.2538124452234881,140.42236316654922,55.209,83.058,107.283,74.07477,24.0,197.658,373.8962593980154
15/9-F-12 H,5629.0,815241.0,26.0,5655.0,0.0045977011494252,144.82874400426363,71.045,80.731,106.621,61.31431,24.0,179.76999999999998,357.2932415473626
15/9-F-12 H,5206.0,731148.0,542.0,5748.0,0.0942936673625609,140.44333461390704,57.562,82.92,107.072,74.13604,24.0,190.489,367.4249217297692
15/9-F-12 H,5086.0,761985.0,12.0,5098.0,0.0023538642604943,149.82009437672042,81.278,81.428,106.279,42.97301,24.0,179.51399999999995,326.75252170897585
15/9-F-12 H,2746.0,368058.0,155.0,2901.0,0.0534298517752499,134.03423160961398,65.903,79.696,106.428,51.19871,24.0,166.351,244.69287604363538
15/9-F-12 H,2618.0,380188.0,3441.0,6059.0,0.5679154976068658,145.2207792207792,48.622,89.176,107.459,73.82106,24.0,222.967,410.0926424602407
15/9-F-12 H,5040.0,768019.0,10.0,5050.0,0.0019801980198019,152.38472222222222,67.027,79.603,106.175,43.41881,24.0,191.39500000000004,327.0207282492992
15/9-F-12 H,5521.0,754131.0,46.0,5567.0,0.0082629782647745,136.59318963955806,56.365,81.278,106.643,72.12178,24.0,175.677,352.4378989928015
15/9-F-12 H,2350.0,335321.0,3018.0,5368.0,0.562220566318927,142.68978723404254,63.909,88.372,107.31,51.06277,24.0,215.98200000000003,372.9662292672198
15/9-F-12 H,2967.0,437688.0,0.0,2967.0,0.0,147.51870576339738,107.869,72.5,105.902,30.57649,24.0,176.96,239.52808040444896
15/9-F-12 H,5244.762757385855,747154.162936437,0.0,5244.762757385855,0.0,142.45718967636213,96.219,79.643,106.688,47.95769,11.17,187.13800000000003,331.2202961301713
15/9-F-12 H,4026.0,556183.0,1802.0,5828.0,0.3091969800960878,138.14778936910085,62.929,84.557,107.258,60.89497,24.0,193.7,382.1989102818116
15/9-F-12 H,3187.0,491323.0,4.0,3191.0,0.0012535255405828,154.16473172262317,91.716,76.316,105.882,33.30928,24.0,170.937,247.27936390080163
15/9-F-12 H,2574.0,362885.0,2333.0,4907.0,0.4754432443448135,140.98096348096348,54.161,86.743,107.32,59.62318,24.0,205.03500000000005,346.58556701251285
15/9-F-12 H,5188.0,734343.0,32.0,5220.0,0.0061302681992337,141.5464533538936,55.961,78.212,106.309,66.81713,24.0,166.99200000000002,335.85088060876706
15/9-F-12 H,4435.0,620795.0,345.0,4780.0,0.0721757322175732,139.9763246899662,73.38,79.8,106.864,56.64219,24.0,184.944,315.314194452661
15/9-F-12 H,3377.0,477920.0,11.0,3388.0,0.0032467532467532,141.52206100088836,70.617,75.262,106.044,47.0641,24.0,163.27499999999998,256.4763584079047
15/9-F-12 H,5073.0,709306.0,24.0,5097.0,0.0047086521483225,139.81983047506407,66.958,82.867,106.845,62.99446,24.0,185.815,326.4890308064614
15/9-F-12 H,1146.0,173377.0,2073.0,3219.0,0.6439888164026095,151.2888307155323,63.387,82.696,107.259,42.17164,24.0,221.03,295.9477041845769
15/9-F-12 H,2650.777202072539,317734.71502590674,2.0725388601036268,2652.8497409326424,0.0007812499999999,119.86473807662236,94.16,58.647,106.248,28.53417,11.58,176.18500000000003,236.67245494137563
15/9-F-12 H,2071.0,307855.0,3261.0,5332.0,0.6115903975993998,148.65041042974408,61.801,88.594,107.259,50.54958,24.0,219.891,374.707766933599
15/9-F-12 H,3028.0,440906.0,153.0,3181.0,0.0480980823640364,145.60964332893,94.788,75.406,105.887,32.2108,24.0,172.067,250.25982828988694
15/9-F-12 H,5545.0,807878.0,22.0,5567.0,0.0039518591701095,145.69486023444546,65.44,80.061,106.548,65.20476,24.0,179.837,353.50923488001763
15/9-F-12 H,3342.0,473561.0,2466.0,5808.0,0.4245867768595041,141.6998803111909,49.458,85.262,107.391,80.19967,24.0,204.575,388.93776303209404
15/9-F-12 H,2932.2709163346613,431155.37848605576,3.187250996015936,2935.458167330677,0.001085776330076,147.03804347826087,95.316,76.142,106.062,36.88709,7.53,172.612,239.29489993444014
15/9-F-12 H,4663.0,647439.0,201.0,4864.0,0.0413240131578947,138.84602187432984,67.183,80.656,106.699,61.00185,24.0,178.993,317.73990907436723
15/9-F-12 H,1796.0,260244.0,3439.0,5235.0,0.6569245463228272,144.90200445434297,58.494,89.958,107.288,50.95744,24.0,224.2,372.70702497044243
15/9-F-12 H,5292.0,764102.0,38.0,5330.0,0.0071294559099437,144.38813303099016,59.516,79.869,106.546,66.46088,24.0,170.74200000000002,341.31022299801
15/9-F-12 H,5303.0,744580.0,565.0,5868.0,0.0962849352419904,140.40731661323778,62.785,81.322,107.033,69.43213,24.0,190.205,374.14188952510915
15/9-F-12 H,4430.0,635863.0,0.0,4430.0,0.0,143.53566591422123,86.935,81.21,106.623,51.32802,24.0,182.587,293.43893087798136
15/9-F-12 H,4234.0,595404.0,1070.0,5304.0,0.2017345399698341,140.624468587624,55.087,83.56,107.289,74.03822,24.0,198.081,349.7383141402562
15/9-F-12 H,5096.727272727273,743022.5454545454,29.454545454545453,5126.181818181818,0.0057459033836986,145.78424657534245,77.935,74.771,106.342,51.6073,22.0,172.959,329.92206670634357
15/9-F-12 H,5200.0,729366.0,551.0,5751.0,0.0958094244479221,140.2626923076923,57.604,82.804,107.077,74.09392,24.0,190.44600000000003,367.6615095914173
15/9-F-12 H,5088.0,762729.0,16.0,5104.0,0.0031347962382445,149.90742924528303,81.353,81.382,106.284,42.98479,24.0,179.53199999999998,327.1243805662673
15/9-F-12 H,3415.0,463342.0,58.0,3473.0,0.0167002591419522,135.67847730600292,65.696,80.387,106.43,51.18423,24.0,166.579,259.67234103251343
15/9-F-12 H,2626.0,385272.0,3508.0,6134.0,0.5718943593087707,146.7143945163747,47.899,90.506,107.463,75.34669,24.0,223.702,414.4892720123799
15/9-F-12 H,5058.0,763389.0,10.0,5068.0,0.0019731649565903,150.9270462633452,80.303,79.779,106.182,43.39667,24.0,178.214,325.9712027301257
15/9-F-12 H,4249.6815286624205,579517.0154686078,55.686988171064606,4305.368516833485,0.0129343139741313,136.3671634121274,65.253,75.961,106.545,57.45767,21.98,174.35500000000002,292.11101991296823
15/9-F-12 H,2344.0,334683.0,2920.0,5264.0,0.5547112462006079,142.78284982935153,63.743,88.024,107.315,51.24939,24.0,216.413,367.548477654628
15/9-F-12 H,2951.0,432727.0,2.0,2953.0,0.0006772773450728,146.6374110471027,107.31,75.002,105.899,30.58881,24.0,176.985,238.7868030442593
15/9-F-12 H,4366.0,624326.0,0.0,4366.0,0.0,142.99725148877693,100.455,79.797,106.632,45.16791,24.0,185.961,289.32538064032286
15/9-F-12 H,3969.275084013442,547753.048487758,1818.146903504561,5787.421987518003,0.3141548875174199,137.99825834542813,63.129,84.075,107.24,59.83447,20.83,193.4,380.3175329440542
15/9-F-12 H,3177.0,489872.0,4.0,3181.0,0.0012574662055957,154.19326408561537,91.807,77.025,105.887,33.22143,24.0,171.236,246.80340029820195
15/9-F-12 H,4086.6730584851393,554283.7967401725,27.612655800575265,4114.285714285715,0.0067114093959731,135.63203828828827,63.201,70.231,106.376,55.12613,20.86,169.48000000000002,285.43329810559777
15/9-F-12 H,2531.0,358552.0,2110.0,4641.0,0.4546433958198664,141.6641643619123,54.62,85.877,107.314,59.21863,24.0,205.133,333.6688318166506
15/9-F-12 H,5204.0,746223.0,38.0,5242.0,0.007249141549027,143.39411990776327,55.836,76.152,106.318,67.27832,24.0,166.776,338.0298793184196
15/9-F-12 H,4404.0,617191.0,339.0,4743.0,0.0714737507906388,140.14327883742052,73.582,81.004,106.856,56.44965,24.0,184.875,313.25700944793766
15/9-F-12 H,2286.072548141514,317729.69099865656,7.523510971786834,2293.5960591133007,0.0032802249297094,138.98495533615423,78.94,70.0,105.921,36.34842,22.33,163.306,227.7281709023174
15/9-F-12 H,4327.0,611183.0,266.0,4593.0,0.0579142172871761,141.2486711347354,78.11,80.402,106.749,52.21294,24.0,182.097,305.3325426446431
15/9-F-12 H,1836.0,276201.0,2998.0,4834.0,0.620190318576748,150.43627450980392,55.759,87.821,107.439,52.53855,24.0,217.27,352.7831182575079
15/9-F-12 H,2148.705882352941,296747.29411764705,0.0,2148.705882352941,0.0,138.10512483574246,95.422,51.116,105.659,32.43891,8.5,174.794,227.12986659161993
15/9-F-12 H,4085.355648535565,584205.8577405858,3.3472803347280333,4088.702928870293,0.0008186655751125,143.0,83.294,74.44,106.505,44.43053,14.34,177.387,281.1241095418393
15/9-F-12 H,2041.0,292789.0,3188.0,5229.0,0.6096768024478868,143.45369916707497,61.389,87.876,107.261,50.79977,24.0,220.377,369.4835844470364
15/9-F-12 H,2999.0,452369.0,152.0,3151.0,0.04823865439543,150.83994664888297,94.74,75.27,105.872,32.03321,24.0,171.736,249.2221632808407
15/9-F-12 H,5678.0,824316.0,55.0,5733.0,0.0095935810221524,145.17717506164144,62.908,79.322,106.569,68.01265,24.0,179.673,363.6313976048845
15/9-F-12 H,3330.0,472636.0,2653.0,5983.0,0.4434230319237841,141.93273273273277,49.365,86.56,107.392,79.23775,24.0,205.425,399.33694004058896
15/9-F-12 H,4568.485377564382,633139.0659100829,226.2767350501964,4794.762112614579,0.04719248415993,138.58839715661546,65.517,81.026,106.704,62.59172,22.91,179.269,314.893427233086
15/9-F-12 H,1597.8666666666666,233371.7333333333,3073.0666666666666,4670.933333333333,0.6579127654715689,146.0520694259012,61.677,86.064,107.238,44.77168,22.5,225.169,348.126126506886
15/9-F-12 H,5323.0,770155.0,33.0,5356.0,0.0061613144137415,144.68438850272403,60.422,78.693,106.541,66.66875,24.0,171.29,342.94086960349665
15/9-F-12 H,5468.0,767621.0,578.0,6046.0,0.0956003969566655,140.38423555230432,60.473,81.839,107.06,72.92619,24.0,191.039,384.59259214774266
15/9-F-12 H,4148.484848484849,593913.6363636364,0.0,4148.484848484849,0.0,143.16398831263697,90.072,80.213,106.604,47.92887,15.84,181.872,281.3866665993019
15/9-F-12 H,4140.0,587079.0,1509.0,5649.0,0.2671269251194901,141.80652173913043,56.055,85.399,107.283,73.20918,24.0,198.415,371.2126522252999
15/9-F-12 H,5190.0,728598.0,710.0,5900.0,0.1203389830508474,140.3849710982659,57.424,83.042,107.082,72.82486,24.0,190.583,377.4172949232364
15/9-F-12 H,5095.0,764020.0,13.0,5108.0,0.0025450274079874,149.954857703631,81.501,81.049,106.285,43.00275,24.0,179.43800000000002,327.3757614628588
15/9-F-12 H,3404.0,460569.0,72.0,3476.0,0.0207134637514384,135.30229142185664,65.699,80.162,106.43,51.17188,24.0,166.577,260.0951086006816
15/9-F-12 H,2545.0,371625.0,3438.0,5983.0,0.574628112986796,146.02161100196463,47.762,89.155,107.467,76.92699,24.0,223.872,406.4179680258812
15/9-F-12 H,5058.0,761309.0,185.0,5243.0,0.0352851420942208,150.51581652827204,80.208,81.265,106.186,43.33411,24.0,178.42600000000002,336.4921702700679
15/9-F-12 H,5265.0,703839.0,97.0,5362.0,0.0180902648265572,133.6826210826211,58.04,80.502,106.598,68.92041,24.0,174.723,341.4719114578695
15/9-F-12 H,2381.0,340909.0,2908.0,5289.0,0.5498203819247495,143.17891642167157,63.281,88.706,107.32,51.58466,24.0,216.988,368.4095572825691
15/9-F-12 H,2793.166885676741,411316.6885676741,2.102496714848883,2795.26938239159,0.0007521624670928,147.2581859239744,107.754,71.042,105.878,28.82496,22.83,176.66999999999996,234.9578535591048
15/9-F-12 H,3361.0,481719.0,0.0,3361.0,0.0,143.32609342457602,111.001,76.801,106.489,39.79281,24.0,182.229,250.74290743707846
15/9-F-12 H,3171.0,489343.0,4.0,3175.0,0.001259842519685,154.31819615263325,92.103,77.246,105.893,33.11139,24.0,171.385,246.53331853439312
15/9-F-12 H,4478.724297104491,637721.1917750735,174.23415862358374,4652.958455728074,0.0374458874458874,142.38902630987184,60.72,75.299,106.508,61.36592,23.83,168.728,310.17471136774435
15/9-F-12 H,2494.0,353907.0,2263.0,4757.0,0.4757199915913391,141.90336808340015,54.606,86.433,107.315,59.25461,24.0,205.675,339.99279273295974
15/9-F-12 H,5136.0,728626.0,43.0,5179.0,0.0083027611508013,141.86643302180684,54.274,76.206,106.342,70.74367,24.0,167.352,334.7019886105799
15/9-F-12 H,4448.0,623010.0,363.0,4811.0,0.0754520889627936,140.06519784172662,72.679,82.297,106.865,57.26311,24.0,185.352,316.4425404523097
15/9-F-12 H,2726.0,387130.0,17.0,2743.0,0.0061975938753189,142.01393983859134,77.145,71.832,105.951,40.82481,24.0,162.37099999999998,237.1156586535882
15/9-F-12 H,4616.0,646991.0,85.0,4701.0,0.0180812593065305,140.16269497400347,73.675,82.311,106.786,55.73965,24.0,183.764,307.665976055414
15/9-F-12 H,1847.0,277180.0,3454.0,5301.0,0.6515751744953783,150.07038440714672,55.126,88.104,107.443,53.11533,24.0,217.444,376.05768683439004
15/9-F-12 H,2173.0,304483.0,1.0,2174.0,0.0004599816007359,140.12103083294983,97.438,69.261,105.961,35.50777,24.0,171.259,223.90189045239293
15/9-F-12 H,5054.0,707675.0,5.0,5059.0,0.0009883376161296,140.0227542540562,69.356,79.651,105.585,55.28379,24.0,178.779,325.00320595746456
15/9-F-12 H,2037.0,303912.0,3472.0,5509.0,0.6302414231257941,149.1958762886598,61.225,85.983,107.259,50.80463,24.0,220.675,384.821731481546
15/9-F-12 H,3054.0,451030.0,4.0,3058.0,0.001308044473512,147.68500327439423,94.544,74.629,105.861,32.04783,24.0,171.356,243.31908869505045
15/9-F-12 H,5144.0,712609.0,118.0,5262.0,0.0224249334853667,138.53207620528772,66.241,79.357,106.531,62.47673,24.0,177.35399999999998,336.76027410107747
15/9-F-12 H,3198.0,455298.0,2856.0,6054.0,0.4717542120911794,142.36960600375235,49.279,87.046,107.397,79.25137,24.0,206.06,404.7538584487431
15/9-F-12 H,4176.310122038765,610409.7631012204,167.12132089016512,4343.431442928931,0.0384767949226497,146.16006600660066,84.073,75.492,106.478,40.59908,13.93,175.30700000000002,294.0562929725224
15/9-F-12 H,1801.0,261017.0,3453.0,5254.0,0.6572135515797488,144.92892837312604,58.318,90.103,107.287,50.91261,24.0,224.563,373.6076241686771
15/9-F-12 H,5242.0,715216.0,38.0,5280.0,0.0071969696969696,136.43952689813048,62.012,78.762,106.533,64.09198,24.0,171.115,337.1282332369076
15/9-F-12 H,5604.0,785561.0,539.0,6143.0,0.0877421455314992,140.17862241256245,60.145,82.865,107.063,73.07949,24.0,191.257,389.63350995534466
15/9-F-12 H,4605.405405405406,655543.0142006414,0.0,4605.405405405406,0.0,142.34208641680593,87.452,81.019,106.628,51.28212,21.83,183.489,301.0931850019124
15/9-F-12 H,4327.0,608912.0,1647.0,5974.0,0.2756946769333779,140.7238271319621,53.984,85.522,107.31,76.25191,24.0,198.988,389.65107172873644
15/9-F-12 H,5186.0,727881.0,580.0,5766.0,0.1005896635449184,140.35499421519475,57.307,82.999,107.087,72.94007,24.0,190.69,368.76407371716886
15/9-F-12 H,5096.0,764105.0,36.0,5132.0,0.0070148090413094,149.9421114599686,81.671,80.105,106.293,42.97861,24.0,179.481,329.10446233101914
15/9-F-12 H,3501.0,489972.0,56.0,3557.0,0.0157436041608096,139.95201371036848,65.742,79.24,106.432,51.19549,24.0,166.47500000000002,262.7197105085507
15/9-F-12 H,2553.0,372444.0,3493.0,6046.0,0.5777373470062851,145.88484136310225,47.341,88.879,107.468,77.92248,24.0,224.453,410.07080563848064
15/9-F-12 H,5070.0,761089.0,10.0,5080.0,0.0019685039370078,150.11617357001973,80.153,80.787,106.192,43.39009,24.0,178.49699999999996,326.1824498589351
15/9-F-12 H,5422.0,727883.0,60.0,5482.0,0.0109449106165632,134.2462191073405,55.834,81.202,106.622,71.39343,24.0,174.248,347.575928937875
15/9-F-12 H,2385.0,340424.0,2913.0,5298.0,0.5498301245753114,142.73542976939203,63.206,88.506,107.323,51.74882,24.0,217.103,368.8413052271258
15/9-F-12 H,2690.086956521739,381672.0,2.0869565217391304,2692.173913043478,0.0007751937984496,141.88091543832428,108.031,69.252,105.871,27.94825,23.0,176.382,232.75314154123794
15/9-F-12 H,4021.0,577223.0,0.0,4021.0,0.0,143.5521014672967,101.414,77.095,106.58,45.9951,24.0,185.46000000000004,275.66630285933627
15/9-F-12 H,4328.635682158921,600645.8770614692,1451.8740629685158,5780.509745127436,0.2511671335200747,138.7610141313383,61.283,82.326,107.21,63.66892,13.34,194.925,377.15339141386573
15/9-F-12 H,3171.0,488607.0,5.0,3176.0,0.0015743073047858,154.0860927152318,92.397,77.339,105.902,33.05832,24.0,171.522,246.54376095544603
15/9-F-12 H,4815.0,648869.0,142.0,4957.0,0.0286463586846883,134.75991692627207,57.523,76.878,106.541,65.69139,24.0,169.238,323.02565224471294
15/9-F-12 H,2482.0,352485.0,2305.0,4787.0,0.4815124294965531,142.01651893634167,54.387,87.074,107.316,59.21212,24.0,206.513,341.61081463360796
15/9-F-12 H,5141.0,730423.0,38.0,5179.0,0.0073373238076848,142.07800038902937,54.321,77.011,106.353,70.75831,24.0,167.337,334.4461471265723
15/9-F-12 H,4471.0,625588.0,369.0,4840.0,0.0762396694214876,139.9212704093044,72.129,83.115,106.869,57.66962,24.0,185.694,317.6951793601409
15/9-F-12 H,2719.0,386724.0,23.0,2742.0,0.0083880379285193,142.23023170283193,77.071,73.183,105.951,40.82666,24.0,162.41400000000002,236.9650471572054
15/9-F-12 H,4545.0,636428.0,108.0,4653.0,0.02321083172147,140.02816281628162,74.309,81.82,106.788,55.21491,24.0,183.63,305.82365572260136
15/9-F-12 H,955.6363636363636,143499.27272727274,1925.4545454545453,2881.090909090909,0.6683074592957213,150.1609589041096,61.898,80.339,107.313,39.64561,22.0,219.706,288.8710064772494
15/9-F-12 H,2101.5761821366023,290147.8108581436,0.0,2101.5761821366023,0.0,138.062,98.563,70.642,105.955,30.48369,5.71,171.04400000000004,222.72700614545656
15/9-F-12 H,4574.0,638461.0,180.0,4754.0,0.0378628523348758,139.5848272846524,70.254,80.801,106.722,58.10174,24.0,181.151,312.05694293191095
15/9-F-12 H,2016.0,301616.0,3324.0,5340.0,0.6224719101123596,149.61111111111111,60.926,86.545,107.257,50.78386,24.0,221.142,376.0703653691348
15/9-F-12 H,3026.0,463595.0,5.0,3031.0,0.0016496205872649,153.20389953734303,94.217,74.835,105.853,32.00003,24.0,171.178,242.32986547222342
15/9-F-12 H,5238.0,728733.0,66.0,5304.0,0.0124434389140271,139.12428407789233,66.566,80.113,106.512,61.47575,24.0,176.694,338.2179712933801
15/9-F-12 H,4060.0,559249.0,6.0,4066.0,0.0014756517461878,137.7460591133005,85.512,77.368,106.11,47.51018,24.0,175.872,279.0275849266391
15/9-F-12 H,4367.0,603300.0,160.0,4527.0,0.0353434945880273,138.1497595603389,68.389,81.562,106.627,58.51604,24.0,177.69799999999998,301.47898781387994
15/9-F-12 H,1813.0,262578.0,3457.0,5270.0,0.655977229601518,144.83066740209597,58.562,90.22,107.283,51.02319,24.0,224.308,374.2549704541419
15/9-F-12 H,5278.0,730268.0,14.0,5292.0,0.0026455026455026,138.3607427055703,61.685,79.711,106.529,64.53006,24.0,171.34199999999998,337.6268793774873
15/9-F-12 H,5601.0,781601.0,551.0,6152.0,0.0895643693107932,139.54668809141225,60.325,82.333,107.065,72.90647,24.0,191.11,390.22229583948314
15/9-F-12 H,4259.0,607654.0,0.0,4259.0,0.0,142.6752758863583,92.343,80.566,106.58,47.63367,24.0,182.127,285.5699163680929
15/9-F-12 H,4301.0,604875.0,1641.0,5942.0,0.2761696398519017,140.635898628226,53.873,85.628,107.315,76.21528,24.0,199.29,387.8295972525824
15/9-F-12 H,4241.787122207622,622344.2838370566,541.3929040735874,4783.180026281209,0.1131868131868131,146.7174721189591,67.373,79.293,107.01,60.41023,22.83,188.035,319.51136327749623
15/9-F-12 H,5094.0,762917.0,12.0,5106.0,0.0023501762632197,149.76776599921476,81.571,81.684,106.297,42.94835,24.0,179.80300000000005,327.04479873399987
15/9-F-12 H,3500.0,490054.0,54.0,3554.0,0.0151941474395047,140.01542857142857,65.75,79.058,106.434,51.21957,24.0,166.444,262.6180737708685
15/9-F-12 H,2555.0,372722.0,3545.0,6100.0,0.5811475409836065,145.8794520547945,47.063,89.72,107.469,78.83273,24.0,224.886,413.1260982102832
15/9-F-12 H,5081.0,762130.0,15.0,5096.0,0.0029434850863422,149.996063766975,80.258,80.18,106.197,43.40013,24.0,178.449,327.1890755237628
15/9-F-12 H,5357.0,726693.0,10.0,5367.0,0.0018632383081796,135.65297741273102,55.573,81.233,106.614,71.12014,24.0,173.736,341.292863974392
15/9-F-12 H,2382.0,340231.0,2743.0,5125.0,0.535219512195122,142.8341729638959,62.735,88.73,107.324,52.01283,24.0,217.413,359.7311467073122
15/9-F-12 H,2997.0,427791.0,2.0,2999.0,0.0006668889629876,142.73973973973975,105.93,73.138,105.905,31.15911,24.0,176.45600000000002,240.77574094698892
15/9-F-12 H,5435.941716135995,787155.9633027522,0.0,5435.941716135995,0.0,144.80581367643555,86.19,81.436,106.799,55.0593,18.53,190.707,342.6728706427428
15/9-F-12 H,4345.0,599227.0,2405.0,6750.0,0.3562962962962963,137.91185270425777,57.885,85.067,107.265,67.704,24.0,193.74,439.31272400104785
15/9-F-12 H,3188.0,489394.0,0.0,3188.0,0.0,153.51129234629863,92.779,77.022,105.908,33.02385,24.0,171.572,246.85949758413835
15/9-F-12 H,4806.0,659614.0,135.0,4941.0,0.0273224043715847,137.2480233042031,56.584,77.672,106.556,67.30705,24.0,169.688,322.4230916126349
15/9-F-12 H,2475.0,351180.0,2298.0,4773.0,0.4814582023884349,141.8909090909091,54.418,87.009,107.319,59.17946,24.0,207.026,340.99258516289746
15/9-F-12 H,5114.0,725815.0,42.0,5156.0,0.0081458494957331,141.92706296441142,54.734,76.378,106.361,69.84177,24.0,167.263,333.4116059199226
15/9-F-12 H,4207.458208315474,588612.087441063,360.0514359194171,4567.50964423489,0.0788288288288288,139.89731051344742,75.365,79.878,106.848,52.67255,23.33,184.852,305.8074495343835
15/9-F-12 H,2714.0,385384.0,31.0,2745.0,0.0112932604735883,141.99852616064848,77.181,73.137,105.951,40.82958,24.0,162.29899999999998,237.25928945834565
15/9-F-12 H,4421.0,620759.0,133.0,4554.0,0.0292050944224857,140.41144537434968,74.84,82.135,106.784,54.67597,24.0,183.504,301.6425357464762
15/9-F-12 H,1791.0,267977.0,3489.0,5280.0,0.6607954545454545,149.62423227247348,54.648,87.878,107.426,52.63943,24.0,218.31000000000003,375.6372093377614
15/9-F-12 H,4355.0,603564.0,184.0,4539.0,0.0405375633399427,138.5910447761194,69.994,81.828,106.73,58.10112,24.0,181.664,302.1333730394573
15/9-F-12 H,2000.0,299242.0,3503.0,5503.0,0.6365618753407233,149.621,60.725,87.015,107.254,50.80705,24.0,221.665,384.8319819539638
15/9-F-14 H,1301.0,202263.0,2338.0,3639.0,0.642484198955757,155.467332820907,34.634,86.317,103.766,100.0,24.0,184.318,309.3591232637585
15/9-F-14 H,972.6141078838174,155598.34024896266,3457.814661134163,4430.428769017981,0.7804695304695304,159.97952218430035,34.124,88.229,101.081,66.72312,21.69,208.546,347.522359698161
15/9-F-14 H,528.0,77254.0,3694.0,4222.0,0.8749407863571766,146.31439393939394,32.427,88.178,99.996,100.0,24.0,223.354,346.4641682021655
15/9-F-14 H,251.0,36784.0,3426.0,3677.0,0.9317378297525156,146.54980079681275,30.792,88.015,99.635,100.0,24.0,234.652,332.62589565657476
15/9-F-14 H,104.0,16845.0,3065.0,3169.0,0.9671820763647838,161.97115384615384,28.664,86.885,99.588,100.0,24.0,239.337,320.95442956837246
15/9-F-14 H,3119.0,457662.0,5.0,3124.0,0.0016005121638924,146.73356845142675,94.45,76.96,104.621,32.30934,24.0,155.985,244.9482340993352
15/9-F-14 H,2081.0,317185.0,3594.0,5675.0,0.6333039647577092,152.41950985103315,41.718,90.047,105.924,100.0,24.0,200.381,394.00525169637496
15/9-F-14 H,1067.0,169703.0,3052.0,4119.0,0.7409565428502064,159.0468603561387,39.104,88.241,101.542,50.86614,24.0,205.425,332.8907538294674
15/9-F-14 H,3627.2,525153.6,70.4,3697.6,0.0190393768931198,144.78209086898983,96.22,71.868,105.214,31.73845,15.0,163.677,266.39556393923016
15/9-F-14 H,2416.0,338848.0,2464.0,4880.0,0.5049180327868853,140.2516556291391,58.792,89.456,106.236,42.29213,24.0,186.788,346.5842975544088
15/9-F-14 H,1914.47902571042,303237.88903924223,3843.572395128552,5758.051420838972,0.6675126903553299,158.39185750636133,39.219,89.79,105.24,96.21396,14.78,204.404,400.6769454667959
15/9-F-14 H,1299.0,202812.0,2541.0,3840.0,0.66171875,156.12933025404158,48.198,83.447,106.11,32.70094,24.0,173.053,317.3808155610499
15/9-F-14 H,972.0,152750.0,3129.0,4101.0,0.7629846378931968,157.15020576131687,32.611,88.495,101.178,89.36781,24.0,209.26,333.95251384051727
15/9-F-14 H,564.0,83087.0,4074.0,4638.0,0.8783958602846055,147.3173758865248,32.419,83.622,100.038,100.0,24.0,221.906,362.5170386630044
15/9-F-14 H,209.6866096866097,30916.23931623932,2724.786324786325,2934.472934472935,0.9285436893203884,147.44021739130434,32.301,84.959,99.446,72.40304,21.06,232.54400000000004,311.8425214751586
15/9-F-14 H,148.0,23135.0,3035.0,3183.0,0.953502984605718,156.31756756756758,27.454,86.021,99.546,100.0,24.0,237.892,320.2148019950368
15/9-F-14 H,3479.0,506024.0,3.0,3482.0,0.0008615738081562,145.45099166427136,91.608,77.075,105.262,33.43927,24.0,157.807,256.9251382575561
15/9-F-14 H,2074.0,316503.0,3563.0,5637.0,0.6320737981195671,152.6051108968177,39.561,90.521,105.619,97.91667,24.0,202.051,392.04240434767274
15/9-F-14 H,1772.0,272015.0,3984.0,5756.0,0.6921473245309242,153.50733634311513,38.826,86.445,102.779,81.16999,24.0,203.358,401.8748620800827
15/9-F-14 H,1030.0,166915.0,3387.0,4417.0,0.7668100520715417,162.05339805825244,34.723,87.941,101.389,65.19915,24.0,207.675,346.07506948971917
15/9-F-14 H,604.0,91618.0,3845.0,4449.0,0.8642391548662621,151.68543046357615,32.547,86.118,100.077,93.47029,24.0,220.569,354.1496176970784
15/9-F-14 H,488.0,87151.0,3289.0,3777.0,0.8707969287794546,178.58811475409837,31.787,86.28,99.563,100.0,24.0,230.505,330.8097955403775
15/9-F-14 H,157.0,24193.0,2980.0,3137.0,0.9499521836149188,154.0955414012739,27.31,86.62,99.532,100.0,24.0,237.308,318.7144852050239
15/9-F-14 H,1787.0,257150.0,343.0,2130.0,0.1610328638497652,143.90039171796306,76.822,76.217,105.059,28.29211,24.0,152.491,235.03419822755677
15/9-F-14 H,2370.0,340848.0,3414.0,5784.0,0.5902489626556017,143.81772151898736,50.456,90.764,106.678,59.85906,24.0,200.82,396.0823277672978
15/9-F-14 H,1344.0,208900.0,3659.0,5003.0,0.731361183290026,155.43154761904762,44.519,84.795,103.494,62.87342,24.0,202.932,368.0706384781597
15/9-F-14 H,1099.0,172099.0,2625.0,3724.0,0.7048872180451128,156.59599636032758,32.54,85.149,102.181,100.0,24.0,197.231,316.8792341842299
15/9-F-14 H,843.0,135092.0,3541.0,4384.0,0.8077098540145985,160.2514827995255,32.749,88.748,100.771,100.0,24.0,212.618,347.61722109381884
15/9-F-14 H,439.0,65717.0,3321.0,3760.0,0.8832446808510638,149.69703872437358,31.311,89.173,99.95,100.0,24.0,229.306,331.3898008749231
15/9-F-14 H,195.0,28874.0,3608.0,3803.0,0.9487246910333949,148.07179487179488,30.578,86.957,99.552,100.0,24.0,236.768,337.9002005857744
15/9-F-14 H,103.0,16370.0,2979.0,3082.0,0.9665801427644388,158.93203883495147,30.981,88.827,100.203,45.16079,24.0,238.912,318.63792898901164
15/9-F-14 H,3442.0,475742.0,279.0,3721.0,0.0749798441279226,138.2167344567112,72.375,81.753,105.341,37.76766,24.0,156.898,271.29728194443527
15/9-F-14 H,1859.0,260175.0,1298.0,3157.0,0.4111498257839721,139.95427649273802,58.942,91.794,106.606,46.69346,24.0,198.917,276.00626084609127
15/9-F-14 H,1632.0,251862.0,4151.0,5783.0,0.7177935327684593,154.32720588235293,39.595,89.903,103.85,63.80833,24.0,207.748,404.31918418891473
15/9-F-14 H,1125.0,176408.0,2741.0,3866.0,0.7090015519917227,156.8071111111111,32.68,86.097,102.499,100.0,24.0,194.988,321.9209670305678
15/9-F-14 H,894.0,145512.0,3605.0,4499.0,0.8012891753723049,162.76510067114094,32.244,88.214,100.852,100.0,24.0,211.946,351.6777968334245
15/9-F-14 H,431.0,63769.0,3712.0,4143.0,0.8959691045136374,147.95591647331787,31.588,89.17,100.119,100.0,24.0,227.545,345.1828509842496
15/9-F-14 H,212.0,31605.0,3575.0,3787.0,0.9440190124108794,149.08018867924528,30.255,86.692,99.519,100.0,24.0,235.247,337.0287034903413
15/9-F-14 H,103.0,16129.0,2860.0,2963.0,0.9652379345258184,156.59223300970874,31.42,88.538,99.931,43.15085,24.0,239.037,315.5487738808049
15/9-F-14 H,4397.0,628354.0,156.0,4553.0,0.0342631232154623,142.90516261087106,101.632,79.097,105.45,34.31705,24.0,167.928,299.7389747610219
15/9-F-14 H,1977.0,302409.0,3577.0,5554.0,0.644040331292762,152.96358118361152,38.192,91.517,104.951,100.0,24.0,205.078,388.4713260385519
15/9-F-14 H,1238.0,188913.0,2031.0,3269.0,0.6212909146527991,152.59531502423263,38.035,85.878,104.498,45.56692,24.0,181.434,296.1820119734472
15/9-F-14 H,936.0,151346.0,3412.0,4348.0,0.7847286108555658,161.69444444444446,32.165,88.198,101.022,100.0,24.0,210.289,344.6847657194484
15/9-F-14 H,601.0,87858.0,3856.0,4457.0,0.8651559344850797,146.18635607321133,32.304,87.259,99.989,100.0,24.0,221.677,354.4746274296987
15/9-F-14 H,272.0,41265.0,3513.0,3785.0,0.9281373844121532,151.70955882352942,31.103,86.404,99.642,100.0,24.0,233.736,335.71854590927194
15/9-F-14 H,141.0,22203.0,3340.0,3481.0,0.959494398161448,157.46808510638297,28.576,86.185,99.637,100.0,24.0,239.67800000000005,328.96589541170005
15/9-F-14 H,533.0,74202.0,3669.0,4202.0,0.873155640171347,139.2157598499062,31.639,88.504,100.018,100.0,24.0,225.472,345.6388855667913
15/9-F-14 H,267.0,38060.0,3291.0,3558.0,0.9249578414839796,142.54681647940075,30.733,88.669,99.649,100.0,24.0,235.697,328.50079697768973
15/9-F-14 H,98.0,15757.0,2887.0,2985.0,0.9671691792294808,160.78571428571428,31.39,86.806,99.621,43.14962,24.0,239.301,316.25123221576155
15/9-F-14 H,681.0,101739.0,4417.0,5098.0,0.8664182032169478,149.39647577092512,32.437,85.981,100.42,100.0,24.0,216.14,380.7296702816601
15/9-F-14 H,323.0,52469.0,3603.0,3926.0,0.9177279673968416,162.44272445820434,31.041,87.9,99.671,100.0,24.0,230.299,339.40275312302435
15/9-F-14 H,175.0,26671.0,2884.0,3059.0,0.94279176201373,152.40571428571428,29.578,88.06,99.448,100.0,24.0,235.793,316.08092749388254
15/9-F-14 H,1720.3938115330525,244414.06469760905,2986.216596343179,4706.610407876231,0.6344728663638537,142.06867233485937,65.924,89.58,106.171,37.3811,21.33,197.772,347.4433915583192
15/9-F-14 H,1699.0,263925.0,4306.0,6005.0,0.7170691090757702,155.3413772807534,42.127,89.729,103.275,58.54131,24.0,203.96,415.91062006879923
15/9-F-14 H,721.0,124784.0,3168.0,3889.0,0.8146052969915145,173.07073509015257,31.892,88.411,100.494,100.0,24.0,215.672,330.2071929653667
15/9-F-14 H,370.0,66721.0,3455.0,3825.0,0.9032679738562092,180.327027027027,31.028,88.027,99.867,100.0,24.0,228.7,334.8557084112193
15/9-F-14 H,157.0,25271.0,2901.0,3058.0,0.94865925441465,160.96178343949043,30.468,87.559,99.504,90.28784,24.0,236.742,316.4892892836873
15/9-F-14 H,2575.0,359872.0,2478.0,5053.0,0.4904017415396794,139.75611650485436,58.753,90.617,106.396,42.74849,24.0,188.739,353.31259431542543
15/9-F-14 H,1784.0,278647.0,4199.0,5983.0,0.7018218285141233,156.19226457399105,40.454,89.445,104.423,65.32453,24.0,204.365,414.11824183489205
15/9-F-14 H,1251.0,192484.0,2404.0,3655.0,0.6577291381668947,153.86410871302957,34.497,86.227,103.584,100.0,24.0,186.483,311.04499229625685
15/9-F-14 H,357.52773375594296,66614.26307448494,1494.770206022187,1852.29793977813,0.8069815195071869,186.3191489361702,44.989,68.941,100.808,11.46654,6.31,216.583,281.5065099908106
15/9-F-14 H,4149.0,575330.0,6.0,4155.0,0.0014440433212996,138.66714871053267,87.773,78.811,104.701,36.27033,24.0,157.208,282.04671881109465
15/9-F-14 H,777.0,113851.0,3251.0,4028.0,0.8071002979145978,146.52638352638354,32.474,89.069,100.684,100.0,24.0,212.794,334.6036804796085
15/9-F-14 H,326.0,48669.0,3490.0,3816.0,0.9145702306079664,149.2914110429448,31.122,87.679,99.888,97.91667,24.0,229.804,335.6469937170778
15/9-F-14 H,191.0,29326.0,3135.0,3326.0,0.9425736620565244,153.5392670157068,30.292,87.676,99.451,100.0,24.0,236.629,323.17912116327034
15/9-F-14 H,3685.0,534316.0,1.0,3686.0,0.0002712967986977,144.9975576662144,81.258,77.447,105.22,35.77642,24.0,152.51100000000002,265.1664412956856
15/9-F-14 H,2900.0,404485.0,1326.0,4226.0,0.313771888310459,139.47758620689655,61.712,88.994,106.029,42.01759,24.0,179.41699999999997,306.1280539280403
15/9-F-14 H,2055.0,315985.0,3695.0,5750.0,0.6426086956521739,153.7639902676399,41.124,90.952,105.817,100.0,24.0,200.592,398.4069362935359
15/9-F-14 H,2727.0,382361.0,1760.0,4487.0,0.3922442611990194,140.21305463879722,54.09,87.835,106.136,44.94371,24.0,182.205,322.74479486137403
15/9-F-14 H,1965.0,298806.0,3689.0,5654.0,0.6524584365051291,152.06412213740458,39.337,89.698,105.512,100.0,24.0,202.799,394.0843048428871
15/9-F-14 H,988.0,160249.0,3281.0,4269.0,0.7685640665261185,162.19534412955466,33.585,88.083,101.319,75.30807,24.0,208.256,340.53907724672223
15/9-F-14 H,633.0,94516.0,3813.0,4446.0,0.8576248313090419,149.31437598736176,32.157,88.117,100.038,100.0,24.0,219.959,353.50067872755335
15/9-F-14 H,267.1807228915663,38743.51807228916,2987.5662650602408,3254.746987951807,0.917910447761194,145.00865800865802,35.896,81.985,99.494,65.13958,20.75,232.168,319.3439435736709
15/9-F-14 H,156.0,25060.0,3310.0,3466.0,0.9549913444893248,160.64102564102564,27.94,85.702,99.599,100.0,24.0,238.623,328.15760204837164
15/9-F-14 H,1972.0,276018.0,104.0,2076.0,0.0500963391136801,139.9685598377282,77.082,74.228,105.052,28.20956,24.0,152.768,227.2545486146342
15/9-F-14 H,1492.2390722569137,220668.3318465656,2395.7181088314005,3887.957181088314,0.6161894273127754,147.87733142037305,67.782,89.273,106.369,32.99242,22.42,201.613,314.60613418472303
15/9-F-14 H,1911.6521739130435,298869.9130434783,4609.04347826087,6520.695652173914,0.7068330932949272,156.34115720524017,44.844,86.565,103.467,57.5494,23.0,202.828,444.5118140563415
15/9-F-14 H,1054.0,166025.0,2680.0,3734.0,0.7177289769683985,157.51897533206832,32.537,86.552,102.113,100.0,24.0,197.315,318.04144655403957
15/9-F-14 H,868.0,137900.0,3709.0,4577.0,0.8103561284684291,158.8709677419355,32.501,89.199,100.725,100.0,24.0,212.828,355.3052403891309
15/9-F-14 H,451.0,67332.0,3207.0,3658.0,0.8767085839256424,149.29490022172948,31.31,89.087,99.974,100.0,24.0,229.381,327.6740191954747
15/9-F-14 H,218.0,31908.0,2934.0,3152.0,0.9308375634517766,146.36697247706422,30.481,88.163,99.532,97.91667,24.0,236.40500000000003,317.54623665000815
15/9-F-14 H,113.0,18753.0,3185.0,3298.0,0.9657368101879928,165.95575221238937,27.524,89.154,100.338,100.0,24.0,238.399,324.263950831304
15/9-F-14 H,3451.0,465749.0,19.0,3470.0,0.0054755043227665,134.96059113300493,66.311,81.472,105.304,39.80267,24.0,154.724,258.52776205920725
15/9-F-14 H,2676.0,374325.0,3077.0,5753.0,0.5348513818877108,139.8822869955157,47.616,93.11,106.753,66.15916,24.0,201.925,390.7648112797251
15/9-F-14 H,1615.0,252054.0,4268.0,5883.0,0.7254801971783104,156.0705882352941,38.851,91.456,103.765,69.59435,24.0,207.888,409.89757310567046
15/9-F-14 H,1102.0,172658.0,2707.0,3809.0,0.7106852192176424,156.6769509981851,32.648,86.676,102.407,100.0,24.0,195.408,320.04920134315574
15/9-F-14 H,796.0,134589.0,3589.0,4385.0,0.8184720638540479,169.08165829145727,32.211,88.949,100.816,100.0,24.0,212.136,348.41689950075374
15/9-F-14 H,451.0,66453.0,3687.0,4138.0,0.8910101498308362,147.3458980044346,31.483,88.2,100.069,100.0,24.0,228.52,344.6708943324821
15/9-F-14 H,207.0,30120.0,3171.0,3378.0,0.938721136767318,145.5072463768116,30.36,88.117,99.498,100.0,24.0,235.367,324.3709899027972
15/9-F-14 H,106.0,17387.0,3064.0,3170.0,0.9665615141955836,164.02830188679246,29.247,89.061,100.042,56.41115,24.0,238.675,320.89941822725854
15/9-F-14 H,2967.766258246937,413481.9981149859,102.92177191328936,3070.6880301602264,0.0335174953959484,139.32431402439025,110.741,66.183,105.216,30.5,21.22,166.87,246.09698519983348
15/9-F-14 H,2353.0,324893.0,2029.0,4382.0,0.4630305796439982,138.07607309817254,59.425,89.452,106.267,42.23992,24.0,183.483,322.5725288880017
15/9-F-14 H,1932.0,298150.0,3578.0,5510.0,0.6493647912885663,154.32194616977225,37.945,90.979,104.83,100.0,24.0,205.444,386.72295071478084
15/9-F-14 H,1244.0,191914.0,2125.0,3369.0,0.630750964677946,154.27170418006432,36.556,85.745,104.106,51.39925,24.0,182.419,299.9178926995273
15/9-F-14 H,408.7431693989071,70518.03278688525,2286.338797814208,2695.0819672131147,0.8483373884833739,172.524064171123,41.234,72.669,100.772,20.50801,10.98,217.926,299.1596836934939
15/9-F-14 H,535.0,77918.0,3756.0,4291.0,0.8753204381263109,145.6411214953271,32.247,88.349,99.959,100.0,24.0,222.35700000000003,348.98481065493957
15/9-F-14 H,262.0,38864.0,3474.0,3736.0,0.9298715203426124,148.33587786259542,30.823,87.178,99.653,100.0,24.0,234.11,334.31517863785604
15/9-F-14 H,130.0,20565.0,3211.0,3341.0,0.9610894941634242,158.19230769230768,28.294,87.85,99.629,100.0,24.0,239.171,325.1056890655239
15/9-F-14 H,1687.0,264022.0,4140.0,5827.0,0.7104856701561696,156.50385299347954,40.703,89.014,104.08,61.31321,24.0,205.765,406.3853650858708
15/9-F-14 H,1186.0,185503.0,2739.0,3925.0,0.6978343949044586,156.4106239460371,32.887,85.888,102.806,100.0,24.0,193.775,323.189018719168
15/9-F-14 H,934.0,152936.0,3572.0,4506.0,0.7927208166888593,163.74304068522483,32.361,87.638,100.934,100.0,24.0,212.168,351.40669321814204
15/9-F-14 H,183.29764453961457,10156.745182012848,2545.610278372591,2728.9079229122053,0.9328311362209668,55.41121495327103,39.733,76.948,99.924,24.50581,14.01,232.379,308.45499093174743
15/9-F-14 H,250.0,36397.0,3270.0,3520.0,0.9289772727272728,145.588,30.503,87.781,99.6,100.0,24.0,235.69,327.68879333658055
15/9-F-14 H,108.0,17030.0,3883.0,3991.0,0.9729391130042596,157.6851851851852,31.346,88.167,99.703,43.01633,24.0,239.28,345.828940328273
15/9-F-14 H,660.0,98394.0,3685.0,4345.0,0.8481012658227848,149.0818181818182,32.319,88.405,100.273,100.0,24.0,217.043,349.01484602733797
15/9-F-14 H,349.0,56794.0,3879.0,4228.0,0.9174550614947966,162.73352435530086,28.853,88.105,99.636,100.0,24.0,230.061,349.78300559515566
15/9-F-14 H,153.0,23709.0,3260.0,3413.0,0.9551714034573688,154.9607843137255,28.442,87.862,99.492,100.0,24.0,237.355,326.65646316697075
15/9-F-14 H,4207.0,598685.0,3.0,4210.0,0.0007125890736342,142.30686950320893,63.629,77.768,104.986,43.25631,24.0,148.185,287.48886925394146
15/9-F-14 H,331.0,51158.0,3326.0,3657.0,0.9094886519004648,154.55589123867068,31.069,87.746,99.68,100.0,24.0,230.195,330.20575656070986
15/9-F-14 H,192.0,29067.0,3129.0,3321.0,0.942186088527552,151.390625,27.55,88.321,99.507,100.0,24.0,235.742,323.0271819115204
15/9-F-14 H,4378.0,641010.0,6.0,4384.0,0.0013686131386861,146.41617176793056,82.197,77.586,104.808,39.69013,24.0,158.852,293.23220921961666
15/9-F-14 H,1707.0,268695.0,4334.0,6041.0,0.7174308889256745,157.40773286467487,40.355,88.479,103.284,66.11365,24.0,204.592,418.17879785233816
15/9-F-14 H,749.0,110519.0,3876.0,4625.0,0.8380540540540541,147.5554072096128,31.853,88.787,100.453,100.0,24.0,216.072,359.0707866763086
15/9-F-14 H,332.0,53988.0,3323.0,3655.0,0.9091655266757864,162.6144578313253,31.202,89.146,99.868,100.0,24.0,229.034,330.02292965279787
15/9-F-14 H,186.0,27862.0,2995.0,3181.0,0.9415278214397989,149.79569892473117,30.284,87.587,99.361,100.0,24.0,236.55,319.179738130045
15/9-F-14 H,2549.0,356322.0,2402.0,4951.0,0.4851545142395476,139.78893683797568,58.425,90.255,106.382,42.69167,24.0,188.38,348.38015295320406
15/9-F-14 H,1789.0,279351.0,4229.0,6018.0,0.7027251578597541,156.14924538848518,40.651,89.799,104.414,65.2284,24.0,204.502,415.9956785113813
15/9-F-14 H,1241.0,190707.0,2396.0,3637.0,0.6587847126752818,153.67203867848508,34.506,86.965,103.552,100.0,24.0,186.845,310.47155766743043
15/9-F-14 H,934.0,148427.0,3334.0,4268.0,0.7811621368322399,158.9154175588865,36.48,85.962,101.145,59.11393,24.0,206.747,341.45220976498604
15/9-F-14 H,586.0,85785.0,3625.0,4211.0,0.8608406554262645,146.39078498293514,32.517,87.932,99.988,100.0,24.0,223.4,345.0513695713303
15/9-F-14 H,249.0,36177.0,3176.0,3425.0,0.9272992700729928,145.289156626506,30.446,86.843,99.599,100.0,24.0,234.607,324.81032888809045
15/9-F-14 H,113.0,18754.0,3204.0,3317.0,0.96593307205306,165.9646017699115,27.548,87.988,99.59,100.0,24.0,239.007,324.8125195407798
15/9-F-14 H,4118.0,570959.0,6.0,4124.0,0.001454898157129,138.64958717824186,87.395,79.229,104.716,36.24301,24.0,156.91700000000003,280.7434574481635
15/9-F-14 H,765.0,112420.0,3220.0,3985.0,0.8080301129234629,146.95424836601308,32.778,88.919,100.678,99.90798,24.0,212.813,333.1820400754763
15/9-F-14 H,337.0,50734.0,3493.0,3830.0,0.9120104438642298,150.5459940652819,31.107,86.602,99.887,97.91667,24.0,229.963,335.9167980406017
15/9-F-14 H,188.0,29222.0,2981.0,3169.0,0.9406752918901862,155.43617021276594,30.328,87.758,99.448,100.0,24.0,236.544,318.74283805000334
15/9-F-14 H,3526.0,509273.0,1.0,3527.0,0.0002835270768358,144.43363584798638,82.236,75.958,105.215,35.32137,24.0,152.58499999999998,259.68267161320256
15/9-F-14 H,2919.0,408679.0,1119.0,4038.0,0.2771173848439822,140.00650907845153,61.149,89.324,106.041,42.24799,24.0,179.555,296.3002494998033
15/9-F-14 H,2056.0,316554.0,3617.0,5673.0,0.6375815265291733,153.965953307393,41.046,90.622,105.804,100.0,24.0,200.568,394.2114376165031
15/9-F-14 H,1860.0,278393.0,3944.0,5804.0,0.6795313576843556,149.6736559139785,39.377,86.468,102.78,77.85393,24.0,201.511,403.4177579764086
15/9-F-14 H,927.9039862837548,151507.58679811403,2963.7376768109734,3891.641663094728,0.7615648955855142,163.27937915742794,39.273,87.177,101.478,51.92849,23.33,208.005,326.36180471539353
15/9-F-14 H,282.0,45921.0,3199.0,3481.0,0.9189887963228958,162.8404255319149,31.786,86.087,99.581,100.0,24.0,229.893,325.6273873684375
15/9-F-14 H,163.0,24845.0,2997.0,3160.0,0.9484177215189872,152.4233128834356,29.119,87.483,99.565,77.47441,24.0,238.227,319.1842646115701
15/9-F-14 H,4380.0,629307.0,144.0,4524.0,0.0318302387267904,143.67739726027398,97.129,80.237,105.365,34.69769,24.0,164.35199999999998,298.6590514644152
15/9-F-14 H,2501.0,350906.0,2280.0,4781.0,0.4768876804015896,140.3062774890044,61.242,89.822,106.276,40.50128,24.0,188.947,340.1886020003202
15/9-F-14 H,1892.0,289292.0,3664.0,5556.0,0.6594672426205903,152.90274841437633,38.52,89.06,105.1,100.0,24.0,198.81,389.6742725684489
15/9-F-14 H,1276.0,159326.0,2293.0,3569.0,0.6424768842813113,124.86363636363636,41.466,84.399,105.153,37.31383,24.0,178.249,307.7077277372221
15/9-F-14 H,964.0,145350.0,3363.0,4327.0,0.7772128495493413,150.7780082987552,32.129,85.703,101.117,99.05895,24.0,209.666,343.5020970231986
15/9-F-14 H,480.3118908382066,74780.50682261208,3950.09746588694,4430.409356725146,0.8915874692009856,155.6915584415584,33.474,86.708,99.998,64.98126,15.39,220.964,355.33931574587854
15/9-F-14 H,273.0,41698.0,3266.0,3539.0,0.9228595648488274,152.73992673992674,30.734,86.903,99.52,100.0,24.0,231.889,327.724769447986
15/9-F-14 H,144.0,22399.0,2894.0,3038.0,0.9526003949967085,155.54861111111111,28.768,87.989,99.525,100.0,24.0,237.927,316.3574506724084
15/9-F-14 H,2714.0,380460.0,1998.0,4712.0,0.4240237691001697,140.18422991893885,53.968,88.429,106.149,45.87758,24.0,182.379,334.35158164312014
15/9-F-14 H,1961.0,298580.0,3724.0,5685.0,0.6550571679859278,152.25905150433454,39.481,91.018,105.498,100.0,24.0,202.389,395.6750606839808
15/9-F-14 H,964.0,156953.0,3251.0,4215.0,0.7712930011862397,162.8143153526971,33.907,87.729,101.3,75.25967,24.0,208.42200000000005,338.72417950951814
15/9-F-14 H,631.0,94044.0,3748.0,4379.0,0.8559031742406942,149.03961965134707,32.189,88.137,100.055,100.0,24.0,219.891,350.8507157257921
15/9-F-14 H,282.0,40768.0,3228.0,3510.0,0.9196581196581196,144.5673758865248,32.965,86.586,99.535,84.24666,24.0,231.899,326.66738835095407
15/9-F-14 H,158.0,25218.0,3326.0,3484.0,0.9546498277841562,159.60759493670886,28.149,86.68,99.606,100.0,24.0,238.791,328.6446003850744
15/9-F-14 H,1974.0,275823.0,103.0,2077.0,0.0495907558979297,139.72796352583586,77.078,74.552,105.051,28.21941,24.0,152.797,227.1937056357298
15/9-F-14 H,1730.0,252875.0,2873.0,4603.0,0.624158157723224,146.17052023121389,62.734,90.017,106.435,39.69323,24.0,201.046,342.6019098614433
15/9-F-14 H,2009.550249861188,290998.33425874513,4151.027207107162,6160.577456968351,0.6738048886004758,144.80769230769232,41.442,89.676,103.536,65.73413,18.01,201.263,421.35308833395
15/9-F-14 H,1054.0,166312.0,2700.0,3754.0,0.7192328183271177,157.79127134724857,32.537,86.561,102.107,100.0,24.0,197.381,318.8155978288642
15/9-F-14 H,850.0,140230.0,3714.0,4564.0,0.8137598597721297,164.9764705882353,32.651,89.264,100.73,100.0,24.0,213.06,355.0457175623942
15/9-F-14 H,452.0,67060.0,3816.0,4268.0,0.8940955951265229,148.36283185840708,31.28,88.996,99.965,100.0,24.0,229.266,349.4976891064985
15/9-F-14 H,214.0,31739.0,2896.0,3110.0,0.9311897106109324,148.31308411214954,30.413,87.685,99.529,97.91667,24.0,236.454,316.4640390205428
15/9-F-14 H,110.51964512040556,18229.657794676805,3098.6058301647654,3209.125475285171,0.965560821484992,164.94495412844037,29.13,89.075,100.321,91.16232,23.67,238.639,321.84655547205
15/9-F-14 H,3290.339655932951,462485.3992059991,19.056021173356857,3309.395677106308,0.0057581573896353,140.55855855855856,68.254,78.758,105.24,35.77148,22.67,154.68200000000002,253.53239181291133
15/9-F-14 H,2626.0,374542.0,3195.0,5821.0,0.548874763786291,142.62833206397562,47.827,93.012,106.75,66.15313,24.0,201.716,395.4236881899519
15/9-F-14 H,1616.0,252651.0,4269.0,5885.0,0.7254035683942226,156.34344059405942,38.866,91.563,103.754,69.56379,24.0,207.876,410.00508784474664
15/9-F-14 H,1086.0,170859.0,2696.0,3782.0,0.7128503437334743,157.32872928176795,32.842,86.562,102.385,100.0,24.0,195.462,319.2872725280906
15/9-F-14 H,826.0,138455.0,3542.0,4368.0,0.8108974358974359,167.62106537530266,32.224,88.881,100.813,100.0,24.0,212.219,347.2397489806968
15/9-F-14 H,453.0,66007.0,3560.0,4013.0,0.8871168701719412,145.71081677704194,31.502,88.626,100.063,100.0,24.0,228.524,340.06289527712426
15/9-F-14 H,205.0,29900.0,3447.0,3652.0,0.943866374589266,145.85365853658536,30.356,88.072,99.499,100.0,24.0,235.386,332.821646319252
15/9-F-14 H,109.04543559816592,17648.353480616926,3095.289704043352,3204.335139641518,0.9659694036840462,161.84403669724773,28.249,89.287,100.08,88.61951,23.99,238.556,321.76873182469296
15/9-F-14 H,3228.149829738933,450679.6821793416,476.7309875141884,3704.880817253121,0.1286764705882352,139.60928270042191,106.442,64.777,105.142,25.0324,8.81,166.635,274.2079227536925
15/9-F-14 H,2446.641318124208,339404.8162230672,2166.7934093789604,4613.434727503169,0.4696703296703295,138.722751761293,60.339,88.618,106.244,39.95633,23.67,183.4,332.6443503368643
15/9-F-14 H,1898.0,291334.0,3939.0,5837.0,0.6748329621380846,153.49525816649106,37.948,90.819,104.82,97.91667,24.0,205.505,404.7719765391554
15/9-F-14 H,1236.0,191588.0,2130.0,3366.0,0.6327985739750446,155.0064724919094,36.473,86.315,104.23,52.23725,24.0,182.852,299.91151717815313
15/9-F-14 H,808.953258722844,136035.28637261357,4212.244897959184,5021.198156682028,0.8388923851478918,168.162109375,33.002,86.754,101.02,55.351,15.19,210.202,375.87641706139283
15/9-F-14 H,530.0,77112.0,3758.0,4288.0,0.8763992537313433,145.49433962264152,32.18,87.767,99.959,100.0,24.0,222.55,348.97358215130316
15/9-F-14 H,261.0,38706.0,3486.0,3747.0,0.9303442754203364,148.29885057471265,30.751,86.807,99.656,100.0,24.0,234.231,334.7040419159215
15/9-F-14 H,128.0,20437.0,3191.0,3319.0,0.9614341669177464,159.6640625,28.279,86.806,99.629,100.0,24.0,239.186,324.5278824092399
15/9-F-14 H,107.0,17023.0,2860.0,2967.0,0.9639366363329964,159.09345794392524,31.451,88.482,99.712,43.29153,24.0,239.26,315.5212749785483
15/9-F-14 H,673.0,98851.0,3805.0,4478.0,0.8497096918267083,146.8811292719168,32.187,86.512,100.262,100.0,24.0,217.117,354.22912738335816
15/9-F-14 H,363.0,57466.0,3969.0,4332.0,0.9162049861495845,158.30853994490357,28.646,86.733,99.638,100.0,24.0,230.106,353.48731245774655
15/9-F-14 H,162.0,24524.0,3354.0,3516.0,0.953924914675768,151.3827160493827,27.797,87.771,99.515,100.0,24.0,237.499,329.5484117676383
15/9-F-14 H,4232.0,603345.0,5.0,4237.0,0.0011800802454566,142.56734404536863,63.692,77.896,104.989,43.31894,24.0,148.174,288.630834105991
15/9-F-14 H,616.8039538714992,92196.37561779242,2989.126853377265,3605.930807248764,0.8289473684210525,149.47435897435898,32.334,88.808,100.338,53.56819,12.14,218.055,322.3360400742969
15/9-F-14 H,327.0,50458.0,3320.0,3647.0,0.91033726350425,154.30581039755353,31.036,88.105,99.68,100.0,24.0,230.313,329.9586654874386
15/9-F-14 H,193.0,29141.0,3125.0,3318.0,0.9418324291742012,150.9896373056995,27.519,87.004,99.508,100.0,24.0,235.83,322.9366739107508
15/9-F-14 H,4814.0,700784.0,8.0,4822.0,0.0016590626296142,145.57208142916494,77.008,75.619,104.879,42.01485,24.0,160.051,314.4167404388993
15/9-F-14 H,2379.0189412336085,349391.7435648373,3182.127246236037,5561.146187469645,0.5722070844686649,146.86379225869672,52.591,92.31,106.398,50.76504,20.59,200.07,383.5499068192047
15/9-F-14 H,1700.0,266850.0,4337.0,6037.0,0.7184031803876098,156.97058823529412,40.275,88.222,103.28,66.12885,24.0,204.72,418.00602749993317
15/9-F-14 H,738.0,109108.0,3857.0,4595.0,0.8393906420021763,147.84281842818427,31.827,88.929,100.452,100.0,24.0,216.056,357.9707865597477
15/9-F-14 H,327.0,52391.0,3472.0,3799.0,0.9139247170307976,160.217125382263,31.199,89.2,99.859,100.0,24.0,229.066,334.9504790589417
15/9-F-14 H,187.0,28136.0,2994.0,3181.0,0.9412134548884,150.45989304812835,30.233,86.028,99.368,100.0,24.0,236.467,319.17070115940805
15/9-F-14 H,2590.0,362544.0,2448.0,5038.0,0.4859071059944422,139.97837837837838,56.845,90.529,106.378,43.89416,24.0,187.906,352.47005546405745
15/9-F-14 H,1790.0,278960.0,4126.0,5916.0,0.6974306964164977,155.84357541899442,40.652,90.292,104.405,65.21183,24.0,204.485,410.21943442660006
15/9-F-14 H,1235.0,189845.0,2394.0,3629.0,0.6596858638743456,153.72064777327935,34.472,86.906,103.521,100.0,24.0,187.089,310.28074298894023
15/9-F-14 H,963.0,153883.0,3406.0,4369.0,0.7795834287022202,159.79543094496364,29.122,86.402,101.204,66.20072,24.0,213.681,345.2969856588522
15/9-F-14 H,585.0,85747.0,3619.0,4204.0,0.8608468125594672,146.57606837606838,32.456,86.281,100.004,100.0,24.0,223.677,344.861228766031
15/9-F-14 H,250.0,36522.0,3174.0,3424.0,0.9269859813084113,146.088,30.501,86.635,99.599,100.0,24.0,234.585,324.7534511690769
15/9-F-14 H,109.0,18147.0,3195.0,3304.0,0.9670096852300242,166.4862385321101,27.539,88.107,99.588,100.0,24.0,238.976,324.54264921965813
15/9-F-14 H,4127.0,575616.0,6.0,4133.0,0.001451729978224,139.47564817058395,87.281,77.396,104.717,36.02009,24.0,156.771,281.5935616693464
15/9-F-14 H,758.0,112361.0,3229.0,3987.0,0.8098821168798596,148.2335092348285,32.94,89.085,100.659,100.0,24.0,212.825,333.36726469543544
15/9-F-14 H,341.0,53216.0,3526.0,3867.0,0.9118179467287304,156.05865102639297,31.133,87.027,99.887,100.0,24.0,229.819,337.06039208382634
15/9-F-14 H,190.0,29090.0,3100.0,3290.0,0.9422492401215804,153.10526315789474,30.353,88.477,99.448,100.0,24.0,236.519,322.1486552112706
15/9-F-14 H,3680.0,532149.0,2.0,3682.0,0.0005431830526887,144.60570652173914,81.539,74.27,105.218,35.80701,24.0,152.935,265.70464290823975
15/9-F-14 H,2920.0,408027.0,1804.0,4724.0,0.3818797629127857,139.73527397260273,60.896,89.263,106.046,42.27879,24.0,179.70600000000002,331.53318197287416
15/9-F-14 H,2064.0,308530.0,3628.0,5692.0,0.6373858046380886,149.48158914728683,41.121,91.222,105.798,100.0,24.0,200.675,394.7769962285583
15/9-F-14 H,1940.0,294988.0,4059.0,5999.0,0.6766127687947991,152.05567010309278,39.142,86.831,102.801,79.78844,24.0,201.443,413.72230645065486
15/9-F-14 H,905.5801594331268,150917.27192205493,2680.602302922941,3586.182462356068,0.7474807350326023,166.65258215962442,37.129,88.136,101.524,27.28272,11.29,206.832,315.10445813959564
15/9-F-14 H,961.0,148446.0,3344.0,4305.0,0.7767711962833914,154.4703433922997,32.165,87.083,101.109,99.05159,24.0,209.63,342.5592724927824
15/9-F-14 H,474.7493163172288,69987.23792160438,3341.8413855970825,3816.590701914312,0.8756090570364,147.4193548387097,36.35,83.643,99.927,69.54223,21.94,221.878,332.75968885559575
15/9-F-14 H,268.0,40884.0,3227.0,3495.0,0.923319027181688,152.55223880597015,30.815,87.556,99.542,100.0,24.0,232.17900000000003,326.4496669076237
15/9-F-14 H,136.0,21070.0,2904.0,3040.0,0.9552631578947368,154.9264705882353,28.811,87.108,99.524,100.0,24.0,237.933,316.64805540347567
15/9-F-14 H,2712.0,379376.0,1801.0,4513.0,0.3990693551961001,139.88790560471978,53.876,86.191,106.154,46.00541,24.0,182.58,324.5430747882519
15/9-F-14 H,1998.0,299612.0,3529.0,5527.0,0.638501899764791,149.95595595595594,39.485,91.021,105.497,100.0,24.0,202.364,386.61772910539946
15/9-F-14 H,978.0,159381.0,3259.0,4237.0,0.7691763039886712,162.96625766871165,33.521,86.996,101.297,75.33502,24.0,208.27,339.44783763528875
15/9-F-14 H,628.0,93977.0,3655.0,4283.0,0.8533738034088256,149.64490445859872,32.141,87.521,100.053,100.0,24.0,219.878,347.1378849738806
15/9-F-14 H,313.0,45323.0,3324.0,3637.0,0.9139400604894145,144.80191693290735,31.942,85.259,99.549,100.0,24.0,232.064,330.063598351252
15/9-F-14 H,159.0,25290.0,3394.0,3553.0,0.955249085280045,159.0566037735849,28.356,88.275,99.615,100.0,24.0,238.85700000000003,330.70078563219744
15/9-F-14 H,1990.0,278744.0,106.0,2096.0,0.0505725190839694,140.07236180904522,76.914,74.608,105.046,28.44815,24.0,152.68400000000003,227.45790950130885
15/9-F-14 H,2033.0,295471.0,3297.0,5330.0,0.6185741088180112,145.33743236596163,57.183,92.503,106.5,47.93238,24.0,201.58,374.61828826032405
15/9-F-14 H,1057.0,166920.0,2685.0,3742.0,0.7175307322287546,157.918637653737,32.52,86.585,102.095,100.0,24.0,197.328,318.28579687871564
15/9-F-14 H,873.0,137326.0,3502.0,4375.0,0.8004571428571429,157.30355097365407,32.487,89.435,100.707,100.0,24.0,212.958,346.7315637799897
15/9-F-14 H,444.0,65989.0,3035.0,3479.0,0.8723771198620294,148.62387387387386,31.189,88.863,99.952,100.0,24.0,229.058,321.91558181855345
15/9-F-14 H,114.0,18544.0,3149.0,3263.0,0.9650628256205944,162.66666666666666,27.729,89.504,100.346,100.0,24.0,238.273,323.2637013774301
15/9-F-14 H,3768.0,527805.0,21.0,3789.0,0.0055423594615993,140.07563694267515,64.988,81.229,105.297,40.27267,24.0,154.352,270.0632584311863
15/9-F-14 H,2613.0,373944.0,3311.0,5924.0,0.5589128966914247,143.10907003444316,47.887,92.264,106.748,66.26804,24.0,201.695,401.63079662208696
15/9-F-14 H,1626.0,252532.0,4260.0,5886.0,0.7237512742099899,155.30873308733086,38.818,91.372,103.743,69.63218,24.0,207.88100000000003,409.9258468805176
15/9-F-14 H,1096.0,172278.0,2707.0,3803.0,0.7118064685774389,157.18795620437956,32.583,86.391,102.38,100.0,24.0,195.408,319.9427990788728
15/9-F-14 H,834.0,139443.0,3445.0,4279.0,0.8050946482823089,167.1978417266187,32.196,86.993,100.812,100.0,24.0,212.409,343.56289776730137
15/9-F-14 H,452.0,65441.0,3562.0,4014.0,0.8873941205779771,144.78097345132744,31.551,89.373,100.06,100.0,24.0,228.486,340.10039529697957
15/9-F-14 H,206.0,30045.0,3177.0,3383.0,0.939107301211942,145.8495145631068,30.341,87.958,99.494,100.0,24.0,235.429,324.5435086856887
15/9-F-14 H,100.7380073800738,16308.487084870849,2850.553505535056,2951.2915129151293,0.9658664666166542,161.8901098901099,34.183,82.431,99.976,58.29478,21.68,239.93,315.32928902246005
15/9-F-14 H,4047.129909365559,565775.2265861027,94.25981873111785,4141.389728096677,0.0227604318646046,139.7966557181248,97.805,78.17,105.463,33.22987,19.86,166.49,281.9555730155512
15/9-F-14 H,2245.5172413793102,318070.0689655172,1843.8620689655168,4089.379310344827,0.4508904479222881,141.64668304668305,66.354,81.36,106.105,30.61271,21.75,185.512,311.0775880898501
15/9-F-14 H,1907.0,292084.0,3931.0,5838.0,0.6733470366563892,153.16413214472993,37.952,91.388,104.807,100.0,24.0,205.486,404.66348479814303
15/9-F-14 H,1238.0,191157.0,2132.0,3370.0,0.6326409495548961,154.40791599353796,36.47,86.299,104.203,52.6295,24.0,183.025,300.0405703536341
15/9-F-14 H,527.0,76410.0,3726.0,4253.0,0.8760874676698801,144.99051233396585,32.463,87.123,99.955,100.0,24.0,222.767,347.7007910131461
15/9-F-14 H,261.0,38671.0,3589.0,3850.0,0.9322077922077924,148.1647509578544,30.768,87.105,99.654,100.0,24.0,234.158,338.12075752427285
15/9-F-14 H,101.55329405463308,16194.536689876806,2682.80664167113,2784.359935725763,0.963527239150508,159.46835443037975,30.188,84.949,99.594,60.97388,18.67,240.09500000000003,311.15194674187694
15/9-F-14 H,1166.0,182548.0,2670.0,3836.0,0.6960375391032325,156.5591766723842,32.9,85.663,102.769,100.0,24.0,194.029,319.9798020020968
15/9-F-14 H,938.0,152982.0,3620.0,4558.0,0.7942079859587539,163.09381663113007,32.373,88.216,100.926,97.91667,24.0,212.308,353.53714530437907
15/9-F-14 H,479.0,69310.0,3133.0,3612.0,0.8673864894795127,144.6972860125261,31.49,88.223,99.926,100.0,24.0,225.994,325.60036996320287
15/9-F-14 H,249.0,36249.0,3251.0,3500.0,0.9288571428571428,145.57831325301206,30.442,86.387,99.589,100.0,24.0,235.698,327.1161441261112
15/9-F-14 H,106.0,16918.0,2860.0,2966.0,0.9642616318273768,159.60377358490567,31.508,88.602,99.723,43.26442,24.0,239.24,315.5208375929214
15/9-F-14 H,707.0,104182.0,3701.0,4408.0,0.8396098003629764,147.35785007072135,32.473,87.076,100.255,100.0,24.0,217.105,350.8324880661422
15/9-F-14 H,364.0,57046.0,3812.0,4176.0,0.9128352490421456,156.71978021978023,28.64,84.826,99.637,100.0,24.0,230.178,347.6907710026967
15/9-F-14 H,189.0,28886.0,3395.0,3584.0,0.947265625,152.83597883597884,27.821,86.733,99.525,100.0,24.0,237.735,331.03224924592456
15/9-F-14 H,4195.0,594618.0,4.0,4199.0,0.0009526077637532,141.74445768772347,63.927,78.423,104.995,42.79612,24.0,148.184,286.81213360975335
15/9-F-14 H,2582.0,362655.0,2478.0,5060.0,0.4897233201581027,140.45507358636715,56.22,90.421,106.357,44.26395,24.0,187.022,353.81171389242365
15/9-F-14 H,1635.2,255895.46666666667,4323.2,5958.4,0.7255639097744361,156.4918460534899,42.402,89.12,104.376,59.95018,22.5,205.483,413.98244827079094
15/9-F-14 H,1214.0,186863.0,2421.0,3635.0,0.6660247592847318,153.92339373970347,34.436,86.66,103.494,100.0,24.0,187.246,310.96173626428947
15/9-F-14 H,999.0,158800.0,3454.0,4453.0,0.7756568605434538,158.95895895895896,34.364,87.784,101.157,71.85809,24.0,208.047,348.0907931632941
15/9-F-14 H,577.0,85017.0,3649.0,4226.0,0.8634642688121155,147.3431542461005,32.487,87.778,100.008,100.0,24.0,223.684,345.78445665376404
15/9-F-14 H,249.0,37369.0,3218.0,3467.0,0.9281799826939716,150.07630522088354,30.552,87.868,99.614,100.0,24.0,234.991,326.0377886885836
15/9-F-14 H,109.0,18047.0,3167.0,3276.0,0.9667277167277168,165.5688073394495,27.539,88.034,99.59,100.0,24.0,238.93100000000004,323.75784776349167
15/9-F-14 H,3941.0,549953.0,8.0,3949.0,0.0020258293238794,139.54656178634863,87.599,77.916,104.711,35.57455,24.0,156.308,274.21152837362564
15/9-F-14 H,2920.0,408533.0,2079.0,4999.0,0.4158831766353271,139.9085616438356,60.472,89.26,106.051,42.36138,24.0,179.93099999999998,346.1771472383738
15/9-F-14 H,2080.0,316436.0,3573.0,5653.0,0.632053776755705,152.1326923076923,41.118,91.218,105.797,97.91667,24.0,200.784,392.6801705241619
15/9-F-14 H,1557.8181818181818,245229.8181818181,2944.3636363636365,4502.181818181818,0.6539859462078993,157.4187675070028,43.406,82.554,105.019,80.04703,22.0,200.213,342.08346818815085
15/9-F-14 H,1283.0,195938.0,1955.0,3238.0,0.6037677578752316,152.71862821512082,40.595,85.466,105.074,40.09004,24.0,178.596,293.8897383462739
15/9-F-14 H,952.0,151377.0,3347.0,4299.0,0.7785531518957897,159.0094537815126,32.13,86.021,101.109,96.98227,24.0,209.794,342.5208909274633
15/9-F-14 H,597.0,87584.0,3888.0,4485.0,0.8668896321070234,146.70686767169178,32.656,84.788,100.032,100.0,24.0,220.195,355.74745376075526
15/9-F-14 H,272.0,41432.0,3232.0,3504.0,0.9223744292237442,152.3235294117647,30.588,86.265,98.705,98.46566,24.0,230.46400000000003,326.666515035062
15/9-F-14 H,132.0,20528.0,2900.0,3032.0,0.9564643799472295,155.5151515151515,28.903,88.074,99.52,100.0,24.0,237.88200000000003,316.53362546471874
15/9-F-14 H,3921.0,561182.0,3.0,3924.0,0.0007645259938837,143.12216271359347,89.521,79.393,104.038,36.25593,24.0,158.469,272.7656391520762
15/9-F-14 H,2713.0,379315.0,2009.0,4722.0,0.4254553155442609,139.8138591964615,53.594,83.626,106.163,46.34277,24.0,182.783,335.6286672561228
15/9-F-14 H,1956.0,297928.0,3492.0,5448.0,0.6409691629955947,152.31492842535786,39.342,90.702,98.954,100.0,24.0,188.025,383.0320120846019
15/9-F-14 H,974.0,159458.0,3281.0,4255.0,0.7710928319623972,163.71457905544148,33.401,87.099,101.283,75.45428,24.0,208.138,340.2525298866425
15/9-F-14 H,634.0,95208.0,3772.0,4406.0,0.8561053109396278,150.17034700315455,32.062,85.83,100.036,100.0,24.0,220.033,351.9701714505267
15/9-F-14 H,316.0,45929.0,3337.0,3653.0,0.913495756912127,145.34493670886076,31.702,85.688,99.549,100.0,24.0,232.034,330.5078925031816
15/9-F-14 H,136.81954564937848,21817.05957994,3205.486498071153,3342.306043720532,0.95906432748538,159.45864661654136,29.739,88.018,99.592,85.20861,23.33,239.196,324.9610313676807
15/9-F-14 H,1735.0,252235.0,4.0,1739.0,0.0023001725129384,145.38040345821327,100.715,52.382,103.293,21.05299,24.0,160.15200000000002,222.06942850773453
15/9-F-14 H,3415.673981191223,484012.18092252576,19.346171070309,3435.020152261532,0.0056320400500625,141.70327249842666,67.072,79.438,105.248,36.84602,22.33,154.19,257.6571624110572
15/9-F-14 H,2623.0,374703.0,2952.0,5575.0,0.5295067264573992,142.85284025924514,47.907,92.902,106.746,66.2936,24.0,201.692,381.5765581499782
15/9-F-14 H,1630.0,252764.0,4260.0,5890.0,0.7232597623089984,155.06993865030674,38.707,89.989,103.733,69.67966,24.0,207.962,410.21991216563805
15/9-F-14 H,968.4937419076392,154503.23694432454,2535.692706085455,3504.186447993094,0.7236180904522613,159.52941176470588,34.408,85.589,102.336,100.0,23.17,196.871,311.04955416582646
15/9-F-14 H,847.0,141327.0,3440.0,4287.0,0.8024259388850011,166.85596221959858,32.209,88.669,100.809,100.0,24.0,212.348,343.5879693483283
15/9-F-14 H,503.0,73914.0,3655.0,4158.0,0.879028379028379,146.94632206759442,31.514,89.341,100.051,100.0,24.0,228.576,344.4568414015897
15/9-F-14 H,203.0,29322.0,3152.0,3355.0,0.9394932935916542,144.44334975369458,30.37,88.372,99.484,100.0,24.0,235.272,323.79073152899
15/9-F-14 H,107.0,17396.0,3058.0,3165.0,0.9661927330173776,162.57943925233644,29.157,88.898,100.062,71.53202,24.0,238.664,320.7445378956031
15/9-F-14 H,4460.933660933661,641802.457002457,188.6977886977887,4649.631449631449,0.040583386176284,143.87177792465303,93.005,65.514,105.129,33.2385,8.14,168.683,308.8737342104353
15/9-F-14 H,2652.0,382979.0,2404.0,5056.0,0.4754746835443038,144.41138763197586,56.366,89.479,106.279,43.45385,24.0,183.302,353.11970396859624
15/9-F-14 H,1906.0,293816.0,3938.0,5844.0,0.6738535249828884,154.15320041972717,38.246,90.113,104.8,100.0,24.0,204.649,405.197476692898
15/9-F-14 H,1150.0442869796282,186189.1939769708,2087.511071744907,3237.555358724535,0.6447800393959291,161.8974121996303,37.272,85.602,104.141,47.90052,22.58,184.949,296.7887393945551
15/9-F-14 H,648.6486486486486,110968.16816816817,2312.3123123123123,2960.960960960961,0.7809330628803245,171.07592592592593,37.213,81.106,100.928,49.60005,19.98,213.862,299.87618013647995
15/9-F-14 H,544.0,79129.0,4034.0,4578.0,0.8811708169506335,145.4577205882353,32.205,88.031,99.96,97.91667,24.0,222.66700000000003,360.2120746107943
15/9-F-14 H,257.0,38618.0,3476.0,3733.0,0.9311545673720868,150.26459143968873,30.708,86.802,99.65,100.0,24.0,234.235,334.31780414731645
15/9-F-14 H,123.0,20011.0,3186.0,3309.0,0.9628286491387126,162.6910569105691,28.582,87.359,99.627,100.0,24.0,239.318,324.34832428987255
15/9-F-14 H,1651.0,257624.0,4177.0,5828.0,0.7167124227865477,156.0411871592974,40.728,89.888,104.051,61.2906,24.0,205.851,406.65287443651283
15/9-F-14 H,1167.0,182282.0,2665.0,3832.0,0.6954592901878914,156.19708654670094,32.775,83.945,102.755,100.0,24.0,194.039,319.9402267350003
15/9-F-14 H,936.0,153135.0,3646.0,4582.0,0.7957223919685726,163.60576923076923,32.347,87.363,100.921,97.91667,24.0,212.384,354.65164250977523
15/9-F-14 H,481.0,69590.0,3038.0,3519.0,0.8633134413185564,144.67775467775468,31.212,87.865,99.905,97.91667,24.0,225.124,322.4753783184342
15/9-F-14 H,247.0,35873.0,3230.0,3477.0,0.9289617486338798,145.23481781376518,30.765,88.062,99.583,100.0,24.0,235.66900000000004,326.423734833104
15/9-F-14 H,106.0,16787.0,2860.0,2966.0,0.9642616318273768,158.3679245283019,31.541,88.192,99.734,43.19102,24.0,239.251,315.5310308797476
15/9-F-14 H,699.0,103418.0,3673.0,4372.0,0.8401189387008234,147.9513590844063,32.322,87.463,100.254,100.0,24.0,216.946,349.4980252644346
15/9-F-14 H,359.0,56408.0,3742.0,4101.0,0.9124603755181664,157.12534818941504,28.694,85.85,99.629,100.0,24.0,230.29300000000003,345.01803038354484
15/9-F-14 H,188.0,28746.0,3361.0,3549.0,0.9470273316427162,152.90425531914894,28.149,86.666,99.534,100.0,24.0,237.919,329.97044956275755
15/9-F-14 H,4209.0,595052.0,4.0,4213.0,0.0009494422027059,141.37609883582795,63.762,76.868,104.991,42.80377,24.0,148.176,287.7771014953463
15/9-F-14 H,616.0,92194.0,3346.0,3962.0,0.8445229681978799,149.66558441558442,33.036,88.192,100.311,89.05667,24.0,217.765,335.1138055621817
15/9-F-14 H,323.0,50002.0,3424.0,3747.0,0.9137977048305312,154.80495356037153,31.078,88.864,99.68,100.0,24.0,230.188,333.3284843313226
15/9-F-14 H,1400.9273570324574,212137.2488408037,2077.2797527047915,3478.207109737249,0.5972271596160682,151.42630185348634,68.783,82.947,105.964,30.6723,19.41,203.783,299.9989963997555
15/9-F-14 H,1023.0,162631.0,3470.0,4493.0,0.7723124860894726,158.9745845552297,34.492,85.388,101.188,70.3691,24.0,208.006,349.5810652133055
15/9-F-14 H,585.0,85832.0,3632.0,4217.0,0.8612757884752194,146.7213675213675,32.494,88.154,100.0,97.91667,24.0,223.787,345.28979049238376
15/9-F-14 H,250.0,37532.0,3334.0,3584.0,0.9302455357142856,150.128,30.671,87.43,99.636,100.0,24.0,235.3,329.6678461934763
15/9-F-14 H,110.0,17906.0,3165.0,3275.0,0.966412213740458,162.78181818181818,27.559,88.572,99.599,100.0,24.0,238.865,323.7115781363483
15/9-F-14 H,3676.0,549991.0,23.0,3699.0,0.0062178967288456,149.61670293797607,88.11,77.269,104.685,34.36407,24.0,156.2,265.4393831853099
15/9-F-14 H,2911.0,408317.0,1922.0,4833.0,0.3976825987999172,140.2669185846788,60.226,89.25,106.057,42.33033,24.0,180.093,337.48320835401864
15/9-F-14 H,2068.0,316660.0,3552.0,5620.0,0.6320284697508897,153.1237911025145,41.055,90.626,105.794,100.0,24.0,201.034,391.1357853123019
15/9-F-14 H,911.5089514066495,146607.6726342711,3092.583120204604,4004.092071611253,0.7723556463975473,160.84062850729518,35.412,84.947,101.558,61.10549,23.46,206.781,331.30165296746736
15/9-F-14 H,496.588868940754,74689.76660682226,3501.9748653500897,3998.563734290844,0.8758081896551725,150.4056399132321,34.665,81.706,100.029,100.0,22.28,222.15600000000003,338.883398541523
15/9-F-14 H,328.0,53522.0,3276.0,3604.0,0.9089900110987792,163.1768292682927,31.733,85.271,99.599,97.91667,24.0,229.737,328.5219448061901
15/9-F-14 H,177.0,26908.0,3124.0,3301.0,0.9463798848833688,152.0225988700565,28.183,87.93,99.559,100.0,24.0,238.01300000000003,322.81701275971295
15/9-F-14 H,4619.0,652097.0,81.0,4700.0,0.0172340425531914,141.17709460922276,96.477,78.016,105.386,35.23183,24.0,165.29799999999997,305.97049986451697
15/9-F-14 H,608.0,88911.0,3962.0,4570.0,0.8669584245076587,146.23519736842104,32.635,86.599,100.059,100.0,24.0,220.133,358.9638420023215
15/9-F-14 H,271.0,41178.0,3290.0,3561.0,0.9238977815220444,151.94833948339485,30.848,85.793,99.595,100.0,24.0,232.616,328.4899531679139
15/9-F-14 H,134.0,21086.0,2840.0,2974.0,0.9549428379287156,157.3582089552239,29.068,87.916,99.519,100.0,24.0,237.898,314.9415743390053
15/9-F-14 H,3828.0,547774.0,3.0,3831.0,0.0007830853563038,143.09665621734587,90.657,80.37,105.361,35.82482,24.0,160.87099999999998,268.8743110708019
15/9-F-14 H,2710.0,379240.0,2593.0,5303.0,0.4889685083914765,139.9409594095941,53.193,84.064,106.175,46.98715,24.0,182.987,366.37621315122203
15/9-F-14 H,1971.0,300906.0,3512.0,5483.0,0.6405252598942185,152.66666666666666,39.288,89.904,105.239,100.0,24.0,202.67200000000005,384.84624735136504
15/9-F-14 H,1036.8,159897.6,2150.4,3187.2,0.674698795180723,154.22222222222223,96.511,24.467,100.328,3.97259,2.5,191.294,300.223006376523
15/9-F-14 H,976.0,158238.0,3180.0,4156.0,0.7651588065447545,162.12909836065575,33.331,86.144,101.265,75.51817,24.0,208.003,336.2203564074786
15/9-F-14 H,618.0,92635.0,3887.0,4505.0,0.862819089900111,149.89482200647248,32.046,85.592,100.021,100.0,24.0,220.099,356.21609629394226
15/9-F-14 H,282.0,41373.0,3227.0,3509.0,0.9196352237104588,146.7127659574468,31.861,85.878,99.535,100.0,24.0,232.05900000000003,326.6401456570709
15/9-F-14 H,160.0,24702.0,3477.0,3637.0,0.9560076986527358,154.3875,28.543,88.04,99.597,100.0,24.0,238.528,333.29965043945214
15/9-F-14 H,2550.8078994614,383263.1956912028,4.308797127468582,2555.1166965888688,0.0016863406408094,150.2516891891892,99.598,71.115,104.018,27.22346,5.57,156.64999999999998,229.65217584077072
15/9-F-14 H,2691.066033664221,384971.6012084592,3569.443245576176,6260.509279240397,0.5701522170747849,143.05542725173208,48.172,93.001,106.74,64.45722,23.17,201.826,420.70117181445636
15/9-F-14 H,1622.0,252236.0,4240.0,5862.0,0.7233026270897305,155.50924784217017,39.03,90.458,103.72,68.19272,24.0,207.893,408.7362395397929
15/9-F-14 H,1055.0,165693.0,2697.0,3752.0,0.718816631130064,157.05497630331757,32.633,86.352,102.37,100.0,24.0,195.643,318.7409952607858
15/9-F-14 H,852.0,142271.0,3446.0,4298.0,0.801768264308981,166.98474178403757,32.159,88.425,100.805,100.0,24.0,212.431,343.9691512844452
15/9-F-14 H,495.0,73111.0,3609.0,4104.0,0.8793859649122807,147.6989898989899,31.483,89.199,100.048,100.0,24.0,228.64,342.5911318532064
15/9-F-14 H,200.0,29051.0,3312.0,3512.0,0.9430523917995444,145.255,30.319,87.961,99.478,100.0,24.0,235.26900000000003,328.5779861706647
15/9-F-14 H,104.0,16824.0,2968.0,3072.0,0.9661458333333334,161.76923076923077,30.82,88.445,100.038,45.04221,24.0,238.861,318.33454189030704
15/9-F-14 H,4690.0,639510.0,55.0,4745.0,0.0115911485774499,136.35607675906184,87.676,80.677,105.556,39.19897,24.0,167.40699999999998,307.5188990143857
15/9-F-14 H,2683.0,383734.0,2517.0,5200.0,0.4840384615384615,143.02422661200148,55.247,89.165,106.329,46.10377,24.0,184.152,360.47215700556745
15/9-F-14 H,1902.0,292527.0,4109.0,6011.0,0.6835801031442356,153.79968454258676,38.28,90.368,104.79,90.0,24.0,204.583,414.5195411043627
15/9-F-14 H,1222.0,184731.0,2146.0,3368.0,0.6371733966745843,151.171031096563,36.12,86.273,104.165,51.6652,24.0,183.325,300.4249581737977
15/9-F-14 H,821.414913957935,111596.1759082218,3189.2925430210325,4010.707456978968,0.7951945080091534,135.8584729981378,33.29,87.659,100.993,63.65894,15.69,210.404,333.26612093938957
15/9-F-14 H,543.0,79386.0,3680.0,4223.0,0.8714184229220933,146.1988950276243,32.143,87.102,99.958,100.0,24.0,222.624,346.28386093354555
15/9-F-14 H,259.0,38584.0,3478.0,3737.0,0.9306930693069309,148.97297297297297,30.721,86.858,99.65,100.0,24.0,234.281,334.41319489978304
15/9-F-14 H,127.0,20263.0,3255.0,3382.0,0.962448255470136,159.5511811023622,27.8,88.595,99.634,100.0,24.0,239.162,326.35290626470686
15/9-F-14 H,1651.0,257259.0,4179.0,5830.0,0.7168096054888508,155.82010902483344,40.97,90.25,104.039,60.93601,24.0,205.826,406.7078398654156
15/9-F-14 H,1166.0,182209.0,2655.0,3821.0,0.694844281601675,156.26843910806176,32.803,83.476,102.738,100.0,24.0,194.17,319.5529632021905
15/9-F-14 H,945.0091855480712,157165.46233925293,4181.261481935089,5126.270667483161,0.8156536697247706,166.31104199066874,34.492,83.402,92.011,64.29074,16.33,189.066,379.2285200163394
15/9-F-14 H,487.0,70312.0,2951.0,3438.0,0.858347876672484,144.37782340862424,30.77,87.964,99.854,97.91667,24.0,223.942,319.69042151096
15/9-F-14 H,219.0,31744.0,3242.0,3461.0,0.9367234903207166,144.9497716894977,31.038,88.332,99.576,100.0,24.0,235.627,326.5782498209473
15/9-F-14 H,105.0,16665.0,2845.0,2950.0,0.964406779661017,158.71428571428572,31.535,87.933,99.746,43.1583,24.0,239.256,315.1506678129039
15/9-F-14 H,707.0,105511.0,3624.0,4331.0,0.836758254444701,149.23762376237624,32.3,87.725,100.246,100.0,24.0,216.69,347.7167708098362
15/9-F-14 H,359.0,56225.0,3743.0,4102.0,0.9124817162359824,156.61559888579387,28.659,84.942,99.629,100.0,24.0,230.279,345.07716119579464
15/9-F-14 H,192.0,29406.0,3406.0,3598.0,0.9466370205669816,153.15625,27.928,87.767,99.554,100.0,24.0,238.048,331.38582392941515
15/9-F-14 H,4211.0,594860.0,2.0,4213.0,0.0004747211013529,141.26335787223937,63.935,78.239,104.996,42.80766,24.0,148.088,287.37980963211993
15/9-F-14 H,672.0,100990.0,3554.0,4226.0,0.8409843823946995,150.2827380952381,32.206,88.457,100.312,100.0,24.0,217.709,344.12793969606093
15/9-F-14 H,323.0,49963.0,3443.0,3766.0,0.9142326075411578,154.68421052631578,31.084,88.789,99.68,100.0,24.0,230.242,333.9665749427843
15/9-F-14 H,186.0,27998.0,3167.0,3353.0,0.94452728899493,150.5268817204301,28.33,88.29,99.488,99.81711,24.0,235.82,324.11364100419445
15/9-F-14 H,4964.0,724922.0,7.0,4971.0,0.0014081673707503,146.035858178888,72.717,78.375,104.937,44.79585,24.0,158.70800000000003,321.56459965296557
15/9-F-14 H,4479.0,625910.0,929.0,5408.0,0.1717825443786982,139.74324626032598,67.867,87.498,105.684,42.23052,24.0,167.36399999999998,350.97275570788906
15/9-F-14 H,578.0,84864.0,3667.0,4245.0,0.8638398115429917,146.8235294117647,32.492,88.27,100.0,100.0,24.0,223.932,346.4813061677339
15/9-F-14 H,250.0,37040.0,3375.0,3625.0,0.9310344827586208,148.16,30.784,88.702,99.655,97.91667,24.0,235.577,330.9589594662418
15/9-F-14 H,107.0,17733.0,3159.0,3266.0,0.9672382118799756,165.7289719626168,27.547,88.323,99.599,100.0,24.0,238.826,323.5263428311332
15/9-F-14 H,3603.0,539412.0,38.0,3641.0,0.0104366932161494,149.7119067443797,88.838,78.998,104.693,34.16528,24.0,155.46800000000002,263.1392674193524
15/9-F-14 H,2875.0,415935.0,1869.0,4744.0,0.3939713322091062,144.6730434782609,60.094,89.18,106.059,42.29421,24.0,180.159,333.55748885234055
15/9-F-14 H,2065.0,318124.0,3564.0,5629.0,0.6331497601705454,154.05520581113802,41.066,91.161,105.788,100.0,24.0,201.292,391.66169037776217
15/9-F-14 H,1814.0,276550.0,3862.0,5676.0,0.6804087385482734,152.45314222712238,39.808,86.302,102.77,75.08593,24.0,201.239,397.0712006612228
15/9-F-14 H,836.761487964989,135285.77680525163,3031.9474835886213,3868.7089715536094,0.783710407239819,161.67782426778243,39.947,78.812,101.435,27.73982,13.71,210.942,327.68277075261557
15/9-F-14 H,581.3403416557162,87896.9776609724,4134.5597897503285,4715.900131406044,0.876727596968346,151.19710669077756,34.281,85.348,100.075,83.82619,22.83,221.584,365.43681657086245
15/9-F-14 H,307.0,49980.0,3368.0,3675.0,0.9164625850340136,162.8013029315961,31.806,86.863,99.606,97.91667,24.0,229.662,331.2669949309622
15/9-F-14 H,176.0,26692.0,3222.0,3398.0,0.948204826368452,151.6590909090909,28.032,86.487,99.553,100.0,24.0,237.989,325.698821854214
15/9-F-14 H,4494.0,639392.0,88.0,4582.0,0.0192055870798777,142.27681352915,97.185,79.679,105.388,34.87931,24.0,165.23199999999997,300.39359627924387
15/9-F-14 H,1603.5682426404994,238853.52363960748,2144.157002676182,3747.725245316681,0.57212225078549,148.95126835781042,47.618,80.407,104.947,62.26086,22.42,199.393,308.18693539706493
15/9-F-14 H,1295.0,198513.0,1872.0,3167.0,0.5910956741395642,153.29189189189188,39.951,85.577,104.987,41.23933,24.0,179.209,290.84189408676053
15/9-F-14 H,959.0,154866.0,3383.0,4342.0,0.7791340396130815,161.48696558915535,32.197,86.615,101.098,96.9641,24.0,210.128,344.1596363454647
15/9-F-14 H,601.0,87446.0,3956.0,4557.0,0.8681149879306561,145.5008319467554,32.387,86.593,100.044,100.0,24.0,220.342,358.54018680932313
15/9-F-14 H,270.0,40943.0,3267.0,3537.0,0.9236641221374046,151.64074074074074,30.652,84.152,98.814,97.91179,24.0,231.031,327.79045822847223
15/9-F-14 H,134.0,20916.0,2829.0,2963.0,0.9547755653054336,156.08955223880596,28.997,87.972,99.519,100.0,24.0,237.899,314.6636061121018
15/9-F-14 H,4449.0,639914.0,48.0,4497.0,0.0106737825216811,143.83322094852775,90.984,76.945,105.369,35.80977,24.0,161.135,297.6411053077062
15/9-F-14 H,2763.0,386570.0,2596.0,5359.0,0.4844187348385892,139.90951863916032,51.747,85.651,106.199,49.2231,24.0,183.337,368.69683517297284
15/9-F-14 H,1967.0,299681.0,3533.0,5500.0,0.6423636363636364,152.35434672089477,39.279,89.079,105.261,100.0,24.0,202.819,385.86419284797415
15/9-F-14 H,1931.0,291203.0,3795.0,5726.0,0.6627663290254977,150.80424650440187,40.257,85.207,102.673,78.93042,24.0,198.533,398.67889866147533
15/9-F-14 H,958.0,156113.0,3190.0,4148.0,0.7690453230472517,162.9572025052192,33.541,87.884,101.26,75.51299,24.0,208.17,336.090085361708
15/9-F-14 H,601.0,90465.0,3816.0,4417.0,0.8639347973737831,150.5241264559068,31.878,84.088,100.017,100.0,24.0,220.09500000000003,352.9993109267418
15/9-F-14 H,301.0,43717.0,3267.0,3568.0,0.9156390134529148,145.2392026578073,31.759,85.533,99.522,100.0,24.0,232.153,328.09877778746215
15/9-F-14 H,160.0,24923.0,3658.0,3818.0,0.9580932425353588,155.76875,28.226,87.921,99.588,100.0,24.0,238.402,339.07823513608326
15/9-F-14 H,2532.0,373786.0,6.0,2538.0,0.0023640661938534,147.62480252764612,98.65,67.591,103.967,27.27795,24.0,156.333,230.2103334779451
15/9-F-14 H,104.0,16746.0,2985.0,3089.0,0.9663321463256718,161.01923076923077,30.878,88.624,100.05,45.02504,24.0,238.83500000000004,318.7876758593395
15/9-F-14 H,5220.0,718575.0,48.0,5268.0,0.0091116173120728,137.65804597701148,82.679,82.866,105.582,42.19915,24.0,168.439,332.99179636266837
15/9-F-14 H,2551.0,360312.0,2930.0,5481.0,0.5345739828498449,141.24343394747157,56.687,89.746,106.326,44.31618,24.0,184.62,376.95645543657645
15/9-F-14 H,1876.0,289165.0,4056.0,5932.0,0.6837491571139582,154.13912579957355,38.952,87.035,104.774,85.91093,24.0,203.972,410.6397850282131
15/9-F-14 H,1110.7096774193549,174131.61290322582,2028.3870967741937,3139.0967741935483,0.6461690233475831,156.775092936803,37.743,84.937,104.096,47.93442,23.25,184.901,294.2485753840684
15/9-F-14 H,719.5716835217133,125442.47471743012,3119.5716835217136,3839.143367043427,0.8125697285236146,174.3293650793651,37.303,81.026,100.887,39.82264,16.81,213.457,328.61716522992793
15/9-F-14 H,544.0,78711.0,3738.0,4282.0,0.8729565623540402,144.68933823529412,32.137,88.152,99.953,100.0,24.0,222.625,348.4960969768896
15/9-F-14 H,257.0,37868.0,3486.0,3743.0,0.9313384985305904,147.34630350194553,30.742,87.155,99.653,100.0,24.0,234.324,334.65527333573516
15/9-F-14 H,126.0,20144.0,3244.0,3370.0,0.9626112759643916,159.87301587301587,27.785,88.735,99.649,100.0,24.0,239.195,326.0269245252436
15/9-F-14 H,4233.0,581687.0,84.0,4317.0,0.0194579569145239,137.41719820458303,68.462,77.961,105.204,41.30792,24.0,154.17000000000002,292.2323556143116
15/9-F-14 H,1649.0,256717.0,4161.0,5810.0,0.7161790017211704,155.68041237113405,41.154,90.268,104.025,60.20855,24.0,205.826,405.6226543278621
15/9-F-14 H,1163.0,181791.0,2639.0,3802.0,0.6941083640189374,156.3121238177128,32.826,85.968,102.726,100.0,24.0,194.193,318.65752544729764
15/9-F-14 H,714.0,106212.0,3558.0,4272.0,0.8328651685393258,148.7563025210084,32.297,87.219,100.235,100.0,24.0,217.047,345.2809687547504
15/9-F-14 H,363.0,56635.0,3729.0,4092.0,0.9112903225806452,156.01928374655648,28.657,85.529,99.626,100.0,24.0,230.306,344.6318817782148
15/9-F-14 H,193.0,29099.0,3607.0,3800.0,0.9492105263157896,150.7720207253886,28.201,88.542,99.56,100.0,24.0,238.052,337.82227055032604
15/9-F-14 H,4187.0,593456.0,3.0,4190.0,0.0007159904534606,141.73775973250537,64.171,78.687,104.994,42.66986,24.0,147.973,286.3302912561192
15/9-F-14 H,4970.0,724705.0,7.0,4977.0,0.0014064697609001,145.8158953722334,71.711,79.337,104.954,45.06599,24.0,158.086,321.6895925095674
15/9-F-14 H,4378.0,615092.0,796.0,5174.0,0.1538461538461538,140.49611694837824,68.332,87.376,105.687,41.97605,24.0,168.02200000000002,338.0963506439922
15/9-F-14 H,1611.0,253206.0,4728.0,6339.0,0.7458589682915286,157.1731843575419,39.285,89.51,103.257,71.7362,24.0,204.408,435.8086206173324
15/9-F-14 H,113.0,21902.0,3259.0,3372.0,0.9664887307236062,193.8230088495575,27.539,88.414,99.607,100.0,24.0,238.79900000000004,326.2718973453291
15/9-F-14 H,3579.0,522217.0,31.0,3610.0,0.0085872576177285,145.91142777312098,86.932,75.759,104.701,35.46934,24.0,155.86,262.7354001773566
15/9-F-14 H,2078.0,319392.0,3570.0,5648.0,0.6320821529745042,153.70163618864294,41.114,89.981,105.778,100.0,24.0,201.312,392.6811662161709
15/9-F-14 H,1944.0,295512.0,3983.0,5927.0,0.6720094482874979,152.01234567901236,39.572,88.147,102.792,76.5202,24.0,200.943,409.4816600655306
15/9-F-14 H,972.0,157319.0,3170.0,4142.0,0.7653307580878802,161.8508230452675,34.506,87.514,101.526,66.01756,24.0,206.442,335.6118740543253
15/9-F-14 H,627.0,93754.0,4192.0,4819.0,0.8698900186760739,149.5279106858054,32.677,86.224,100.099,92.34932,24.0,219.437,369.1477385356025
15/9-F-14 H,325.0,52885.0,3341.0,3666.0,0.9113475177304964,162.72307692307692,31.809,87.385,99.609,100.0,24.0,229.679,330.5713459104896
15/9-F-14 H,174.0,26496.0,3195.0,3369.0,0.9483526268922527,152.27586206896552,27.953,85.809,99.549,100.0,24.0,237.957,324.8974733213748
15/9-F-14 H,4263.272727272727,604977.8181818182,92.72727272727272,4356.0,0.0212872526922113,141.90455475946777,98.028,79.292,105.36,33.59743,22.0,165.5,290.6159782841725
15/9-F-14 H,1875.0,286475.0,3641.0,5516.0,0.6600797679477882,152.78666666666666,38.855,86.422,105.012,100.0,24.0,197.161,387.96766321257456
15/9-F-14 H,1296.0,197999.0,1877.0,3173.0,0.5915537346359911,152.7770061728395,39.662,85.734,104.948,41.72657,24.0,179.505,291.06444382373707
15/9-F-14 H,964.0,154610.0,3386.0,4350.0,0.7783908045977012,160.38381742738588,32.145,87.191,101.088,99.02501,24.0,210.061,344.37952402117287
15/9-F-14 H,610.0,88776.0,3965.0,4575.0,0.8666666666666667,145.5344262295082,32.645,87.999,100.044,100.0,24.0,220.608,359.0854114582647
15/9-F-14 H,270.0,40965.0,3546.0,3816.0,0.929245283018868,151.72222222222223,30.965,85.864,99.64,100.0,24.0,233.119,336.8031897273289
15/9-F-14 H,133.0,20786.0,2819.0,2952.0,0.9549457994579946,156.28571428571428,28.872,86.032,99.511,100.0,24.0,238.019,314.4269743216903
15/9-F-14 H,4596.0,660380.0,59.0,4655.0,0.0126745435016111,143.6858137510879,91.166,76.751,105.378,35.81696,24.0,161.383,304.9082421403419
15/9-F-14 H,2734.0,381587.0,2788.0,5522.0,0.504889532777979,139.57095830285297,51.776,84.202,106.209,49.22629,24.0,183.591,378.2026951527664
15/9-F-14 H,1961.0,298287.0,3513.0,5474.0,0.6417610522469858,152.10963793982663,39.234,88.427,105.282,100.0,24.0,202.77,384.59865162536227
15/9-F-14 H,1984.0,300765.0,3899.0,5883.0,0.6627570967193609,151.5952620967742,39.472,86.58,102.736,79.51621,24.0,199.291,406.81543107542956
15/9-F-14 H,966.0,167491.0,3206.0,4172.0,0.7684563758389261,173.38612836438924,33.475,88.12,101.257,75.51904,24.0,208.394,336.8909877416717
15/9-F-14 H,604.0,87303.0,3632.0,4236.0,0.8574126534466477,144.5413907284768,31.934,83.429,100.015,97.91667,24.0,220.243,345.8861429254095
15/9-F-14 H,305.0,43380.0,3140.0,3445.0,0.911465892597968,142.2295081967213,31.785,85.485,99.519,100.0,24.0,232.082,324.17133813786876
15/9-F-14 H,159.0,24705.0,3487.0,3646.0,0.9563905650027428,155.37735849056602,28.038,88.136,99.588,100.0,24.0,238.284,333.5998511934198
15/9-F-14 H,3031.0,447840.0,9.0,3040.0,0.0029605263157894,147.75321676014516,95.659,73.782,104.211,30.65055,24.0,155.817,242.9355268423337
15/9-F-14 H,3145.0,445723.0,287.0,3432.0,0.0836247086247086,141.72432432432433,68.312,79.885,105.217,36.6802,24.0,152.387,262.5673623295618
15/9-F-14 H,2486.0,356112.0,3386.0,5872.0,0.5766348773841962,143.24698310539017,50.003,92.807,106.72,60.22994,24.0,200.964,399.66073198451465
15/9-F-14 H,1565.0,240681.0,4164.0,5729.0,0.7268284168266713,153.78977635782746,40.242,89.507,103.683,67.74251,24.0,208.007,402.0282587671211
15/9-F-14 H,1077.0,169539.0,2711.0,3788.0,0.7156810982048575,157.41782729805013,32.608,86.311,102.343,100.0,24.0,195.626,319.7198610936216
15/9-F-14 H,861.0,143783.0,3467.0,4328.0,0.8010628465804066,166.99535423925667,32.173,88.908,100.795,100.0,24.0,212.486,345.0281427937272
15/9-F-14 H,501.0,73513.0,3595.0,4096.0,0.877685546875,146.7325349301397,31.444,89.151,100.039,100.0,24.0,228.7,342.1926671481342
15/9-F-14 H,198.0,28720.0,3276.0,3474.0,0.9430051813471504,145.05050505050505,30.292,87.906,99.471,100.0,24.0,235.249,327.46886249184814
15/9-F-14 H,105.0,16836.0,3005.0,3110.0,0.9662379421221864,160.34285714285716,30.875,88.721,100.051,45.03461,24.0,238.834,319.322672875663
15/9-F-14 H,5535.0,760061.0,78.0,5613.0,0.0138963121325494,137.31906052393856,74.925,81.381,105.614,47.25398,24.0,170.41000000000005,352.91235019984344
15/9-F-14 H,2444.0,346537.0,2515.0,4959.0,0.5071587013510789,141.79091653027822,58.515,89.64,106.318,42.54006,24.0,185.1,350.35290192710846
15/9-F-14 H,1856.0,287358.0,4027.0,5883.0,0.6845147033826279,154.82650862068965,38.825,86.24,104.763,82.95215,24.0,204.531,408.2167943788396
15/9-F-14 H,1203.0,184794.0,2096.0,3299.0,0.6353440436495907,153.61097256857855,36.17,85.304,104.111,52.74602,24.0,183.593,298.21362063930616
15/9-F-14 H,889.7755610972569,137955.11221945137,3527.1820448877806,4416.957605985038,0.7985546522131888,155.04484304932737,33.736,85.162,101.046,48.37608,12.03,209.064,348.40942465644764
15/9-F-14 H,539.0,78763.0,3810.0,4349.0,0.8760634628650265,146.12801484230056,32.112,87.845,99.95,100.0,24.0,222.697,351.1840708557941
15/9-F-14 H,259.0,38086.0,3540.0,3799.0,0.931824164253751,147.05019305019306,30.705,86.388,99.654,100.0,24.0,234.399,336.4762780992517
15/9-F-14 H,127.0,20528.0,3230.0,3357.0,0.9621686029192732,161.63779527559055,27.774,88.737,99.649,100.0,24.0,239.198,325.61834344469196
15/9-F-14 H,4238.0,583861.0,104.0,4342.0,0.0239520958083832,137.76805096743746,68.738,77.505,105.217,41.28631,24.0,154.261,293.6798293983236
15/9-F-14 H,1650.0,258980.0,4157.0,5807.0,0.7158601687618391,156.95757575757577,41.024,89.757,104.019,60.24734,24.0,205.904,405.5782352131103
15/9-F-14 H,1161.0,182066.0,2646.0,3807.0,0.6950354609929078,156.8182601205857,32.809,85.512,102.715,100.0,24.0,194.273,318.9241600522486
15/9-F-14 H,866.0,141334.0,3427.0,4293.0,0.7982762636850688,163.20323325635104,32.198,87.534,100.911,99.70634,24.0,212.835,343.583639628655
15/9-F-14 H,450.0,64161.0,3055.0,3505.0,0.8716119828815977,142.58,31.019,87.401,99.863,97.91667,24.0,224.703,322.7503699987411
15/9-F-14 H,220.0,31763.0,3226.0,3446.0,0.9361578641903656,144.37727272727273,31.031,87.993,99.57,100.0,24.0,235.623,326.1091613087256
15/9-F-14 H,107.0,12281.0,2908.0,3015.0,0.9645107794361526,114.77570093457943,30.666,88.265,99.786,47.38329,24.0,239.477,317.00587039284954
15/9-F-14 H,722.0,106473.0,3556.0,4278.0,0.831229546517064,147.46952908587258,32.284,87.147,100.226,100.0,24.0,217.2,345.3907997710342
15/9-F-14 H,358.0,55908.0,3787.0,4145.0,0.9136308805790108,156.16759776536313,28.681,86.874,99.622,100.0,24.0,230.268,346.6153346726491
15/9-F-14 H,191.0,28880.0,3378.0,3569.0,0.9464836088540208,151.2041884816754,28.318,86.612,99.552,97.91667,24.0,237.98,330.5301962963469
15/9-F-14 H,4194.0,594050.0,4.0,4198.0,0.0009528346831824,141.6428230805913,64.101,78.523,104.992,42.72805,24.0,147.868,286.72010923169626
15/9-F-14 H,1493.074119076549,229046.90157958688,2190.03645200486,3683.110571081409,0.5946159936658749,153.40625,62.272,75.657,105.658,28.15594,8.23,206.24400000000003,307.40276023316136
15/9-F-14 H,1732.0,272151.0,4400.0,6132.0,0.7175472928897586,157.1310623556582,39.047,89.427,103.254,74.13534,24.0,204.343,423.0580866170383
15/9-F-14 H,514.8231079265562,76967.66681594268,2947.0667263770715,3461.889834303628,0.8512884197454207,149.50313152400835,35.996,84.991,100.371,71.47879,22.33,218.881,319.8073763130156
15/9-F-14 H,336.0,50481.0,3427.0,3763.0,0.9107095402604304,150.24107142857142,31.187,86.847,99.818,100.0,24.0,229.533,333.6688148623803
15/9-F-14 H,191.0,28214.0,2932.0,3123.0,0.9388408581492156,147.717277486911,30.258,87.796,99.409,100.0,24.0,235.942,317.44317259998536
15/9-F-14 H,2342.3917702528934,327271.324474925,2643.806258036863,4986.198028289757,0.5302248813699195,139.7167325428195,56.589,88.46,106.304,42.21624,23.33,184.693,353.2113899442664
15/9-F-14 H,1724.0,266254.0,4028.0,5752.0,0.700278164116829,154.43967517401393,41.29,90.03,104.346,61.34404,24.0,204.853,401.7298813989896
15/9-F-14 H,1194.0,183869.0,2424.0,3618.0,0.6699834162520729,153.99413735343384,34.28,83.59,103.391,100.0,24.0,188.361,310.9507271954519
15/9-F-14 H,1043.0,165552.0,3413.0,4456.0,0.7659335727109515,158.7267497603068,34.396,86.047,98.937,70.1507,24.0,202.965,347.65288024119997
15/9-F-14 H,584.0,85488.0,3663.0,4247.0,0.862491170237815,146.3835616438356,32.467,87.461,100.009,100.0,24.0,224.209,346.48682453035906
15/9-F-14 H,255.0,37880.0,3484.0,3739.0,0.931799946509762,148.54901960784315,30.912,88.944,99.674,97.91667,24.0,235.848,334.5274948667055
15/9-F-14 H,117.0,21845.0,3284.0,3401.0,0.9655983534254632,186.7094017094017,27.185,87.718,99.62,100.0,24.0,238.707,327.048782977433
15/9-F-14 H,3723.0,543934.0,37.0,3760.0,0.0098404255319148,146.1009938221864,85.478,77.232,104.708,36.30399,24.0,155.74,268.1575440554776
15/9-F-14 H,2074.0,317548.0,3579.0,5653.0,0.6331151600919865,153.10896817743492,41.072,89.752,105.77,100.0,24.0,201.407,392.97787297341495
15/9-F-14 H,2074.172185430464,297812.29895931884,3937.1807000946073,6011.352885525072,0.654957507082153,143.58128078817734,39.724,87.598,102.824,67.40823,21.14,201.352,412.4799379933183
15/9-F-14 H,988.0,159979.0,3172.0,4160.0,0.7625,161.92206477732793,34.313,87.62,101.529,68.04595,24.0,206.043,336.0678230461523
15/9-F-14 H,649.0,96419.0,3789.0,4438.0,0.8537629562866156,148.56548536209553,32.249,86.222,100.096,100.0,24.0,219.647,352.99832587949714
15/9-F-14 H,334.0,54460.0,3318.0,3652.0,0.9085432639649508,163.05389221556885,31.797,86.97,99.609,100.0,24.0,229.728,329.92229542471534
15/9-F-14 H,175.0,26555.0,3194.0,3369.0,0.948055802908875,151.74285714285713,27.939,87.056,99.546,100.0,24.0,237.864,324.8607903032873
15/9-F-14 H,4527.0,644169.0,96.0,4623.0,0.0207657365347177,142.29489728296886,97.408,79.258,105.396,34.95932,24.0,165.64099999999996,302.41302838184066
15/9-F-14 H,1979.0,307247.0,3348.0,5327.0,0.6284963394030411,155.25366346639717,38.61,87.062,105.017,100.0,24.0,197.632,377.0113802040672
15/9-F-14 H,1286.0,197060.0,1884.0,3170.0,0.5943217665615141,153.2348367029549,39.542,85.544,104.91,41.85584,24.0,179.845,291.19238350256234
15/9-F-14 H,964.0,154694.0,3310.0,4274.0,0.7744501637810014,160.47095435684648,32.125,87.561,101.079,96.94552,24.0,209.966,341.2014632485443
15/9-F-14 H,617.0,91075.0,3987.0,4604.0,0.8659860990443093,147.6094003241491,32.666,88.419,100.061,100.0,24.0,220.708,360.16243466251956
15/9-F-14 H,261.0,40026.0,3553.0,3814.0,0.9315679077084426,153.35632183908046,31.142,86.745,99.659,93.47826,24.0,233.258,336.89401348926975
15/9-F-14 H,132.0,20619.0,2788.0,2920.0,0.9547945205479452,156.20454545454547,28.962,86.153,99.508,100.0,24.0,238.02500000000003,313.63026876045336
15/9-F-14 H,4386.0,641966.0,28.0,4414.0,0.006343452650657,146.3670770633835,92.214,76.981,105.381,34.98626,24.0,161.457,293.8014423095929
15/9-F-14 H,2696.0,376652.0,2792.0,5488.0,0.5087463556851312,139.70771513353117,51.767,85.163,106.217,49.30579,24.0,183.842,376.5840983854793
15/9-F-14 H,2013.0,307107.0,3651.0,5664.0,0.6445974576271186,152.5618479880775,39.311,89.813,105.28,100.0,24.0,202.762,394.19065603055157
15/9-F-14 H,1985.0,301995.0,4060.0,6045.0,0.6716294458229942,152.13853904282115,38.986,87.015,102.779,83.05313,24.0,200.468,415.9567151906949
15/9-F-14 H,960.0,152150.0,3292.0,4252.0,0.7742238946378175,158.48958333333334,33.351,87.105,101.255,76.16266,24.0,208.658,340.3640720212811
15/9-F-14 H,619.0,88958.0,3753.0,4372.0,0.8584172003659652,143.7124394184168,32.22,84.593,100.007,97.91667,24.0,220.26,350.9035517065294
15/9-F-14 H,282.0,41463.0,2991.0,3273.0,0.9138405132905592,147.03191489361703,31.79,85.423,99.519,100.0,24.0,232.071,319.4551770435889
15/9-F-14 H,158.0,24444.0,3372.0,3530.0,0.9552407932011332,154.70886075949366,27.899,88.438,99.588,100.0,24.0,238.19,330.0416169956761
15/9-F-14 H,3288.0,474614.0,8.0,3296.0,0.0024271844660194,144.34732360097323,93.585,78.035,104.339,32.56254,24.0,155.76100000000002,250.39718063346402
15/9-F-14 H,2495.0,357432.0,3428.0,5923.0,0.5787607631267938,143.25931863727456,50.453,92.878,106.718,60.11689,24.0,200.611,402.46864180914986
15/9-F-14 H,1582.0,245234.0,4269.0,5851.0,0.7296188685694753,155.01517067003792,40.028,91.419,103.671,67.68635,24.0,207.904,408.3509552074979
15/9-F-14 H,1081.0,169387.0,2696.0,3777.0,0.7137940164151443,156.69472710453283,32.59,86.606,102.327,100.0,24.0,195.6,319.1994241538747
15/9-F-14 H,877.0,143557.0,3500.0,4377.0,0.7996344528215673,163.690992018244,32.226,89.119,100.79,100.0,24.0,212.585,346.781151885263
15/9-F-14 H,490.0,72189.0,3583.0,4073.0,0.8796955561011539,147.32448979591837,31.441,89.255,100.031,100.0,24.0,228.724,341.5384853635045
15/9-F-14 H,197.0,28851.0,3293.0,3490.0,0.9435530085959886,146.4517766497462,30.292,87.516,99.469,100.0,24.0,235.209,327.9745854351787
15/9-F-14 H,103.0,16457.0,2980.0,3083.0,0.9665909828089524,159.7766990291262,30.895,89.226,100.073,44.93863,24.0,238.839,318.65739026985835
15/9-F-14 H,5634.0,778639.0,49.0,5683.0,0.0086222065810311,138.2035853745119,75.341,83.265,105.595,46.47901,24.0,169.332,356.0560735625348
15/9-F-14 H,2364.0,330495.0,2708.0,5072.0,0.5339116719242902,139.80329949238578,58.965,88.924,106.309,41.93866,24.0,185.509,357.1852595575384
15/9-F-14 H,1436.4444444444443,223335.11111111112,3534.222222222222,4970.666666666666,0.7110157367668098,155.47772277227725,46.109,79.958,104.55,62.0,13.5,206.798,365.72418920799896
15/9-F-14 H,1215.0,187128.0,2112.0,3327.0,0.6348061316501352,154.01481481481483,36.014,85.952,104.086,54.72831,24.0,183.51,298.9513459219075
15/9-F-14 H,673.2824427480916,114485.49618320612,2860.3053435114502,3533.5877862595416,0.8094620868438108,170.0408163265306,40.284,73.888,100.84,20.30279,10.48,215.103,318.83599759834004
15/9-F-14 H,542.0,78661.0,3815.0,4357.0,0.8756024787697957,145.1309963099631,32.289,88.177,99.95,100.0,24.0,222.794,351.43470632185483
15/9-F-14 H,262.0,38191.0,3461.0,3723.0,0.9296266451786194,145.76717557251908,30.683,85.552,99.65,100.0,24.0,234.498,333.9344238655862
15/9-F-14 H,121.0,19398.0,3030.0,3151.0,0.9615994922246904,160.31404958677686,27.754,88.747,99.639,100.0,24.0,239.208,320.00136948245233
15/9-F-14 H,4244.0,585469.0,104.0,4348.0,0.0239190432382704,137.95216776625824,68.511,75.122,105.235,41.33453,24.0,154.59,294.5558758226894
15/9-F-14 H,1648.0,258568.0,4160.0,5808.0,0.7162534435261708,156.89805825242718,40.983,90.203,104.011,60.20001,24.0,205.958,405.60855502662145
15/9-F-14 H,1163.0,182066.0,2649.0,3812.0,0.6949108079748164,156.54858125537405,32.802,85.725,102.705,100.0,24.0,194.272,319.07331011404256
15/9-F-14 H,800.3778932451581,133496.45725082664,3456.5895134624466,4256.967406707605,0.8119840213049268,166.7917847025496,35.279,87.343,100.842,71.36114,21.17,214.579,343.1564216861351
15/9-F-14 H,456.0,64088.0,3087.0,3543.0,0.8712955122777307,140.5438596491228,30.999,87.748,99.901,100.0,24.0,224.774,323.8764896861956
15/9-F-14 H,220.0,31791.0,3221.0,3441.0,0.93606509735542,144.50454545454545,31.03,88.051,99.566,100.0,24.0,235.633,325.95600296623627
15/9-F-14 H,104.0,16630.0,2833.0,2937.0,0.964589717398706,159.90384615384616,31.523,88.403,99.779,43.20237,24.0,239.223,314.8381286231767
15/9-F-14 H,702.0,104176.0,3541.0,4243.0,0.8345510252180062,148.3988603988604,32.277,88.017,100.22,100.0,24.0,217.356,344.3059738443885
15/9-F-14 H,353.0,54255.0,3863.0,4216.0,0.9162713472485768,153.69688385269123,28.669,87.058,99.613,100.0,24.0,230.108,349.31421181146766
15/9-F-14 H,192.0,28943.0,3283.0,3475.0,0.944748201438849,150.74479166666666,28.266,86.262,99.551,100.0,24.0,237.854,327.63540285884
15/9-F-14 H,4206.0,594347.0,4.0,4210.0,0.0009501187648456,141.30932001902045,64.037,78.815,104.991,42.75638,24.0,147.799,287.1328138762118
15/9-F-14 H,1935.0,288904.0,2793.0,4728.0,0.5907360406091371,149.30439276485788,62.471,90.323,106.194,38.11108,24.0,198.936,345.6696584865875
15/9-F-14 H,1748.0,275021.0,4346.0,6094.0,0.7131604857236626,157.33466819221968,38.682,87.663,103.244,76.15491,24.0,204.056,420.97159642809265
15/9-F-14 H,628.0,94025.0,3413.0,4041.0,0.8445929225439248,149.72133757961782,32.489,87.355,100.424,99.973,24.0,215.836,337.871255746663
15/9-F-14 H,333.0,50234.0,3415.0,3748.0,0.9111526147278548,150.85285285285286,31.092,86.805,99.808,97.91667,24.0,229.589,333.2258771397014
15/9-F-14 H,189.0,28136.0,2955.0,3144.0,0.9398854961832062,148.86772486772486,30.339,88.24,99.409,100.0,24.0,235.843,318.06349708996675
15/9-F-14 H,3250.429799426934,448286.5329512894,2.292263610315186,3252.7220630372494,0.0007047216349541,137.91607898448518,75.292,72.279,104.82,33.48495,10.47,155.605,252.109814143194
15/9-F-14 H,2522.0,351073.0,2565.0,5087.0,0.5042264596029093,139.20420301348136,54.267,89.716,106.32,45.67642,24.0,183.798,356.11052555643937
15/9-F-14 H,1714.0,266383.0,4094.0,5808.0,0.7048898071625345,155.41598599766627,41.3,90.0,104.3,61.34,24.0,204.8,404.9270138966299
15/9-F-14 H,1179.0,185333.0,2431.0,3610.0,0.6734072022160665,157.19508057675998,34.315,85.36,103.368,100.0,24.0,188.543,310.73577340143976
15/9-F-14 H,1040.0,164157.0,3392.0,4432.0,0.7653429602888087,157.84326923076924,34.332,86.407,101.075,70.20959,24.0,208.138,346.64782341990576
15/9-F-14 H,578.0,85146.0,3669.0,4247.0,0.8639039321874264,147.3114186851211,32.474,88.45,100.012,100.0,24.0,224.272,346.5508901511566
15/9-F-14 H,252.0,37572.0,3550.0,3802.0,0.9337190952130456,149.0952380952381,30.968,88.92,99.688,97.91667,24.0,236.16600000000005,336.66375162909566
15/9-F-14 H,98.0,17562.0,3331.0,3429.0,0.9714202391367746,179.20408163265307,28.079,87.187,99.619,94.13128,24.0,238.757,328.37032432929453
15/9-F-14 H,3666.0,553186.0,12.0,3678.0,0.0032626427406199,150.8963447899618,85.244,79.482,104.708,36.16918,24.0,155.209,264.3141520415987
15/9-F-14 H,2073.0,315904.0,3635.0,5708.0,0.6368255080588647,152.3897732754462,40.879,88.1,105.762,100.0,24.0,201.799,396.1489141651993
15/9-F-14 H,1828.0447662936144,285563.6603028308,4207.504937458854,6035.549703752468,0.6971204188481676,156.21261884183232,41.559,84.063,102.732,45.04847,15.19,202.603,417.1991051549028
15/9-F-14 H,992.0,160916.0,3148.0,4140.0,0.7603864734299517,162.21370967741936,34.319,87.165,101.493,68.14037,24.0,206.055,335.2109523057743
15/9-F-14 H,629.0,94082.0,3815.0,4444.0,0.8584608460846085,149.5739268680445,32.183,85.458,100.158,100.0,24.0,219.411,353.5848692231061
15/9-F-14 H,299.86565158978954,48821.13748320645,3172.7720555306764,3472.637707120466,0.913649025069638,162.81003584229393,34.067,85.031,99.575,75.48932,22.33,230.581,324.95578687767676
15/9-F-14 H,173.0,26280.0,3197.0,3370.0,0.9486646884272996,151.90751445086704,27.924,86.173,99.541,100.0,24.0,237.773,324.9487453422693
15/9-F-14 H,4515.0,641145.0,92.0,4607.0,0.0199696114608204,142.0033222591362,97.577,78.528,105.401,34.81751,24.0,165.92000000000002,301.758136133699
15/9-F-14 H,1965.0,306979.0,3188.0,5153.0,0.6186687366582573,156.2234096692112,38.337,86.066,105.027,100.0,24.0,198.538,368.30762324956424
15/9-F-14 H,1275.0,195170.0,1886.0,3161.0,0.5966466308130338,153.07450980392156,39.289,84.673,104.878,42.32241,24.0,179.997,291.2036938264521
15/9-F-14 H,967.0,153914.0,3360.0,4327.0,0.7765195285417148,159.1664943123061,32.184,87.673,101.07,98.99266,24.0,209.882,343.3419079836945
15/9-F-14 H,487.93631353337423,74864.42131047153,3228.90385793019,3716.840171463564,0.8687228153420324,153.43072289156626,35.747,83.622,100.002,52.36436,16.33,223.687,328.98840917523813
15/9-F-14 H,275.0,41094.0,3435.0,3710.0,0.9258760107816713,149.43272727272728,31.13,86.174,99.668,100.0,24.0,233.374,333.2016427046169
15/9-F-14 H,130.0,20406.0,2774.0,2904.0,0.9552341597796143,156.96923076923076,29.073,87.773,99.502,100.0,24.0,237.928,313.2569089548223
15/9-F-14 H,4580.0,659837.0,44.0,4624.0,0.009515570934256,144.06921397379912,91.752,76.429,105.391,35.67581,24.0,161.91899999999998,303.3423880694436
15/9-F-14 H,2841.0,396262.0,2534.0,5375.0,0.4714418604651162,139.47976064765928,51.858,86.59,106.228,49.25979,24.0,184.182,368.530880373254
15/9-F-14 H,2005.0,306026.0,3654.0,5659.0,0.6456971196324439,152.63142144638405,39.274,91.204,105.239,100.0,24.0,202.942,393.8481314515596
15/9-F-14 H,2005.0,304736.0,4339.0,6344.0,0.683953341740227,151.98802992518702,38.982,86.113,102.789,85.40607,24.0,200.296,433.2217938787123
15/9-F-14 H,964.0,151121.0,3297.0,4261.0,0.7737620276930298,156.76452282157678,33.316,85.262,101.255,77.33557,24.0,208.83,340.78054750733816
15/9-F-14 H,594.0,86887.0,4154.0,4748.0,0.8748946925021062,146.27441077441077,31.98,83.372,100.011,100.0,24.0,220.267,366.680055886531
15/9-F-14 H,298.0,43575.0,2992.0,3290.0,0.9094224924012158,146.2248322147651,31.79,85.423,99.519,100.0,24.0,232.071,319.57672245865507
15/9-F-14 H,156.0,24340.0,3498.0,3654.0,0.9573070607553368,156.02564102564102,27.91,87.996,99.581,100.0,24.0,238.16,333.91561858529
15/9-F-14 H,2780.0,410360.0,11.0,2791.0,0.0039412396990326,147.6115107913669,96.223,75.75,104.334,30.05159,24.0,155.279,235.33639230460466
15/9-F-14 H,2490.0,357147.0,3366.0,5856.0,0.5747950819672131,143.4325301204819,49.843,92.431,106.716,60.30964,24.0,201.351,398.78522784753454
15/9-F-14 H,1617.0,252795.0,4239.0,5856.0,0.7238729508196722,156.33580705009277,39.103,91.317,103.675,67.64705,24.0,207.958,408.4264513246783
15/9-F-14 H,1079.0,169101.0,2705.0,3784.0,0.7148520084566596,156.72011121408713,32.57,86.462,102.324,100.0,24.0,195.691,319.52354334143456
15/9-F-14 H,878.0,143962.0,3537.0,4415.0,0.801132502831257,163.96583143507974,32.104,88.519,100.781,100.0,24.0,212.596,348.3820175326751
15/9-F-14 H,487.0,71597.0,3618.0,4105.0,0.8813641900121802,147.0164271047228,31.43,89.297,100.028,100.0,24.0,228.757,342.7732727758262
15/9-F-14 H,197.0,28681.0,3230.0,3427.0,0.9425153195214472,145.58883248730965,30.617,87.909,99.463,100.0,24.0,235.267,326.07115864588263
15/9-F-14 H,103.0,16551.0,2973.0,3076.0,0.966514954486346,160.6893203883495,30.824,88.806,100.081,44.99246,24.0,238.859,318.47091632695424
15/9-F-14 H,4547.0,636956.0,24.0,4571.0,0.0052504922336469,140.0826918847592,89.756,80.524,105.432,36.32749,24.0,164.331,299.4666918500199
15/9-F-14 H,2303.0,336307.0,2356.0,4659.0,0.5056879158617729,146.02996092053843,57.897,88.239,106.298,42.64225,24.0,185.232,337.43390231887105
15/9-F-14 H,1719.0,263951.0,3952.0,5671.0,0.6968788573443837,153.54915648632925,39.56,90.063,104.719,74.91494,24.0,203.696,397.4197423638535
15/9-F-14 H,1220.0,188434.0,2119.0,3339.0,0.6346211440551063,154.4540983606557,35.96,86.147,104.06,54.28117,24.0,183.6,299.2722649538164
15/9-F-14 H,923.0,92377.0,3572.0,4495.0,0.7946607341490545,100.08342361863488,32.893,84.967,101.072,92.49732,24.0,208.963,351.0195264820071
15/9-F-14 H,535.0,78783.0,3743.0,4278.0,0.8749415614773258,147.25794392523363,32.318,87.847,99.948,100.0,24.0,222.82100000000003,348.49686859434263
15/9-F-14 H,264.0,38355.0,3454.0,3718.0,0.9289940828402368,145.2840909090909,30.848,88.548,99.649,100.0,24.0,234.432,333.6778535064898
15/9-F-14 H,119.0,19424.0,3203.0,3322.0,0.9641782059000602,163.2268907563025,27.892,88.694,99.638,100.0,24.0,239.24,324.8076969134434
15/9-F-14 H,3759.0,519317.0,127.0,3886.0,0.0326814204837879,138.15296621441874,68.653,78.641,105.254,41.32717,24.0,154.639,275.65492774272116
15/9-F-14 H,1648.0,258670.0,4259.0,5907.0,0.7210089724056205,156.95995145631068,40.757,88.997,104.0,60.2243,24.0,206.556,411.1358244815365
15/9-F-14 H,1163.0,182169.0,2852.0,4015.0,0.7103362391033624,156.63714531384352,32.817,86.115,102.695,100.0,24.0,194.321,327.25891192337895
15/9-F-14 H,871.0,144222.0,3531.0,4402.0,0.8021353930031804,165.5820895522388,32.566,88.663,100.883,99.99979,24.0,212.228,347.9372246631036
15/9-F-14 H,456.0,64071.0,3178.0,3634.0,0.8745184369840396,140.5065789473684,30.568,86.482,99.927,97.91667,24.0,224.918,326.94111663006225
15/9-F-14 H,218.0,31784.0,3217.0,3435.0,0.9365356622998544,145.7981651376147,30.899,87.234,99.559,100.0,24.0,235.747,325.82575843637346
15/9-F-14 H,103.0,16593.0,2820.0,2923.0,0.9647622305850154,161.09708737864077,31.465,88.021,99.8,43.13295,24.0,239.286,314.509027665192
15/9-F-14 H,701.0,104686.0,3522.0,4223.0,0.8340042623727209,149.33808844507843,32.238,88.042,100.21,100.0,24.0,217.531,343.53587297297145
15/9-F-14 H,363.0,55449.0,3821.0,4184.0,0.9132409177820268,152.7520661157025,28.58,86.934,99.599,100.0,24.0,229.93100000000004,347.9655738682827
15/9-F-14 H,190.0,29391.0,3290.0,3480.0,0.9454022988505748,154.68947368421053,27.972,88.511,99.559,100.0,24.0,237.663,327.7806659747873
15/9-F-14 H,4754.0,677616.0,4.0,4758.0,0.0008406893652795,142.53596970971813,60.814,78.674,105.034,46.56636,24.0,149.011,312.05064173165744
15/9-F-14 H,3072.555205047319,436397.476340694,1024.6056782334383,4097.160883280758,0.2500769941484447,142.03080082135523,56.844,72.242,105.041,37.41535,19.02,185.483,300.28485773297456
15/9-F-14 H,2514.0,375751.0,3264.0,5778.0,0.564901349948079,149.4634049323787,45.885,90.47,106.246,62.78135,24.0,197.131,395.1741902662773
15/9-F-14 H,579.0,84774.0,3679.0,4258.0,0.8640206669798027,146.41450777202073,32.411,88.43,100.014,100.0,24.0,224.43,346.961668702116
15/9-F-14 H,255.0,36786.0,3585.0,3840.0,0.93359375,144.25882352941176,30.984,88.991,99.697,97.91667,24.0,236.207,337.89109573653764
15/9-F-14 H,112.0,18438.0,3026.0,3138.0,0.964308476736775,164.625,29.728,87.919,99.596,78.28967,24.0,238.801,319.8724900014408
15/9-F-14 H,3720.0,560845.0,7.0,3727.0,0.0018781862087469,150.76478494623657,84.373,80.007,104.708,36.4747,24.0,154.99599999999998,266.02049528118533
15/9-F-14 H,628.0,93881.0,3821.0,4449.0,0.8588446841986963,149.4920382165605,32.246,85.739,100.176,100.0,24.0,219.552,353.789958203329
15/9-F-14 H,282.8897338403042,46103.92902408111,3113.8149556400504,3396.7046894803543,0.9167164179104478,162.9749103942652,34.14,84.583,99.588,80.43119,23.67,230.301,323.00946637316156
15/9-F-14 H,171.0,26039.0,3146.0,3317.0,0.9484473922218872,152.2748538011696,27.812,86.718,99.54,100.0,24.0,237.764,323.44411539362466
15/9-F-14 H,4518.0,640332.0,82.0,4600.0,0.0178260869565217,141.72908366533864,97.717,77.436,105.407,34.80171,24.0,166.192,301.51472603565685
15/9-F-14 H,1972.0,307053.0,3238.0,5210.0,0.6214971209213052,155.70638945233264,38.414,85.818,105.032,100.0,24.0,199.263,371.16585738310346
15/9-F-14 H,1263.0,194967.0,1886.0,3149.0,0.5989202921562401,154.36817102137766,39.103,85.056,104.849,42.80546,24.0,180.027,290.9523375232613
15/9-F-14 H,956.0,152840.0,3350.0,4306.0,0.7779842080817464,159.8744769874477,32.246,86.87,101.066,99.00143,24.0,210.151,342.69381796978934
15/9-F-14 H,597.0,87792.0,4009.0,4606.0,0.8703864524533218,147.05527638190955,32.83,88.043,100.061,97.27863,24.0,220.854,360.5541181060944
15/9-F-14 H,278.0,41360.0,3502.0,3780.0,0.9264550264550264,148.77697841726618,31.098,86.251,99.668,100.0,24.0,233.324,335.4486060874302
15/9-F-14 H,125.0,19729.0,2829.0,2954.0,0.9576844955991876,157.832,28.749,86.003,99.502,100.0,24.0,238.008,314.70076888427013
15/9-F-14 H,4621.0,663578.0,18.0,4639.0,0.0038801465833153,143.60051936810214,91.962,76.469,105.396,35.77648,24.0,161.997,303.58176453761075
15/9-F-14 H,2813.0,392758.0,2477.0,5290.0,0.4682419659735349,139.62246711695698,51.935,87.825,106.238,49.21074,24.0,184.533,363.9872849265573
15/9-F-14 H,1990.0,303343.0,3640.0,5630.0,0.6465364120781527,152.43366834170854,39.114,91.425,105.195,97.91667,24.0,203.465,392.38532661714686
15/9-F-14 H,2025.0,307155.0,4206.0,6231.0,0.6750120365912373,151.68148148148148,39.198,86.45,102.798,84.41719,24.0,199.766,426.37447515587354
15/9-F-14 H,955.0,149673.0,3210.0,4165.0,0.7707082833133253,156.72565445026177,33.243,87.319,101.257,77.21545,24.0,208.873,336.89109497330753
15/9-F-14 H,569.0,80710.0,3588.0,4157.0,0.863122444070243,141.84534270650263,31.862,82.599,100.026,100.0,24.0,220.563,343.5084975677212
15/9-F-14 H,301.0,43942.0,3020.0,3321.0,0.9093646492020476,145.98671096345515,31.79,85.423,99.519,100.0,24.0,232.071,320.43758741587186
15/9-F-14 H,152.0,23541.0,3517.0,3669.0,0.958571817934042,154.875,28.138,88.238,99.575,100.0,24.0,238.079,334.47487841253354
15/9-F-14 H,2774.0,420865.0,6.0,2780.0,0.0021582733812949,151.71773612112472,96.149,75.335,104.354,30.08393,24.0,155.36,234.77558199731902
15/9-F-14 H,2080.070859167405,301750.5757307352,2882.5509300265726,4962.621789193978,0.5808524309273935,145.06745017884518,54.7,90.779,106.653,51.97866,22.58,201.098,355.4659073183022
15/9-F-14 H,1617.0,252440.0,4247.0,5864.0,0.7242496589358799,156.11626468769325,39.135,91.513,103.666,67.61228,24.0,207.952,408.83108208497197
15/9-F-14 H,1081.0,169659.0,2712.0,3793.0,0.7150013182177696,156.9463459759482,32.543,86.21,102.319,100.0,24.0,195.954,319.85434883216055
15/9-F-14 H,879.0,145074.0,3524.0,4403.0,0.8003633885986827,165.0443686006826,32.095,88.748,100.77,100.0,24.0,212.501,347.8559644819215
15/9-F-14 H,484.0,71567.0,3755.0,4239.0,0.8858221278603444,147.86570247933884,31.409,89.072,100.02,100.0,24.0,228.846,347.8470280450384
15/9-F-14 H,194.0,28807.0,3147.0,3341.0,0.9419335528284944,148.48969072164948,30.8,88.063,99.473,100.0,24.0,235.489,323.5717813450899
15/9-F-14 H,104.0,16525.0,2985.0,3089.0,0.9663321463256718,158.89423076923077,30.779,88.937,100.091,45.02269,24.0,238.872,318.7957864476813
15/9-F-14 H,3976.0,556638.0,34.0,4010.0,0.0084788029925187,139.99949698189135,92.525,79.312,105.324,33.80117,24.0,162.673,276.15748863152857
15/9-F-14 H,2275.0,318026.0,2039.0,4314.0,0.4726471951784886,139.79164835164835,57.49,87.25,106.287,42.67783,24.0,184.855,320.95832798699854
15/9-F-14 H,1763.0,270928.0,3983.0,5746.0,0.6931778628611208,153.67441860465115,39.5,90.169,104.716,75.55728,24.0,203.579,401.0431239840773
15/9-F-14 H,1225.0,189711.0,2123.0,3348.0,0.6341099163679809,154.86612244897958,35.816,85.107,104.028,57.57708,24.0,183.769,299.589940731456
15/9-F-14 H,928.0,85093.0,3382.0,4310.0,0.7846867749419953,91.69504310344828,32.396,86.397,101.046,100.0,24.0,208.748,343.40493381334824
15/9-F-14 H,539.0,78105.0,3573.0,4112.0,0.868920233463035,144.90723562152132,31.843,86.639,99.952,100.0,24.0,222.837,342.19110459523284
15/9-F-14 H,264.0,38693.0,3463.0,3727.0,0.9291655486986852,146.56439393939394,30.811,88.201,99.649,100.0,24.0,234.431,333.9707895504529
15/9-F-14 H,118.0,19357.0,3237.0,3355.0,0.964828614008942,164.04237288135593,27.758,88.612,99.637,100.0,24.0,239.216,325.7757150495589
15/9-F-14 H,3967.0,548750.0,110.0,4077.0,0.026980623007113,138.32871187295186,68.579,79.495,105.269,41.32176,24.0,154.79200000000003,282.5372803051547
15/9-F-14 H,1436.4963503649633,228188.3211678832,4737.591240875912,6174.087591240876,0.7673346338003192,158.85060975609758,44.879,87.6,103.95,50.20718,21.92,207.603,427.7869931145626
15/9-F-14 H,1165.0,182520.0,3030.0,4195.0,0.7222884386174017,156.6695278969957,32.774,85.907,102.681,100.0,24.0,194.216,334.7040012631433
15/9-F-14 H,886.0,146643.0,3545.0,4431.0,0.8000451365380276,165.51128668171555,32.264,88.874,100.902,100.0,24.0,211.888,348.9087583193985
15/9-F-14 H,451.0,62599.0,3195.0,3646.0,0.8763027975863961,138.80044345898006,30.63,86.568,99.938,97.91667,24.0,225.029,327.46306531482776
15/9-F-14 H,219.0,31728.0,3210.0,3429.0,0.9361329833770778,144.87671232876713,31.009,87.621,99.558,100.0,24.0,235.592,325.6211475261195
15/9-F-14 H,102.0,16486.0,2811.0,2913.0,0.964984552008239,161.62745098039215,31.432,87.987,99.822,43.24423,24.0,239.234,314.28340052297824
15/9-F-14 H,688.0,103139.0,3563.0,4251.0,0.838155728063985,149.91133720930233,32.232,87.908,100.203,100.0,24.0,217.702,344.85848780404103
15/9-F-14 H,354.0,54160.0,3733.0,4087.0,0.9133839001712748,152.99435028248587,30.09,86.703,99.554,100.0,24.0,230.178,344.58765237807063
15/9-F-14 H,196.0,30212.0,3299.0,3495.0,0.9439198855507868,154.14285714285714,27.767,88.793,99.57,100.0,24.0,237.412,328.09768396411954
15/9-F-14 H,4440.0,625988.0,4.0,4444.0,0.0009000900090009,140.9882882882883,61.542,78.503,105.053,45.42881,24.0,149.064,297.49438253154227
15/9-F-14 H,1793.0,277767.0,4022.0,5815.0,0.6916595012897678,154.91745677635248,40.608,88.778,104.527,64.84159,24.0,204.162,404.70571619902915
15/9-F-14 H,1309.0,202884.0,2352.0,3661.0,0.6424474187380497,154.9915966386555,34.632,86.425,103.748,100.0,24.0,184.357,310.0844401511129
15/9-F-14 H,530.0,77203.0,3708.0,4238.0,0.8749410099103351,145.66603773584905,32.385,87.912,100.0,100.0,24.0,223.312,347.05019606492544
15/9-F-14 H,256.0,37323.0,3426.0,3682.0,0.9304725692558392,145.79296875,30.76,88.256,99.629,100.0,24.0,234.752,332.68105398814055
15/9-F-14 H,102.0,16800.0,3064.0,3166.0,0.9677826910928616,164.7058823529412,28.726,87.504,99.584,100.0,24.0,239.206,320.9093821255833
15/9-F-14 H,3058.0,449223.0,4.0,3062.0,0.0013063357282821,146.90091563113145,90.04,74.146,104.62,30.76135,24.0,160.50099999999998,244.0222962188838
15/9-F-14 H,2070.0,316502.0,3603.0,5673.0,0.6351136964569011,152.89951690821255,41.716,90.699,105.914,100.0,24.0,200.486,393.96264768297306
15/9-F-14 H,1577.0092547491474,243670.72576717,3765.4164637116414,5342.425718460789,0.7048140043763677,154.51445515196443,41.879,81.742,102.727,60.46938,20.53,203.221,382.42803674334203
15/9-F-14 H,1061.0,169619.0,3033.0,4094.0,0.7408402540302882,159.86710650329877,38.578,88.101,101.539,52.01125,24.0,205.444,331.990117148638
15/9-F-14 H,645.0,96703.0,4058.0,4703.0,0.8628534977673825,149.92713178294574,32.136,87.188,100.136,100.0,24.0,219.367,363.94117944178345
15/9-F-14 H,253.0,49673.0,3188.0,3441.0,0.926474861958733,196.33596837944663,31.688,87.609,99.488,100.0,24.0,230.36,324.77866383813057
15/9-F-14 H,173.0,26323.0,2935.0,3108.0,0.9443371943371944,152.15606936416185,29.069,86.336,99.515,100.0,24.0,237.304,317.50024265382865
15/9-F-14 H,4534.0,648417.0,64.0,4598.0,0.0139190952588081,143.01213056903396,94.779,78.463,105.351,35.32523,24.0,163.35000000000002,301.44448464063976
15/9-F-14 H,2391.0,336403.0,2524.0,4915.0,0.51353001017294,140.69552488498536,59.092,89.506,106.243,42.05474,24.0,187.076,348.70740177157575
15/9-F-14 H,1361.0,207544.0,1530.0,2891.0,0.5292286406087859,152.49375459221162,47.365,84.408,105.861,32.6071,24.0,175.33599999999998,278.3019976598713
15/9-F-14 H,961.0,151088.0,3166.0,4127.0,0.7671432032953719,157.21956295525493,32.537,88.111,101.173,89.98196,24.0,209.279,335.21675043643233
15/9-F-14 H,579.0,83536.0,4113.0,4692.0,0.8765984654731458,144.27633851468048,32.401,85.461,100.08,100.0,24.0,221.969,364.4618678660733
15/9-F-14 H,270.0,39885.0,3093.0,3363.0,0.91971454058876,147.72222222222223,31.095,87.361,99.45,100.0,24.0,231.432,322.39961748518004
15/9-F-14 H,148.0,23002.0,3016.0,3164.0,0.9532237673830596,155.4189189189189,27.519,85.835,99.541,100.0,24.0,237.88,319.69651975557423
15/9-F-14 H,2027.0,309006.0,3581.0,5608.0,0.6385520684736091,152.44499259990133,39.502,90.838,105.611,97.91667,24.0,202.133,390.87799035390293
15/9-F-14 H,1791.1801763964722,273241.15917681647,3985.552288954221,5776.732465350693,0.6899319490490317,152.54811480022508,39.341,86.008,102.772,81.0606,23.81,203.389,402.7901417719506
15/9-F-14 H,1005.0,164074.0,3350.0,4355.0,0.7692307692307693,163.25771144278607,34.915,87.623,101.367,65.20401,24.0,207.869,343.86010786529846
15/9-F-14 H,632.0,94682.0,3943.0,4575.0,0.8618579234972678,149.8132911392405,32.138,86.193,100.089,100.0,24.0,220.548,358.8401051237419
15/9-F-14 H,325.0,48849.0,3365.0,3690.0,0.9119241192411924,150.30461538461535,31.308,86.837,99.573,100.0,24.0,230.625,331.46980488840705
15/9-F-14 H,154.0,23889.0,2949.0,3103.0,0.9503706090879792,155.12337662337663,27.403,83.334,99.531,100.0,24.0,237.407,317.896357624701
15/9-F-14 H,1771.0,254538.0,341.0,2112.0,0.1614583333333333,143.72557876905702,76.98,76.149,105.055,28.18007,24.0,152.54199999999997,234.85888569637828
15/9-F-14 H,2298.0,331205.0,3335.0,5633.0,0.5920468666785017,144.12750217580503,51.631,91.093,106.666,57.34071,24.0,200.942,388.3254633666502
15/9-F-14 H,1706.25,236059.375,3765.625,5471.875,0.6881781838949171,138.34981684981685,42.692,88.53,103.602,65.26349,7.68,202.845,386.2793803067689
15/9-F-14 H,1082.0,169593.0,2847.0,3929.0,0.7246118605243065,156.74029574861368,32.521,86.441,102.172,100.0,24.0,197.107,325.21780757390337
15/9-F-14 H,864.0,135141.0,3556.0,4420.0,0.8045248868778281,156.41319444444446,32.431,88.035,100.772,100.0,24.0,212.241,348.8120699371961
15/9-F-14 H,439.0,65651.0,3317.0,3756.0,0.8831203407880724,149.54669703872435,31.288,88.665,99.95,100.0,24.0,229.392,331.26903776064773
15/9-F-14 H,239.0,35233.0,3358.0,3597.0,0.9335557408951904,147.418410041841,30.553,86.891,99.556,100.0,24.0,236.724,330.3488039699477
15/9-F-14 H,102.0,16366.0,2992.0,3094.0,0.967032967032967,160.45098039215685,30.926,89.176,100.217,45.17506,24.0,238.868,318.97463088051074
15/9-F-14 H,3414.0,470985.0,128.0,3542.0,0.03613777526821,137.95694200351494,72.309,81.272,105.343,37.77693,24.0,156.947,262.47589678890245
15/9-F-14 H,2697.0,380985.0,2992.0,5689.0,0.5259272279838284,141.26251390433816,48.772,92.005,106.718,62.17,24.0,200.195,387.15467686646315
15/9-F-14 H,1518.139534883721,233426.2325581396,3094.3255813953488,4612.46511627907,0.6708615682478218,153.75808823529414,40.471,90.059,103.822,61.68622,21.5,208.341,347.0852788346014
15/9-F-14 H,1123.0,176394.0,2723.0,3846.0,0.7080083203328134,157.0739091718611,32.644,86.137,102.481,100.0,24.0,194.86,321.15460815540195
15/9-F-14 H,896.0,145880.0,3623.0,4519.0,0.8017260455853065,162.8125,32.289,88.695,100.856,100.0,24.0,212.051,352.46949346902596
15/9-F-14 H,355.6363636363636,52754.181818181816,2778.5454545454545,3134.181818181818,0.8865297598329273,148.33742331288343,35.804,84.858,100.051,72.32316,22.0,229.578,313.4438825756282
15/9-F-14 H,212.0,31656.0,3576.0,3788.0,0.9440337909186906,149.32075471698113,30.241,85.902,99.516,100.0,24.0,235.281,337.07171080381556
15/9-F-14 H,102.0,16246.0,2883.0,2985.0,0.9658291457286432,159.27450980392155,31.385,88.571,99.939,43.11983,24.0,239.03500000000005,316.12890775751384
15/9-F-14 H,4381.0,623678.0,163.0,4544.0,0.0358714788732394,142.35973522026936,101.977,80.543,105.455,34.23687,24.0,168.025,299.0147868137769
15/9-F-14 H,815.6862745098039,57803.92156862745,486.2745098039216,1301.9607843137255,0.3734939759036144,70.86538461538461,101.513,12.135,102.803,7.91389,1.53,178.16599999999997,256.01975163733863
15/9-F-14 H,270.0,40979.0,3495.0,3765.0,0.9282868525896414,151.77407407407406,31.565,88.224,99.636,100.0,24.0,233.784,335.0605324749603
15/9-F-14 H,530.0,74002.0,3651.0,4181.0,0.8732360679263335,139.62641509433962,31.756,88.78,100.017,100.0,24.0,225.643,344.8866171308718
15/9-F-14 H,265.0,37707.0,3279.0,3544.0,0.9252257336343116,142.29056603773586,30.694,88.633,99.641,100.0,24.0,235.695,328.10837005309054
15/9-F-14 H,101.0,16340.0,2895.0,2996.0,0.9662883845126836,161.78217821782178,31.558,86.238,99.628,43.0596,24.0,239.356,316.4472059038598
15/9-F-14 H,711.0,106403.0,3896.0,4607.0,0.8456696331669199,149.65260196905766,32.437,86.447,100.424,100.0,24.0,216.135,358.97866473094075
15/9-F-14 H,341.0,54409.0,3563.0,3904.0,0.9126536885245902,159.55718475073314,31.057,88.218,99.678,100.0,24.0,230.623,338.29280023819285
15/9-F-14 H,191.0,29070.0,3112.0,3303.0,0.9421737814108386,152.19895287958116,27.525,88.346,99.478,100.0,24.0,235.544,322.52201162885905
15/9-F-14 H,2111.1837802485284,294581.5565729235,1.5696533682145193,2112.7534336167428,0.00074294205052,139.53382899628255,96.036,63.574,104.235,26.2261,15.29,156.29,224.31477236076444
15/9-F-14 H,2455.0,453753.0,2719.0,5174.0,0.5255121762659452,184.82810590631365,53.023,92.31,106.389,51.20067,24.0,198.627,364.4097667796106
15/9-F-14 H,1715.0,267730.0,4362.0,6077.0,0.7177883824255389,156.11078717201167,41.514,87.593,103.279,60.33524,24.0,204.07,420.08728776406446
15/9-F-14 H,749.0,127465.0,3146.0,3895.0,0.8077021822849807,170.18024032042723,32.192,88.716,100.482,100.0,24.0,215.85,329.8991242586441
15/9-F-14 H,419.0,71817.0,3462.0,3881.0,0.8920381345014171,171.40095465393796,31.161,88.98,99.868,100.0,24.0,228.755,335.8510066069129
15/9-F-14 H,167.0,25631.0,3005.0,3172.0,0.9473518284993696,153.47904191616766,30.454,87.488,99.401,100.0,24.0,236.405,319.39910105579713
15/9-F-14 H,116.0,19842.0,3187.0,3303.0,0.9648804117468968,171.05172413793105,27.524,88.272,99.621,100.0,24.0,238.525,324.3134201247019
15/9-F-14 H,4033.0,589849.0,8.0,4041.0,0.001979707993071,146.25564096206298,83.668,80.074,104.716,36.58263,24.0,154.735,278.1064989883711
15/9-F-14 H,2068.0,316677.0,3563.0,5631.0,0.6327472917776594,153.13201160541587,40.746,90.239,105.739,100.0,24.0,201.764,391.79325551343317
15/9-F-14 H,1898.0,290036.0,4018.0,5916.0,0.6791751183231913,152.81138040042148,39.199,87.572,102.818,77.23953,24.0,201.82,409.3961539524168
15/9-F-14 H,1037.0,167953.0,3090.0,4127.0,0.7487278895081173,161.96046287367406,34.283,85.009,101.483,68.2146,24.0,205.808,334.04923749915014
15/9-F-14 H,537.33410271206,76144.95095210618,3902.59665320254,4439.9307559146,0.8789769182782282,141.70876288659795,35.157,82.229,100.107,62.55746,17.33,222.05400000000003,354.92983645199166
15/9-F-14 H,329.0,53685.0,3334.0,3663.0,0.9101829101829102,163.17629179331308,31.893,87.167,99.609,97.91667,24.0,229.729,330.38674202687076
15/9-F-14 H,169.0,25788.0,3128.0,3297.0,0.9487412799514712,152.59171597633136,27.762,86.243,99.539,100.0,24.0,237.662,322.92061423182207
15/9-F-14 H,4509.0,638750.0,109.0,4618.0,0.023603291468168,141.66112220004436,98.172,78.44,105.411,34.77944,24.0,166.21400000000003,302.3951307918377
15/9-F-14 H,1973.0,306746.0,3429.0,5402.0,0.6347649018881896,155.47187024835276,38.522,87.217,105.031,100.0,24.0,199.763,381.02190095827194
15/9-F-14 H,1253.0,192011.0,1987.0,3240.0,0.6132716049382716,153.24102154828412,38.901,83.897,104.82,43.09684,24.0,180.04899999999998,294.8468288926633
15/9-F-14 H,913.0,146305.0,3283.0,4196.0,0.7824118207816969,160.24644030668128,33.392,86.378,101.041,99.03284,24.0,210.852,338.9014888147811
15/9-F-14 H,625.0,91561.0,3950.0,4575.0,0.8633879781420765,146.4976,32.57,86.054,100.068,100.0,24.0,221.102,358.93481945389505
15/9-F-14 H,272.0,40594.0,3971.0,4243.0,0.9358944143294838,149.24264705882354,31.295,87.317,99.659,100.0,24.0,233.209,351.6990722229078
15/9-F-14 H,130.0,20150.0,2882.0,3012.0,0.9568393094289508,155.0,28.626,86.48,99.51,100.0,24.0,238.059,316.0830824198743
15/9-F-14 H,4635.0,666608.0,12.0,4647.0,0.0025823111684958,143.82049622437972,92.297,78.362,105.393,35.79894,24.0,162.067,303.3843078986128
15/9-F-14 H,2791.0,408766.0,6.0,2797.0,0.0021451555237754,146.45861698316017,96.106,75.617,104.378,30.11795,24.0,155.352,235.47380407977724
15/9-F-14 H,214.0,31983.0,3133.0,3347.0,0.9360621452046608,149.4532710280374,30.401,88.28,99.519,100.0,24.0,236.464,323.25138803955133
15/9-F-14 H,3746.0,535961.0,336.0,4082.0,0.082312591866732,143.07554725040043,60.003,81.488,105.316,42.23623,24.0,151.85199999999998,286.90018215862204
15/9-F-14 H,2452.0,350054.0,3554.0,6006.0,0.5917415917415917,142.7626427406199,49.478,92.562,106.713,60.55078,24.0,201.229,407.6937333364504
15/9-F-14 H,1906.8493150684933,249293.8356164384,3978.082191780822,5884.931506849315,0.6759776536312849,130.73599137931035,40.58,91.271,103.659,63.23126,11.68,207.92,405.54036802345047
15/9-F-14 H,951.0,150226.5,2919.0,3870.0,0.7542635658914729,157.96687697160883,50.23,73.495,101.996,58.87111,16.0,203.924,325.7163090657436
15/9-F-14 H,876.0,139009.0,3555.0,4431.0,0.8023019634394042,158.68607305936072,32.096,88.717,100.769,100.0,24.0,212.632,349.0576440374325
15/9-F-14 H,482.0,71178.0,3620.0,4102.0,0.8824963432471965,147.6721991701245,31.409,89.209,100.018,100.0,24.0,228.925,342.75299877974527
15/9-F-14 H,200.0,29527.0,3244.0,3444.0,0.9419279907084784,147.635,30.449,88.556,99.496,100.0,24.0,235.704,326.48960243960903
15/9-F-14 H,104.0,16525.0,2978.0,3082.0,0.9662556781310836,158.89423076923077,30.726,87.809,99.808,44.90169,24.0,238.878,318.6190968640228
15/9-F-14 H,4539.0,633353.0,37.0,4576.0,0.0080856643356643,139.53580083718882,88.228,79.336,104.825,36.01154,24.0,161.57999999999998,300.28984239314167
15/9-F-14 H,2252.0,314261.0,2036.0,4288.0,0.4748134328358209,139.547513321492,57.256,88.913,106.279,42.73583,24.0,184.389,319.8673809903327
15/9-F-14 H,1752.0,269857.0,3990.0,5742.0,0.6948798328108673,154.02796803652967,39.453,88.807,104.705,73.9816,24.0,203.634,401.08281447447166
15/9-F-14 H,1000.0,117144.44444444444,2244.4444444444443,3244.4444444444443,0.6917808219178082,117.14444444444445,33.728,85.712,101.021,10.67797,2.16,211.831,302.05801036530886
15/9-F-14 H,548.0,79881.0,3618.0,4166.0,0.8684589534325492,145.7682481751825,32.196,85.372,99.949,100.0,24.0,223.172,344.0950740440609
15/9-F-14 H,271.0,39567.0,3750.0,4021.0,0.9326038298930616,146.00369003690037,30.767,88.099,99.64,100.0,24.0,234.451,343.7760980558279
15/9-F-14 H,119.0,19258.0,3228.0,3347.0,0.9644457723334328,161.83193277310923,27.868,88.565,99.635,100.0,24.0,239.213,325.530485167225
15/9-F-14 H,3973.0,548982.0,149.0,4122.0,0.0361475012130034,138.17820286936825,68.578,80.528,105.286,41.30641,24.0,155.004,284.6802631188506
15/9-F-14 H,1605.0,254784.0,4331.0,5936.0,0.7296159029649596,158.74392523364486,39.777,88.77,103.98,69.66822,24.0,206.487,413.261306659498
15/9-F-14 H,1141.0,178759.0,2659.0,3800.0,0.6997368421052632,156.66871165644173,32.748,86.037,102.664,100.0,24.0,194.068,318.9902660116183
15/9-F-14 H,899.0,147530.0,4083.0,4982.0,0.8195503813729426,164.10456062291436,32.349,88.609,100.884,97.91667,24.0,211.817,372.8371734623913
15/9-F-14 H,454.0,63409.0,3213.0,3667.0,0.8761930733569675,139.66740088105726,30.674,87.535,99.952,100.0,24.0,225.148,328.0659011654516
15/9-F-14 H,219.0,31640.0,3203.0,3422.0,0.9360023378141438,144.47488584474883,31.017,88.467,99.554,100.0,24.0,235.557,325.3997906301694
15/9-F-14 H,102.0,16243.0,2806.0,2908.0,0.9649243466299864,159.2450980392157,31.503,87.671,99.828,43.10103,24.0,239.269,314.1729158683812
15/9-F-14 H,705.0,105804.0,3522.0,4227.0,0.8332150461320085,150.07659574468084,32.203,86.586,100.189,100.0,24.0,218.154,343.6870213184027
15/9-F-14 H,358.0,54959.0,3691.0,4049.0,0.9115831069399852,153.5167597765363,30.279,87.032,99.54,100.0,24.0,230.026,343.138833327081
15/9-F-14 H,187.0,28889.0,3229.0,3416.0,0.9452576112412178,154.4866310160428,28.385,88.4,99.559,100.0,24.0,237.469,325.9266163676885
15/9-F-14 H,4429.0,628128.0,4.0,4433.0,0.0009023234829686,141.82163016482275,61.865,77.78,105.065,45.28615,24.0,149.232,297.2360418737375
15/9-F-14 H,5354.0,765204.0,6.0,5360.0,0.0011194029850746,142.92192753081807,60.52,80.738,104.989,52.35206,24.0,156.297,341.8890253852222
15/9-F-14 H,5644.0,786328.0,784.0,6428.0,0.1219663970130678,139.3210489014883,50.078,87.949,105.906,69.18941,24.0,173.72899999999998,408.26029426687694
15/9-F-14 H,2177.9179810725554,331621.45110410097,2372.2397476340693,4550.157728706625,0.5213533000554631,152.26535341830822,66.504,80.402,105.782,33.34715,9.51,194.854,334.5779049250114
15/9-F-14 H,1776.0,280186.0,4340.0,6116.0,0.7096141268803139,157.76238738738738,38.795,88.259,103.24,77.80533,24.0,204.506,421.97619364906484
15/9-F-14 H,460.8338226658837,66868.81972988843,3440.046975924838,3900.880798590722,0.881864161849711,145.10397553516822,36.679,82.348,100.338,39.66959,17.03,220.07,336.04482296680885
15/9-F-14 H,340.0,50907.0,3468.0,3808.0,0.9107142857142856,149.7264705882353,31.194,89.044,99.787,97.91667,24.0,229.727,335.0583604661565
15/9-F-14 H,183.0,27524.0,2557.0,2740.0,0.9332116788321168,150.40437158469945,30.464,88.343,99.409,100.0,24.0,235.838,307.538611852133
15/9-F-14 H,2727.0,378875.0,2431.0,5158.0,0.4713067080263668,138.93472680601394,52.445,89.492,106.302,47.15139,24.0,181.817,357.49901341077725
15/9-F-14 H,1706.0,263082.0,4047.0,5753.0,0.7034590648357378,154.20984759671748,41.4,90.4,104.3,61.2,24.0,204.8,401.89964982887375
15/9-F-14 H,1192.0,186409.0,2473.0,3665.0,0.6747612551159619,156.38338926174498,33.263,85.74,103.313,100.0,24.0,188.36,312.6528843515392
15/9-F-14 H,1031.0,163156.0,3456.0,4487.0,0.7702250947180744,158.2502424830262,33.517,86.587,101.062,79.40572,24.0,208.745,349.14638939401374
15/9-F-14 H,575.0,86418.0,3398.0,3973.0,0.8552730933803171,150.29217391304348,31.993,88.407,100.019,100.0,24.0,224.314,336.29247838957457
15/9-F-14 H,258.0,37945.0,3413.0,3671.0,0.929719422500681,147.07364341085272,30.967,88.975,99.688,100.0,24.0,235.97000000000003,332.2614176111263
15/9-F-14 H,112.0,17550.0,3174.0,3286.0,0.9659160073037129,156.69642857142858,27.522,88.343,99.626,100.0,24.0,238.502,323.99817244944876
15/9-F-14 H,3907.3825503355706,568606.711409396,8.053691275167786,3915.4362416107374,0.0020569077819677,145.5211267605634,82.975,78.764,104.728,36.32352,17.88,154.697,273.48727529428425
15/9-F-14 H,2079.0,318233.0,3595.0,5674.0,0.6335918223475502,153.07022607022608,40.494,90.851,105.735,100.0,24.0,201.483,393.97778860129074
15/9-F-14 H,1893.0,289912.0,4072.0,5965.0,0.6826487845766974,153.14949815108292,39.091,87.724,102.826,77.37705,24.0,202.145,412.1942088508
15/9-F-14 H,1038.0,168678.0,3097.0,4135.0,0.7489721886336155,162.5028901734104,34.404,85.361,101.473,68.23803,24.0,206.194,334.33229904872877
15/9-F-14 H,589.0,89471.0,3801.0,4390.0,0.8658314350797266,151.90322580645162,32.488,85.472,100.138,93.12878,24.0,220.302,352.05838807213684
15/9-F-14 H,320.0,52118.0,3316.0,3636.0,0.911991199119912,162.86875,31.903,86.29,99.615,100.0,24.0,229.766,329.71873584062706
15/9-F-14 H,168.0,25565.0,3108.0,3276.0,0.9487179487179488,152.17261904761904,27.736,85.936,99.535,100.0,24.0,237.61,322.349640015114
15/9-F-14 H,2906.0,414713.0,76.0,2982.0,0.0254862508383635,142.70922229869237,104.993,75.23,105.3,29.04831,24.0,165.43200000000002,241.74334983930058
15/9-F-14 H,1973.0,306797.0,3302.0,5275.0,0.6259715639810427,155.4977192093259,38.582,87.41,105.03,100.0,24.0,200.278,374.33395904909537
15/9-F-14 H,1247.0,191106.0,1991.0,3238.0,0.6148857319332921,153.25260625501204,38.847,85.706,104.788,43.21082,24.0,180.175,294.7477238209345
15/9-F-14 H,959.0,152534.0,3383.0,4342.0,0.7791340396130815,159.05526590198124,32.353,87.517,101.061,99.03918,24.0,210.379,344.1001847358063
15/9-F-14 H,631.0,92681.0,4042.0,4673.0,0.864968970682645,146.87955625990492,32.568,86.211,100.059,100.0,24.0,221.188,362.90080948426754
15/9-F-14 H,266.0,39656.0,3798.0,4064.0,0.9345472440944882,149.08270676691728,31.071,88.257,99.657,100.0,24.0,233.09,345.36293362940773
15/9-F-14 H,123.0,19625.0,2902.0,3025.0,0.9593388429752068,159.5528455284553,28.719,86.872,99.525,100.0,24.0,238.314,316.5900854967184
15/9-F-14 H,4411.12582781457,635188.344370861,29.66887417218544,4440.794701986755,0.0066809830589358,143.99687725198174,92.805,78.434,105.378,34.2146,22.65,162.32,294.3469006881547
15/9-F-14 H,2759.0,386979.0,2599.0,5358.0,0.4850690556177678,140.26060166727075,52.257,84.836,106.251,49.08621,24.0,184.904,368.8081099992511
15/9-F-14 H,1999.0,304642.0,3669.0,5668.0,0.647318278052223,152.39719859929966,39.285,91.047,105.37,100.0,24.0,202.894,394.3971422341512
15/9-F-14 H,2270.713201820941,329415.4779969651,4670.713201820941,6941.426403641883,0.6728751311647428,145.07137129109864,39.944,86.734,102.8,42.44167,13.18,200.326,467.31084648289817
15/9-F-14 H,950.0,149287.0,3231.0,4181.0,0.7727816311887108,157.1442105263158,33.345,87.015,101.247,77.30536,24.0,209.121,337.6396934947928
15/9-F-14 H,571.0,78543.0,4109.0,4680.0,0.877991452991453,137.55341506129596,31.959,84.229,100.044,100.0,24.0,220.793,364.1003552713536
15/9-F-14 H,299.0,43829.0,3328.0,3627.0,0.9175627240143368,146.58528428093646,31.115,86.546,99.505,91.83016,24.0,232.029,330.0067918141499
15/9-F-14 H,141.0,21943.0,3346.0,3487.0,0.9595640952107828,155.6241134751773,29.483,87.159,99.543,93.68124,24.0,238.221,329.1408834313298
15/9-F-14 H,2743.0,402200.0,6.0,2749.0,0.0021826118588577,146.62777980313524,96.49,76.078,104.399,29.83064,24.0,155.23399999999998,234.02016359151665
15/9-F-14 H,216.0,32367.0,3152.0,3368.0,0.9358669833729216,149.84722222222223,30.392,86.928,99.519,100.0,24.0,236.491,323.84361927272425
15/9-F-14 H,2778.0,397797.0,272.0,3050.0,0.0891803278688524,143.19546436285097,67.942,79.896,105.246,35.3064,24.0,151.375,250.79478020374444
15/9-F-14 H,2444.0,348879.0,3525.0,5969.0,0.5905511811023622,142.74918166939443,49.559,92.96,106.715,59.84522,24.0,201.371,405.57339725717395
15/9-F-14 H,946.0,149789.0,2849.0,3795.0,0.7507246376811594,158.33932346723046,32.867,86.177,102.277,99.9365,24.0,196.805,322.5243721620971
15/9-F-14 H,869.1176470588234,137980.14705882352,3520.5882352941176,4389.7058823529405,0.8020100502512564,158.75888324873097,32.038,89.026,100.773,100.0,21.76,213.365,347.4339571018716
15/9-F-14 H,478.0,70389.0,3577.0,4055.0,0.8821208384710234,147.2573221757322,31.396,89.262,100.013,100.0,24.0,228.972,341.09920088152717
15/9-F-14 H,4428.0,618792.0,37.0,4465.0,0.0082866741321388,139.74525745257452,87.58,80.99,105.288,36.22385,24.0,161.42700000000002,295.10884604758365
15/9-F-14 H,2221.0,309661.0,2031.0,4252.0,0.4776575729068673,139.42413327330033,56.851,89.556,106.273,42.77059,24.0,183.972,318.5891599386759
15/9-F-14 H,1728.0,267251.0,3855.0,5583.0,0.6904889844169801,154.6591435185185,39.817,89.209,104.691,70.5843,24.0,203.661,392.7782052323194
15/9-F-14 H,541.0,79308.0,3594.0,4135.0,0.8691656590084643,146.5951940850277,32.249,85.552,99.953,100.0,24.0,223.081,343.04111931857267
15/9-F-14 H,274.0,39882.0,3525.0,3799.0,0.9278757567780996,145.55474452554745,30.754,88.395,99.638,100.0,24.0,234.438,336.1426310872101
15/9-F-14 H,117.0,19166.0,3191.0,3308.0,0.9646311970979444,163.81196581196582,28.068,88.659,99.63,100.0,24.0,239.2,324.4572248178295
15/9-F-14 H,2812.0,403047.0,2857.0,5669.0,0.5039689539601341,143.3310810810811,46.827,92.285,106.701,68.17222,24.0,196.102,385.14108195307455
15/9-F-14 H,1680.0,259555.0,4355.0,6035.0,0.7216238608119304,154.4970238095238,38.572,89.413,103.986,74.26628,24.0,207.438,417.83376086291577
15/9-F-14 H,1142.0,178181.0,2720.0,3862.0,0.7042982910409115,156.02539404553414,32.744,86.332,102.646,100.0,24.0,194.253,321.4324359707817
15/9-F-14 H,897.0,148012.0,4280.0,5177.0,0.8267336295151633,165.00780379041248,32.303,88.321,100.882,100.0,24.0,211.934,381.92170321507297
15/9-F-14 H,454.0,64152.0,3212.0,3666.0,0.8761593016912166,141.30396475770925,30.685,87.381,99.965,100.0,24.0,225.265,328.02027088419015
15/9-F-14 H,216.0,31601.0,3245.0,3461.0,0.9375902918231724,146.30092592592592,30.963,87.483,99.55,100.0,24.0,235.587,326.6521969777711
15/9-F-14 H,101.0,15979.0,2840.0,2941.0,0.9656579394763686,158.20792079207922,31.377,87.095,99.828,43.12721,24.0,239.259,315.0489582770339
15/9-F-14 H,706.0,105308.0,3627.0,4333.0,0.8370643895684283,149.1614730878187,32.241,87.871,100.179,100.0,24.0,218.327,347.80754523598483
15/9-F-14 H,356.0,54880.0,3670.0,4026.0,0.9115747640337803,154.1573033707865,29.524,87.126,99.537,100.0,24.0,229.792,342.35604319810255
15/9-F-14 H,192.0,29591.0,3162.0,3354.0,0.9427549194991056,154.11979166666666,29.144,88.14,99.546,100.0,24.0,237.505,323.9704692459158
15/9-F-14 H,4435.0,627682.0,2.0,4437.0,0.0004507550146495,141.52919954904172,62.15,77.973,105.083,45.26805,24.0,149.493,297.2763129884558
15/9-F-14 H,4859.113300492611,691778.2355575459,6.448723690103001,4865.562024182715,0.001325381047051,142.36717540367175,65.31,75.371,104.917,45.46854,22.33,154.839,317.5690918081373
15/9-F-14 H,4867.0,678028.0,800.0,5667.0,0.1411681665784365,139.3112800493117,49.787,86.538,105.934,69.79259,24.0,174.057,365.1226402691462
15/9-F-14 H,2517.0,360332.0,2658.0,5175.0,0.5136231884057971,143.15931664680176,60.398,89.895,106.214,42.31075,24.0,190.97,360.72114864941267
15/9-F-14 H,1759.0,278028.0,4360.0,6119.0,0.7125347278967151,158.0602615122229,38.141,88.944,103.244,79.13945,24.0,206.521,422.25825004296956
15/9-F-14 H,792.7382753403934,121425.71860816944,4239.63691376702,5032.3751891074135,0.8424723424723425,153.17251908396946,33.612,86.329,100.437,82.0632,19.83,217.026,376.3934250737916
15/9-F-14 H,333.0,50107.0,3485.0,3818.0,0.9127815610267156,150.47147147147146,31.162,88.801,99.778,97.91667,24.0,229.881,335.540837932381
15/9-F-14 H,194.0,29224.0,2650.0,2844.0,0.9317862165963432,150.63917525773195,30.259,87.921,99.409,100.0,24.0,235.915,309.853778173874
15/9-F-14 H,2675.0,372846.0,2283.0,4958.0,0.4604679306171843,139.38168224299065,52.808,89.2,106.279,46.16314,24.0,181.181,347.5772056199313
15/9-F-14 H,1703.0,265463.0,4023.0,5726.0,0.7025847013622075,155.87962419260128,41.1,90.4,104.3,61.2,24.0,205.0,400.581618651848
15/9-F-14 H,1193.0,186444.0,2449.0,3642.0,0.672432729269632,156.28164291701592,32.681,86.596,103.298,100.0,24.0,187.995,311.67299280105334
15/9-F-14 H,1025.0,162084.0,3472.0,4497.0,0.7720702690682677,158.13073170731707,33.359,86.661,101.061,82.01954,24.0,209.088,349.6641330481942
15/9-F-14 H,555.0,76972.0,3081.0,3636.0,0.8473597359735974,138.68828828828828,31.607,88.221,100.03,100.0,24.0,224.438,324.8642289506099
15/9-F-14 H,258.0,37734.0,3489.0,3747.0,0.9311449159327462,146.25581395348837,30.931,88.956,99.682,100.0,24.0,235.905,334.739273222248
15/9-F-14 H,89.14285714285714,13374.857142857143,2742.8571428571427,2832.0,0.9685230024213074,150.03846153846155,33.198,83.99,99.553,63.74319,21.0,239.589,312.7472846204136
15/9-F-14 H,4231.0,588016.0,780.0,5011.0,0.1556575533825583,138.97801938076103,63.866,85.723,105.579,42.19277,24.0,162.312,330.8616367257857
15/9-F-14 H,1681.0,260328.0,3932.0,5613.0,0.7005166577587743,154.86496133254016,45.622,89.38,103.328,50.00652,24.0,202.752,394.6288244103275
15/9-F-14 H,776.0,113949.0,3302.0,4078.0,0.8097106424717999,146.8414948453608,32.151,89.015,100.559,100.0,24.0,214.819,336.5526070894341
15/9-F-14 H,187.0,27948.0,3031.0,3218.0,0.9418893722809198,149.45454545454547,30.234,87.118,99.453,100.0,24.0,236.574,320.20803195935946
15/9-F-14 H,2086.0,318295.0,3603.0,5689.0,0.633327474072772,152.5862895493768,40.392,91.174,105.725,100.0,24.0,201.402,394.6666648478162
15/9-F-14 H,1867.0,285754.0,4054.0,5921.0,0.6846816416145921,153.05516871987146,39.025,87.68,102.828,77.3952,24.0,202.456,409.95360179525585
15/9-F-14 H,1042.0,168798.0,3128.0,4170.0,0.7501199040767386,161.99424184261036,34.438,84.682,101.467,68.25839,24.0,206.582,335.7480871178297
15/9-F-14 H,633.0,94749.0,3845.0,4478.0,0.8586422510049129,149.6824644549763,32.219,86.463,100.144,100.0,24.0,219.856,354.8551619095974
15/9-F-14 H,305.0,49815.0,3300.0,3605.0,0.9153952843273232,163.327868852459,31.884,86.267,99.618,97.91667,24.0,229.844,329.0384963469193
15/9-F-14 H,166.0,25329.0,3093.0,3259.0,0.949064130101258,152.5843373493976,27.742,86.057,99.531,100.0,24.0,237.58400000000003,321.91052854322004
15/9-F-14 H,4319.0,612913.0,107.0,4426.0,0.0241753276095797,141.91085899513777,100.436,80.122,105.396,34.05479,24.0,166.273,293.3263110266442
15/9-F-14 H,2021.0,315362.0,3470.0,5491.0,0.6319431797486796,156.04255319148936,38.84,85.815,105.029,100.0,24.0,200.93,385.4549979669086
15/9-F-14 H,1246.0,190019.0,1984.0,3230.0,0.6142414860681115,152.5032102728732,38.844,84.384,104.754,42.26623,24.0,180.385,294.6076903263107
15/9-F-14 H,856.6265060240963,146868.67469879516,3146.9879518072285,4003.6144578313247,0.7860367138128197,171.45007032348803,35.736,85.818,100.994,72.03672,19.92,212.554,332.1507736735072
15/9-F-14 H,641.0,93454.0,4136.0,4777.0,0.8658153652920243,145.79407176287052,32.532,86.029,100.033,100.0,24.0,220.981,367.14606683257966
15/9-F-14 H,276.0,41180.0,3724.0,4000.0,0.931,149.20289855072463,30.987,87.195,99.659,100.0,24.0,233.252,342.9524829130162
15/9-F-14 H,126.0,20187.0,2988.0,3114.0,0.9595375722543352,160.21428571428572,28.353,88.026,99.552,100.0,24.0,238.41,318.86686525553506
15/9-F-14 H,4080.306252658443,629284.900042535,59.20884729902169,4139.515099957464,0.0143033292231812,154.22491868901676,94.423,74.054,105.349,33.56515,23.51,162.185,283.60299370997126
15/9-F-14 H,2747.0,386244.0,2596.0,5343.0,0.4858693617817705,140.6057517291591,52.191,84.69,106.259,49.1617,24.0,185.162,368.1729982009653
15/9-F-14 H,2006.0,306452.0,3636.0,5642.0,0.6444523218716767,152.7676969092722,39.255,91.054,105.358,97.91667,24.0,202.945,392.93931507203905
15/9-F-14 H,1821.2416623909696,284890.71318624937,4339.4561313494105,6160.697793740381,0.7043773735758544,156.42663962136578,43.947,81.429,102.68,56.32311,19.49,202.676,424.5504804419619
15/9-F-14 H,957.0,150295.0,3059.0,4016.0,0.7617031872509961,157.0480668756531,33.138,86.984,101.243,77.33098,24.0,209.013,330.9037996369378
15/9-F-14 H,597.0,80910.0,3948.0,4545.0,0.8686468646864687,135.52763819095478,31.978,83.621,100.055,100.0,24.0,220.941,358.20354540079796
15/9-F-14 H,314.0,46464.0,3335.0,3649.0,0.9139490271307208,147.97452229299364,30.791,86.807,99.499,100.0,24.0,232.087,330.3832011273876
15/9-F-14 H,150.0,23637.0,3012.0,3162.0,0.952561669829222,157.58,28.866,85.493,99.549,100.0,24.0,238.23,319.57330657089153
15/9-F-14 H,2717.0,399221.0,6.0,2723.0,0.0022034520749173,146.93448656606552,96.686,77.017,104.407,29.74821,24.0,155.172,233.1018949208584
15/9-F-14 H,218.0,33092.0,3155.0,3373.0,0.93536910761933,151.7981651376147,30.453,88.839,99.519,100.0,24.0,236.46,323.89904508752596
15/9-F-14 H,2774.0,398808.0,268.0,3042.0,0.0880999342537804,143.7664023071377,67.67,79.465,105.233,35.71536,24.0,151.39299999999997,250.56142655013613
15/9-F-14 H,2428.0,348000.0,3489.0,5917.0,0.5896569207368599,143.32784184514003,49.479,92.698,106.71,59.67527,24.0,201.544,402.83176039716056
15/9-F-14 H,992.0,155827.0,2681.0,3673.0,0.7299210454669208,157.08366935483872,32.786,85.167,102.275,100.0,24.0,196.923,317.0284139002154
15/9-F-14 H,666.490765171504,95544.06332453826,1765.1715039577837,2431.662269129288,0.7259114583333333,143.353919239905,35.55,82.749,100.677,75.49431,15.16,216.343,283.7124110321429
15/9-F-14 H,474.0,69114.0,3658.0,4132.0,0.8852855759922555,145.81012658227849,31.407,89.278,100.009,100.0,24.0,229.05,344.0125581218083
15/9-F-14 H,4434.0,618704.0,35.0,4469.0,0.0078317296934437,139.5363103292738,85.972,80.584,105.259,36.46244,24.0,160.767,295.5239057364554
15/9-F-14 H,2650.0,370156.0,2365.0,5015.0,0.4715852442671984,139.68150943396228,54.875,88.508,106.278,45.04114,24.0,183.743,350.89137051507515
15/9-F-14 H,1818.0,279687.0,3987.0,5805.0,0.6868217054263566,153.84323432343234,40.285,90.208,104.673,65.53599,24.0,203.615,403.7313656677232
15/9-F-14 H,818.2424916573971,110239.82202447164,2935.261401557286,3753.503893214682,0.7820056899004268,134.72756933115824,38.983,77.203,100.927,42.34681,17.98,210.501,324.1491133747796
15/9-F-14 H,513.196894848271,75905.71630204658,3085.9562455892733,3599.153140437544,0.8574117647058824,147.90759075907593,34.869,81.483,99.906,53.79985,14.17,225.015,324.58790043242567
15/9-F-14 H,258.0,39059.0,3476.0,3734.0,0.9309051955008034,151.39147286821705,30.755,86.348,99.637,100.0,24.0,234.485,334.33089873900974
15/9-F-14 H,114.0,18353.0,3166.0,3280.0,0.9652439024390244,160.99122807017545,28.04,88.779,99.629,100.0,24.0,239.17,323.75403831232944
15/9-F-14 H,4063.0,557965.0,190.0,4253.0,0.044674347519398,137.32832882106817,67.763,81.672,105.327,41.94327,24.0,155.732,290.3395749284154
15/9-F-14 H,2801.0,404666.0,2855.0,5656.0,0.5047736916548797,144.4719742948947,46.854,92.495,106.708,68.12473,24.0,196.597,384.5957352616841
15/9-F-14 H,1662.0,259143.0,4309.0,5971.0,0.7216546642103501,155.92238267148014,38.941,89.741,103.963,71.22536,24.0,207.226,414.4759569919998
15/9-F-14 H,989.3738140417458,160856.92599620495,2740.417457305503,3729.7912713472488,0.7347374847374847,162.58457997698503,37.962,83.495,102.518,70.91305,21.08,198.542,319.16591953558986
15/9-F-14 H,904.0,148295.0,3509.0,4413.0,0.7951506911398142,164.04314159292036,32.221,88.171,100.859,100.0,24.0,211.447,347.90910188789894
15/9-F-14 H,459.0,66862.0,3321.0,3780.0,0.8785714285714286,145.66884531590415,30.87,87.796,100.002,100.0,24.0,225.642,331.7503432744622
15/9-F-14 H,213.0,31157.0,3554.0,3767.0,0.9434563312981152,146.27699530516432,30.806,87.725,99.552,100.0,24.0,235.514,336.3494580168513
15/9-F-14 H,101.0,16108.0,2891.0,2992.0,0.9662433155080212,159.4851485148515,31.406,88.261,99.83,43.01565,24.0,239.144,316.3398802655364
15/9-F-14 H,715.0,106522.0,3740.0,4455.0,0.8395061728395061,148.98181818181817,32.295,88.605,100.179,100.0,24.0,218.43,352.5512836758779
15/9-F-14 H,356.0,54632.0,3668.0,4024.0,0.911530815109344,153.46067415730337,29.464,84.641,99.529,100.0,24.0,229.901,342.34545363650716
15/9-F-14 H,187.0,28674.0,3210.0,3397.0,0.9449514277303503,153.33689839572193,29.283,88.351,99.544,100.0,24.0,237.435,325.36492126668884
15/9-F-14 H,4614.0,659794.0,5.0,4619.0,0.0010824853864472,142.99826614651062,62.475,78.407,105.098,45.25301,24.0,149.656,305.50919411688466
15/9-F-14 H,4848.0,675426.0,854.0,5702.0,0.1497720098211154,139.32054455445544,49.829,86.365,105.945,69.39617,24.0,174.25,367.56491024457256
15/9-F-14 H,2502.0,367970.0,2632.0,5134.0,0.5126606934164394,147.07034372502,59.381,89.048,106.244,42.90655,24.0,191.174,359.1612260671456
15/9-F-14 H,1790.0,281530.0,4478.0,6268.0,0.7144224633056796,157.27932960893855,37.357,89.872,103.246,92.63311,24.0,207.064,430.4600688476308
15/9-F-14 H,575.0,85309.0,3630.0,4205.0,0.8632580261593341,148.36347826086956,33.715,86.874,100.413,84.97888,24.0,216.809,345.0284357468257
15/9-F-14 H,333.0,50058.0,3536.0,3869.0,0.9139312483845956,150.32432432432432,31.197,88.997,99.772,97.91667,24.0,229.92200000000005,337.27665950515444
15/9-F-14 H,102.99089726918076,16150.845253576072,1425.227568270481,1528.2184655396618,0.9326072157930564,156.81818181818184,35.413,84.949,94.192,58.89591,23.07,221.871,287.2727266518625
15/9-F-14 H,2633.0,377053.0,2252.0,4885.0,0.4610030706243603,143.20281048233954,52.527,89.415,106.287,46.16864,24.0,181.091,344.5093073189871
15/9-F-14 H,1185.0,185385.0,2458.0,3643.0,0.6747186384847653,156.4430379746835,32.67,86.597,103.277,100.0,24.0,188.208,311.8714425410812
15/9-F-14 H,1022.0,161047.0,3501.0,4523.0,0.7740437762546982,157.5802348336595,33.237,86.898,101.059,85.2511,24.0,209.403,350.8123981416848
15/9-F-14 H,581.0,79936.0,3428.0,4009.0,0.855076078822649,137.58347676419965,31.571,86.118,100.03,100.0,24.0,224.69000000000003,337.678493819651
15/9-F-14 H,269.0,38970.0,3451.0,3720.0,0.9276881720430108,144.86988847583643,30.882,88.872,99.68,100.0,24.0,235.857,333.6343470562988
15/9-F-14 H,111.0,17782.0,3284.0,3395.0,0.9673048600883652,160.19819819819818,27.551,87.936,99.643,100.0,24.0,238.202,327.12581410831405
15/9-F-14 H,4228.0,588196.0,762.0,4990.0,0.1527054108216433,139.11920529801324,63.77,85.371,105.584,42.29297,24.0,162.59099999999998,329.7804646507109
15/9-F-14 H,1678.0,260476.0,3957.0,5635.0,0.7022182786157941,155.2300357568534,45.094,89.583,103.323,50.84481,24.0,202.951,395.8474163692239
15/9-F-14 H,762.0,112955.0,3108.0,3870.0,0.8031007751937984,148.23490813648294,32.042,87.574,100.545,100.0,24.0,215.033,328.97592185800147
15/9-F-14 H,183.0,27160.0,3092.0,3275.0,0.9441221374045802,148.4153005464481,30.215,87.065,99.445,100.0,24.0,236.361,321.94529109086176
15/9-F-14 H,2110.0,319503.0,3618.0,5728.0,0.6316340782122905,151.42322274881516,40.081,91.182,105.713,100.0,24.0,201.428,396.5133554085508
15/9-F-14 H,1855.0,283646.0,4051.0,5906.0,0.6859126312224856,152.9088948787062,38.972,87.527,102.825,77.43297,24.0,202.774,409.2283637838497
15/9-F-14 H,1040.0,168483.0,3056.0,4096.0,0.74609375,162.0028846153846,34.734,84.588,101.459,66.04296,24.0,206.983,332.74871261095376
15/9-F-14 H,629.0,94182.0,3874.0,4503.0,0.8603153453253387,149.7329093799682,32.192,85.895,100.148,100.0,24.0,219.922,355.9525815172583
15/9-F-14 H,313.0,51013.0,3315.0,3628.0,0.9137265711135611,162.9808306709265,31.905,86.763,99.618,100.0,24.0,229.823,329.6000636276492
15/9-F-14 H,164.0,25186.0,3096.0,3260.0,0.9496932515337424,153.5731707317073,27.468,85.486,99.536,97.91667,24.0,237.497,321.99119333763986
15/9-F-14 H,4418.0,625514.0,117.0,4535.0,0.0257993384785005,141.58306926210955,100.154,81.01,105.411,34.39536,24.0,166.51299999999998,297.98480301551706
15/9-F-14 H,4479.0,643344.0,18.0,4497.0,0.0040026684456304,143.63563295378432,93.499,76.975,105.387,35.23956,24.0,162.392,296.8782368564491
15/9-F-14 H,1936.0,282456.0,1787.0,3723.0,0.4799892559763631,145.89669421487602,66.231,82.041,106.149,34.02369,24.0,186.745,299.78210441063294
15/9-F-14 H,1964.0,299814.0,3622.0,5586.0,0.648406731113498,152.65478615071282,38.785,91.374,105.357,100.0,24.0,204.148,390.2958385874589
15/9-F-14 H,1865.0,285954.0,3954.0,5819.0,0.6794981955662485,153.3265415549598,38.983,88.086,102.782,81.91284,24.0,200.87,404.30209595503516
15/9-F-14 H,959.0,151841.0,3088.0,4047.0,0.7630343464294539,158.33263816475494,33.224,88.007,101.23,77.29732,24.0,209.137,332.0285907396235
15/9-F-14 H,624.0,85314.0,3958.0,4582.0,0.8638149279790485,136.72115384615384,32.021,84.161,100.064,100.0,24.0,221.08,359.28758300370424
15/9-F-14 H,310.0,45952.0,3246.0,3556.0,0.9128233970753656,148.23225806451612,30.784,86.249,99.501,100.0,24.0,232.086,327.48482671236195
15/9-F-14 H,155.0,24044.0,3107.0,3262.0,0.9524831391784182,155.1225806451613,28.215,86.483,99.566,100.0,24.0,238.08,322.25134584142876
15/9-F-14 H,2746.0,403771.0,6.0,2752.0,0.0021802325581395,147.03969410050982,96.734,77.137,104.43,29.66841,24.0,155.18099999999998,233.85551299434835
15/9-F-14 H,2422.0,347807.0,3497.0,5919.0,0.5908092583206622,143.60322047894303,49.38,91.811,106.707,59.81898,24.0,201.695,403.14894236754634
15/9-F-14 H,1012.0,159374.0,2679.0,3691.0,0.7258195610945544,157.48418972332016,32.561,85.165,102.257,100.0,24.0,196.872,317.31285140882756
15/9-F-14 H,726.6932270916335,110466.93227091634,3681.274900398407,4407.96812749004,0.8351409978308025,152.01315789473685,31.095,87.38,100.771,14.44986,2.51,217.708,350.5297890896209
15/9-F-14 H,466.0,68562.0,3633.0,4099.0,0.886313735057331,147.12875536480686,31.708,89.309,100.004,100.0,24.0,229.215,342.92872937029324
15/9-F-14 H,4490.0,615693.0,33.0,4523.0,0.0072960424497015,137.12538975501113,83.87,80.392,105.24,37.10078,24.0,160.195,297.9107053612161
15/9-F-14 H,2764.0,391352.0,2745.0,5509.0,0.4982755491014703,141.589001447178,52.338,89.142,106.308,48.26827,24.0,183.636,376.582984515826
15/9-F-14 H,1846.0,284751.0,3970.0,5816.0,0.6825997248968363,154.25297941495126,40.534,89.834,104.657,64.26485,24.0,203.735,404.13765734836915
15/9-F-14 H,1031.0,161139.0,1934.0,2965.0,0.6522765598650927,156.29388942774003,42.818,84.752,103.718,46.96894,24.0,190.613,289.7953262567466
15/9-F-14 H,991.0,104642.0,3391.0,4382.0,0.7738475581926061,105.59233097880929,32.612,85.541,101.126,99.98962,24.0,207.433,345.3101426221483
15/9-F-14 H,432.0,65173.0,3226.0,3658.0,0.8819026790595954,150.86342592592592,33.499,86.659,99.921,85.92787,24.0,224.816,328.1140146785518
15/9-F-14 H,230.0,35767.0,3197.0,3427.0,0.9328859060402684,155.5086956521739,30.723,87.489,99.641,99.99409,24.0,234.417,325.22704461447665
15/9-F-14 H,113.0,18107.0,3173.0,3286.0,0.965611685940353,160.23893805309734,28.133,88.754,99.625,100.0,24.0,239.189,323.95196752668335
15/9-F-14 H,4123.0,565776.0,193.0,4316.0,0.0447173308619091,137.2243512005821,67.346,81.597,105.348,42.31934,24.0,156.21,293.0209959902554
15/9-F-14 H,2808.0,401630.0,2799.0,5607.0,0.4991974317817014,143.0306267806268,46.799,92.514,106.717,68.92542,24.0,197.073,381.5932059239608
15/9-F-14 H,1630.0,255213.0,4115.0,5745.0,0.7162750217580505,156.5723926380368,39.49,89.058,103.945,66.53244,24.0,207.409,402.4992916846373
15/9-F-14 H,1059.0,167945.0,2704.0,3763.0,0.7185756045708211,158.58829084041548,32.822,85.056,102.617,99.81433,24.0,194.844,319.157050248298
15/9-F-14 H,889.0,146572.0,3443.0,4332.0,0.7947830101569714,164.87289088863892,32.42,87.384,100.815,100.0,24.0,210.686,344.8180315018162
15/9-F-14 H,464.0,67492.0,3510.0,3974.0,0.883241066935078,145.45689655172413,31.013,87.426,100.046,100.0,24.0,226.251,338.4949091923075
15/9-F-14 H,202.0,30666.0,3230.0,3432.0,0.9411421911421912,151.8118811881188,30.446,88.217,99.551,100.0,24.0,235.455,326.058836885585
15/9-F-14 H,102.0,16190.0,2898.0,3000.0,0.966,158.72549019607845,31.407,88.633,99.842,43.08322,24.0,239.106,316.5187835737534
15/9-F-14 H,705.0,104715.0,3748.0,4453.0,0.8416797664495845,148.53191489361703,32.283,88.638,100.175,100.0,24.0,218.629,352.6251003569618
15/9-F-14 H,344.0,53719.0,3663.0,4007.0,0.9141502370851012,156.15988372093022,29.563,88.178,99.408,100.0,24.0,229.65000000000003,341.8738172850631
15/9-F-14 H,188.0,28559.0,3223.0,3411.0,0.9448841981823513,151.9095744680851,29.053,87.307,99.545,100.0,24.0,237.4,325.78159784964157
15/9-F-14 H,4653.0,663983.0,3.0,4656.0,0.0006443298969072,142.69997850848915,62.07,77.407,105.094,45.77974,24.0,149.681,307.4717098185781
15/9-F-14 H,5291.0,753658.0,21.0,5312.0,0.003953313253012,142.44150444150443,58.926,79.343,105.006,52.37012,24.0,154.54899999999998,340.0174897008386
15/9-F-14 H,4690.0,654196.0,553.0,5243.0,0.1054739652870494,139.48742004264392,49.851,87.323,105.956,69.23127,24.0,174.452,340.47670478626594
15/9-F-14 H,2759.0,399924.0,2759.0,5518.0,0.5,144.95251902863356,56.034,90.704,106.292,47.06674,24.0,190.867,377.0075625408022
15/9-F-14 H,1809.0,283238.0,4530.0,6339.0,0.7146237576904875,156.57158651188502,37.015,90.475,103.245,99.99966,24.0,207.157,434.3547183201016
15/9-F-14 H,626.0,92984.0,3439.0,4065.0,0.8460024600246002,148.5367412140575,32.422,88.694,100.411,100.0,24.0,215.63,338.7633474308381
15/9-F-14 H,339.0,50994.0,3577.0,3916.0,0.9134320735444332,150.42477876106196,31.2,88.959,99.768,100.0,24.0,229.98,338.7789968087675
15/9-F-14 H,190.0,28706.0,2789.0,2979.0,0.9362202081235312,151.0842105263158,30.798,88.133,99.402,97.54721,24.0,235.637,313.511201180464
15/9-F-14 H,2656.0,379250.0,2360.0,5016.0,0.4704944178628389,142.7899096385542,49.81,89.006,106.336,52.59815,24.0,182.306,351.29411560431583
15/9-F-14 H,1700.0,264834.0,4032.0,5732.0,0.7034193998604327,155.78470588235294,41.4,90.4,104.3,61.2,24.0,204.8,400.9173976625314
15/9-F-14 H,1183.0,184935.0,2459.0,3642.0,0.6751784733662822,156.3271344040575,32.661,86.851,103.258,100.0,24.0,188.398,311.85451779098366
15/9-F-14 H,1011.0,160707.0,3533.0,4544.0,0.7775088028169014,158.95845697329378,33.065,88.012,101.042,88.66312,24.0,209.798,351.82631187067983
15/9-F-14 H,714.0,98914.0,3956.0,4670.0,0.8471092077087794,138.53501400560225,31.58,85.166,100.03,100.0,24.0,224.812,361.591374708512
15/9-F-14 H,268.0,38811.0,3443.0,3711.0,0.9277822689302077,144.81716417910448,30.814,88.842,99.68,100.0,24.0,235.807,333.36289312888425
15/9-F-14 H,99.0,15992.0,3051.0,3150.0,0.9685714285714284,161.53535353535352,29.235,88.125,99.621,70.7204,24.0,238.533,320.565411615353
15/9-F-14 H,4244.0,590541.0,788.0,5032.0,0.156597774244833,139.14726672950047,63.502,85.168,105.594,42.56229,24.0,162.88899999999998,332.12139397350296
15/9-F-14 H,1657.0,257809.0,3971.0,5628.0,0.7055792466240227,155.58780929390466,45.01,88.259,103.316,51.28976,24.0,203.302,395.8230680998984
15/9-F-14 H,760.0,112801.0,3200.0,3960.0,0.8080808080808081,148.42236842105262,32.001,86.541,100.535,100.0,24.0,215.21,332.4454687364771
15/9-F-14 H,182.0,27277.0,3061.0,3243.0,0.9438791242676534,149.87362637362637,30.189,87.968,99.429,100.0,24.0,236.16800000000003,321.0321726875352
15/9-F-14 H,2107.0,320302.0,3636.0,5743.0,0.6331185791398224,152.01803512102515,39.763,91.112,105.704,100.0,24.0,201.493,397.43934618747505
15/9-F-14 H,2068.965517241379,293400.6674082313,4197.997775305896,6266.963292547274,0.6698615548455805,141.81032258064516,39.27,87.245,102.82,58.22599,17.98,203.007,427.11704096423233
15/9-F-14 H,1039.0,168092.0,3371.0,4410.0,0.7643990929705216,161.78248315688165,35.148,87.098,101.449,62.93004,24.0,206.97,345.6800042016038
15/9-F-14 H,628.0,94071.0,3968.0,4596.0,0.8633594429939078,149.79458598726114,32.178,85.724,100.135,100.0,24.0,219.886,359.78201930166836
15/9-F-14 H,313.0,50967.0,3326.0,3639.0,0.9139873591646056,162.83386581469648,31.971,87.606,99.62,100.0,24.0,229.788,329.94110039309
15/9-F-14 H,164.0,25273.0,3086.0,3250.0,0.9495384615384616,154.10365853658536,27.346,85.979,99.535,100.0,24.0,237.499,321.6979060611008
15/9-F-14 H,4367.0,622877.0,91.0,4458.0,0.0204127411395244,142.63269979390887,100.347,80.955,105.417,34.30708,24.0,166.627,294.35337327896843
15/9-F-14 H,2532.0,360704.0,2651.0,5183.0,0.5114798379316998,142.45813586097947,60.582,89.337,106.349,41.87801,24.0,190.246,360.98344451458723
15/9-F-14 H,2008.0,312589.0,3548.0,5556.0,0.6385889128869691,155.67181274900398,38.697,88.162,105.035,100.0,24.0,202.507,388.7988915599677
15/9-F-14 H,1249.0,190288.0,2005.0,3254.0,0.6161647203441918,152.35228182546038,38.548,85.581,104.69,44.04675,24.0,180.596,295.36788652803233
15/9-F-14 H,944.0,151902.0,3358.0,4302.0,0.7805671780567178,160.91313559322035,32.293,88.388,101.041,99.92174,24.0,210.371,342.6328976181934
15/9-F-14 H,632.0,92193.0,3848.0,4480.0,0.8589285714285714,145.875,32.354,86.73,100.0,100.0,24.0,220.724,354.9342894906969
15/9-F-14 H,270.0,40049.0,3588.0,3858.0,0.9300155520995336,148.32962962962964,31.166,87.298,99.655,100.0,24.0,233.447,338.2035693285553
15/9-F-14 H,125.0,19949.0,3066.0,3191.0,0.9608273268567848,159.592,28.605,88.173,99.581,100.0,24.0,238.868,320.9975892368584
15/9-F-14 H,4460.0,651057.0,25.0,4485.0,0.0055741360089186,145.9769058295964,93.876,77.973,105.388,35.18316,24.0,162.492,296.40750075603626
15/9-F-14 H,2513.0,360985.0,2321.0,4834.0,0.480140670252379,143.64703541583765,58.087,84.696,106.179,43.62859,24.0,185.946,343.8118751821503
15/9-F-14 H,1965.0,300070.0,3627.0,5592.0,0.6486051502145923,152.70737913486005,38.831,91.415,105.344,100.0,24.0,203.979,390.6066225992646
15/9-F-14 H,1852.0,286236.0,3941.0,5793.0,0.6803038149490764,154.5550755939525,38.731,87.745,102.785,83.55138,24.0,201.532,403.11856049780914
15/9-F-14 H,961.0,150485.0,3131.0,4092.0,0.7651515151515151,156.59209157127992,33.227,88.201,101.221,77.17637,24.0,209.142,333.79153477697923
15/9-F-14 H,595.0,82867.0,4317.0,4912.0,0.8788680781758957,139.27226890756302,32.023,84.122,100.072,100.0,24.0,221.183,373.59241583203607
15/9-F-14 H,308.0,45481.0,3211.0,3519.0,0.9124751349815288,147.66558441558442,30.809,87.613,99.498,100.0,24.0,231.982,326.33064663100845
15/9-F-14 H,156.0,24216.0,3099.0,3255.0,0.952073732718894,155.23076923076923,27.55,87.106,99.579,100.0,24.0,238.022,322.0218823955402
15/9-F-14 H,2763.0,413310.0,6.0,2769.0,0.0021668472372697,149.58740499457113,96.658,76.883,104.441,29.78614,24.0,155.19299999999998,234.23910514284157
15/9-F-14 H,2424.0,343280.0,3496.0,5920.0,0.5905405405405405,141.6171617161716,49.609,92.647,106.7,59.65103,24.0,201.301,402.87171299273456
15/9-F-14 H,1019.0,160337.0,2643.0,3662.0,0.7217367558711086,157.34739941118744,32.555,85.558,102.237,100.0,24.0,196.908,316.0359023836572
15/9-F-14 H,441.0,64744.0,3433.0,3874.0,0.8861641713990708,146.81179138321994,31.424,89.279,100.009,100.0,24.0,229.173,335.32268324960205
15/9-F-14 H,2723.0,384920.0,2564.0,5287.0,0.4849631170796293,141.35879544619905,52.753,87.898,106.321,47.66879,24.0,184.088,364.93053332643865
15/9-F-14 H,1842.0,285172.0,4085.0,5927.0,0.689218829087228,154.81650380021716,40.664,90.651,104.647,63.93457,24.0,203.78,410.2731495267468
15/9-F-14 H,1631.0,251314.0,4101.0,5732.0,0.715457083042568,154.08583690987123,39.807,89.469,103.935,65.13896,24.0,207.552,401.6016888998928
15/9-F-14 H,1088.0,172530.0,2668.0,3756.0,0.7103301384451545,158.5753676470588,32.888,85.238,102.608,100.0,24.0,195.109,318.30389566813346
15/9-F-14 H,886.0,145966.0,3358.0,4244.0,0.791234684260132,164.7471783295711,31.95,87.983,100.825,100.0,24.0,209.774,341.23278226138956
15/9-F-14 H,468.0,67947.0,3791.0,4259.0,0.8901150504813337,145.18589743589743,31.221,89.008,100.08,100.0,24.0,226.718,348.89008011730664
15/9-F-14 H,216.0,31778.0,3639.0,3855.0,0.9439688715953308,147.12037037037038,30.683,87.653,99.543,100.0,24.0,235.497,339.1858080010655
15/9-F-14 H,102.0,16301.0,2893.0,2995.0,0.9659432387312188,159.81372549019608,31.481,88.356,99.851,43.29055,24.0,239.144,316.38580137553674
15/9-F-14 H,700.0,105359.0,3769.0,4469.0,0.8433654061311255,150.51285714285714,32.235,88.137,100.169,100.0,24.0,218.74400000000003,353.38052259874513
15/9-F-14 H,357.0,54391.0,3860.0,4217.0,0.9153426606592364,152.35574229691878,30.254,88.159,99.509,100.0,24.0,230.06700000000004,349.2480221870451
15/9-F-14 H,186.0,28187.0,3088.0,3274.0,0.9431887599266952,151.54301075268816,29.124,88.079,99.54,100.0,24.0,237.343,321.80997600721
15/9-F-14 H,4676.0,669781.0,4.0,4680.0,0.0008547008547008,143.2380239520958,61.769,77.642,105.103,45.9505,24.0,149.81,308.6375416533708
15/9-F-14 H,5337.0,757018.0,7.0,5344.0,0.0013098802395209,141.84335769158704,57.855,80.584,105.021,53.29001,24.0,153.947,341.2113272990784
15/9-F-14 H,4271.0,597667.0,693.0,4964.0,0.1396051571313457,139.9360805431983,57.78,87.577,105.912,55.29817,24.0,172.807,327.9062240972793
15/9-F-14 H,2788.0,384677.0,2608.0,5396.0,0.4833209785025945,137.97596843615494,47.931,88.745,106.402,58.57861,24.0,183.40500000000003,370.04787255562655
15/9-F-14 H,1696.0,264062.0,4039.0,5735.0,0.7042720139494333,155.69693396226415,41.4,90.4,104.3,61.2,24.0,204.8,401.11141181033076
15/9-F-14 H,1182.0,184670.0,2484.0,3666.0,0.6775777414075287,156.2351945854484,32.642,86.623,103.236,100.0,24.0,188.433,312.84149821616865
15/9-F-14 H,1011.0,160745.0,3541.0,4552.0,0.7778998242530756,158.99604352126607,32.721,87.746,101.037,94.69945,24.0,209.647,352.19580852100023
15/9-F-14 H,590.0,81414.0,3829.0,4419.0,0.8664856302330844,137.98983050847457,31.638,88.241,100.03,100.0,24.0,224.707,353.1040357463464
15/9-F-14 H,266.0,38446.0,3483.0,3749.0,0.9290477460656176,144.53383458646616,30.806,88.614,99.68,100.0,24.0,235.769,334.6546708649475
15/9-F-14 H,96.0,15474.0,3037.0,3133.0,0.969358442387488,161.1875,30.889,87.771,99.605,46.48684,24.0,238.839,320.18973040236546
15/9-F-14 H,4322.0,600626.0,799.0,5121.0,0.156024214020699,138.96945858398888,61.854,85.783,105.623,44.12237,24.0,163.349,336.4310506575868
15/9-F-14 H,1630.0518134715026,253612.43523316065,4069.430051813472,5699.4818652849735,0.7140000000000001,155.58550540368722,45.176,88.209,103.304,50.27808,23.16,203.574,399.8885662163372
15/9-F-14 H,756.0,111831.0,3196.0,3952.0,0.8087044534412956,147.92460317460316,31.997,87.353,100.533,100.0,24.0,215.282,332.1818024932929
15/9-F-14 H,165.44410075121522,27895.360141405217,2245.161290322581,2410.605391073796,0.9313682358117028,168.60897435897436,35.095,82.229,99.875,51.86662,22.63,232.526,300.10711927607554
15/9-F-14 H,182.0,27121.0,3046.0,3228.0,0.9436183395291202,149.0164835164835,30.239,87.834,99.437,100.0,24.0,236.213,320.6133081710889
15/9-F-14 H,2098.0,319736.0,3656.0,5754.0,0.6353840806395551,152.4003813155386,39.736,91.088,105.695,100.0,24.0,201.566,398.16658932731127
15/9-F-14 H,1044.0,168341.0,3348.0,4392.0,0.7622950819672131,161.24616858237547,35.048,87.745,101.441,62.9892,24.0,206.798,344.79537421240633
15/9-F-14 H,647.0,96719.0,3863.0,4510.0,0.8565410199556541,149.48840803709427,32.2,85.246,100.13,100.0,24.0,219.905,355.9864183269049
15/9-F-14 H,319.0,51915.0,3343.0,3662.0,0.9128891316220644,162.74294670846396,31.995,88.034,99.627,100.0,24.0,229.797,330.55426613541675
15/9-F-14 H,164.0,25026.0,3059.0,3223.0,0.9491157306856964,152.59756097560975,27.403,86.863,99.534,100.0,24.0,237.407,320.9329084669271
15/9-F-14 H,3547.7782867613378,506768.30050389376,130.82913421896473,3678.6074209803023,0.0355648535564853,142.84102881933686,102.78,76.545,105.358,31.05453,21.83,166.92600000000002,265.0992941656834
15/9-F-14 H,4520.0,647832.0,26.0,4546.0,0.0057193136823581,143.32566371681415,94.017,77.78,105.389,35.289,24.0,162.683,298.87843954318646
15/9-F-14 H,2689.0,375909.0,2572.0,5261.0,0.4888804409808021,139.79509111193752,54.34,88.505,106.255,46.5828,24.0,186.022,363.59970352042785
15/9-F-14 H,1945.0,297726.0,3617.0,5562.0,0.6503056454512766,153.07249357326478,38.568,91.952,105.327,100.0,24.0,204.822,389.1682083456865
15/9-F-14 H,2140.0244798041617,306171.8482252142,4240.391676866585,6380.416156670746,0.6645948434622468,143.06932052161977,38.516,85.296,102.783,62.27924,16.34,202.479,433.6298179983853
15/9-F-14 H,960.0,150245.0,3087.0,4047.0,0.7627872498146775,156.50520833333334,33.077,86.011,101.213,77.23511,24.0,209.266,332.1471768859872
15/9-F-14 H,652.0,93105.0,4177.0,4829.0,0.8649823980120108,142.79907975460122,32.068,85.738,100.078,100.0,24.0,221.286,369.2147903189185
15/9-F-14 H,304.0,45263.0,3208.0,3512.0,0.9134396355353076,148.89144736842104,30.779,87.063,99.493,100.0,24.0,231.927,326.20149905154193
15/9-F-14 H,161.9761799735333,21555.5359505955,2803.3524481693867,2965.32862814292,0.9453766511960014,133.078431372549,30.266,85.624,99.541,72.44894,22.67,238.648,314.13293885114064
15/9-F-14 H,2764.0,402430.0,6.0,2770.0,0.0021660649819494,145.59696092619393,96.288,71.983,104.459,29.72171,24.0,155.582,235.44526311784733
15/9-F-14 H,444.0,66265.0,3035.0,3479.0,0.8723771198620294,149.2454954954955,31.275,89.531,99.92,100.0,24.0,229.431,321.88595882394316
15/9-F-14 H,213.0,32133.0,3151.0,3364.0,0.9366825208085612,150.85915492957747,30.45,88.749,99.508,100.0,24.0,236.456,323.7612752587524
15/9-F-14 H,2454.0,351875.0,237.0,2691.0,0.0880713489409141,143.38834555827222,71.386,77.832,105.191,32.29761,24.0,151.872,240.6807364276483
15/9-F-14 H,2397.0,344715.0,3386.0,5783.0,0.5855092512536746,143.811013767209,49.352,92.946,106.692,59.6431,24.0,201.42,395.5386841167395
15/9-F-14 H,1023.0,161152.0,2573.0,3596.0,0.7155172413793104,157.5288367546432,32.542,86.497,102.228,100.0,24.0,196.674,313.3676364895455
15/9-F-14 H,463.0,68310.0,3449.0,3912.0,0.8816462167689162,147.5377969762419,31.423,89.373,100.009,100.0,24.0,229.264,336.22505447515675
15/9-F-14 H,2711.0,382932.0,2633.0,5344.0,0.4927020958083832,141.25119881962377,52.782,87.838,106.333,47.66528,24.0,184.51,368.17578620076904
15/9-F-14 H,1838.0,284627.0,4047.0,5885.0,0.6876805437553101,154.8569096844396,40.908,90.445,104.631,63.93383,24.0,203.697,407.9871927215745
15/9-F-14 H,875.0,143285.0,3381.0,4256.0,0.7944078947368421,163.75428571428571,32.163,88.355,100.822,100.0,24.0,210.253,341.8813860180448
15/9-F-14 H,470.0,66212.0,3807.0,4277.0,0.8901098901098901,140.87659574468086,31.332,88.926,100.101,100.0,24.0,226.885,349.5497035131522
15/9-F-14 H,204.0,30027.0,3391.0,3595.0,0.9432545201668984,147.19117647058823,30.458,88.271,99.543,100.0,24.0,235.358,331.0392212810219
15/9-F-14 H,103.0,16302.0,2878.0,2981.0,0.9654478362965448,158.27184466019418,31.49,88.604,99.86,43.19123,24.0,239.114,316.0015036224547
15/9-F-14 H,2235.0,319315.0,2082.0,4317.0,0.4822793606671299,142.8702460850112,54.388,88.723,106.347,49.44662,24.0,184.08,321.7621082934855
15/9-F-14 H,1690.0,263580.0,4046.0,5736.0,0.7053695955369595,155.96449704142012,41.106,90.4,104.3,61.11578,24.0,205.105,401.2475649866903
15/9-F-14 H,1178.0,184594.0,2453.0,3631.0,0.6755714679151749,156.7011884550085,32.597,86.486,103.21,100.0,24.0,188.479,311.54704540710134
15/9-F-14 H,1013.0,159708.0,3553.0,4566.0,0.7781427945685502,157.6584402764067,32.579,88.537,101.024,99.9999,24.0,209.618,352.7180878235122
15/9-F-14 H,584.0,80844.0,3806.0,4390.0,0.8669703872437358,138.43150684931507,31.585,86.801,100.03,100.0,24.0,224.908,352.10643374920244
15/9-F-14 H,265.0,38336.0,3425.0,3690.0,0.9281842818428184,144.66415094339624,30.783,88.686,99.674,100.0,24.0,235.753,332.7474644569865
15/9-F-14 H,94.0,15010.0,2865.0,2959.0,0.9682325109834404,159.68085106382978,31.529,87.829,99.599,43.14023,24.0,238.975,315.6993342151289
15/9-F-14 H,2400.0,335113.29243353783,1076.482617586912,3476.482617586912,0.3096470588235294,139.6305385139741,62.396,78.752,105.343,30.95524,14.67,171.798,280.24904066754783
15/9-F-14 H,1410.1694915254236,220907.4315514993,3770.534550195567,5180.70404172099,0.7278035031205959,156.65310650887574,47.998,86.584,103.251,45.59778,23.01,205.058,375.67918125085873
15/9-F-14 H,751.0,111023.0,3196.0,3947.0,0.8097289080314163,147.8335552596538,32.009,88.895,100.525,100.0,24.0,215.421,332.01204208766916
15/9-F-14 H,333.0,58014.0,3031.0,3364.0,0.9010107015457788,174.21621621621622,31.397,88.365,99.529,91.7058,24.0,229.01300000000003,320.6002746098376
15/9-F-14 H,131.4851485148515,20095.049504950493,2480.792079207921,2612.2772277227723,0.949666464523954,152.8313253012048,30.206,87.087,99.438,61.81982,15.15,236.83400000000003,306.10341969453134
15/9-F-14 H,2092.0,319699.0,3645.0,5737.0,0.635349485793969,152.8197896749522,39.701,90.975,105.683,100.0,24.0,201.683,397.32763521417127
15/9-F-14 H,1041.0,167862.0,3328.0,4369.0,0.7617303730830853,161.2507204610951,35.007,88.332,101.433,63.09168,24.0,206.639,343.8300461334715
15/9-F-14 H,612.0114394661582,92806.10104861773,3713.250714966635,4325.262154432793,0.8585030415234065,151.6411214953271,32.712,86.26,100.127,86.78559,20.98,220.031,349.0978074277789
15/9-F-14 H,327.0,53257.0,3332.0,3659.0,0.910631320032796,162.86544342507645,31.995,87.8,99.629,100.0,24.0,229.849,330.2859396762751
15/9-F-14 H,162.0,24958.0,3065.0,3227.0,0.9497985745274248,154.06172839506172,27.376,87.201,99.531,100.0,24.0,237.37,321.0833176784839
15/9-F-14 H,4412.0,628668.0,134.0,4546.0,0.029476462824461,142.49048050770625,101.058,80.42,105.428,34.31034,24.0,167.28500000000005,298.836181461262
15/9-F-14 H,1956.7779960707269,281904.5186640472,2819.646365422397,4776.424361493124,0.5903257650542942,144.06566265060243,63.967,83.637,106.219,36.96189,20.36,191.414,348.20781800801615
15/9-F-14 H,1985.0,303632.0,3523.0,5508.0,0.6396151053013798,152.9632241813602,38.377,90.815,105.006,100.0,24.0,204.045,385.99291081585693
15/9-F-14 H,1249.0,190356.0,1991.0,3240.0,0.6145061728395061,152.40672538030424,38.366,85.809,104.623,44.7202,24.0,180.919,294.81212664854
15/9-F-14 H,952.0,151415.0,3351.0,4303.0,0.7787590053451081,159.04936974789916,32.109,88.493,101.012,100.0,24.0,210.178,342.5412873365421
15/9-F-14 H,615.0,89678.0,3864.0,4479.0,0.8626925653047556,145.81788617886178,32.322,86.097,100.0,100.0,24.0,221.126,355.1823415341283
15/9-F-14 H,272.0,39911.0,3299.0,3571.0,0.9238308597031644,146.7316176470588,30.946,86.62,99.651,100.0,24.0,233.535,328.80631423154034
15/9-F-14 H,139.0,22471.0,3226.0,3365.0,0.9586924219910848,161.66187050359713,28.144,88.863,99.616,100.0,24.0,239.08,325.5493251316861
15/9-F-14 H,4523.0,650031.0,53.0,4576.0,0.0115821678321678,143.71678089763432,93.909,75.642,105.393,35.33169,24.0,163.11200000000002,301.17164721821894
15/9-F-14 H,2517.273896270896,361232.4046292328,2367.081011573082,4884.354907843977,0.4846251053074979,143.5014303228443,56.486,87.134,106.235,42.99535,23.33,186.489,346.09531052742625
15/9-F-14 H,1949.0,297693.0,3614.0,5563.0,0.6496494697105878,152.7414058491534,38.544,91.992,105.313,100.0,24.0,204.882,389.15711897035294
15/9-F-14 H,956.0,149822.0,3514.0,4470.0,0.7861297539149888,156.71757322175733,33.123,86.964,101.206,77.21861,24.0,209.276,349.53489612307453
15/9-F-14 H,528.0,73056.0,4107.0,4635.0,0.886084142394822,138.36363636363637,32.048,84.986,100.083,100.0,24.0,221.397,362.8549619005518
15/9-F-14 H,302.1818181818182,45012.0,3177.818181818182,3480.0,0.913166144200627,148.956678700361,31.215,87.735,99.48,100.0,22.0,232.503,325.2198062239019
15/9-F-14 H,139.0,22037.0,2831.0,2970.0,0.9531986531986532,158.53956834532374,30.346,84.397,99.512,80.35385,24.0,238.479,314.71867104507754
15/9-F-14 H,2759.0,404995.0,6.0,2765.0,0.0021699819168173,146.7905038057267,96.437,73.848,104.472,29.78664,24.0,155.418,234.87501690743267
15/9-F-14 H,442.0,66220.0,3288.0,3730.0,0.8815013404825738,149.81900452488688,31.634,89.578,99.913,100.0,24.0,229.558,330.2843485838223
15/9-F-14 H,211.0,31634.0,3141.0,3352.0,0.9370525059665872,149.92417061611374,30.432,88.641,99.506,100.0,24.0,236.47100000000003,323.46316818264785
15/9-F-14 H,1023.0,161527.0,2637.0,3660.0,0.7204918032786886,157.89540566959923,32.546,86.483,102.223,100.0,24.0,196.628,315.805055165345
15/9-F-14 H,742.7301022676746,116283.14806580704,3995.375722543353,4738.105824811028,0.8432432432432432,156.5617816091954,35.766,86.205,100.708,64.9572,22.49,213.82,364.07854319902356
15/9-F-14 H,1624.0,252977.0,4116.0,5740.0,0.7170731707317073,155.77401477832512,39.773,89.989,103.915,65.18049,24.0,207.592,402.1484413185384
15/9-F-14 H,1106.0,173350.0,2706.0,3812.0,0.7098635886673662,156.73598553345388,33.241,86.745,102.556,100.0,24.0,194.989,320.0708182015543
15/9-F-14 H,877.0,143216.0,3417.0,4294.0,0.7957615277130881,163.30216647662485,32.072,88.515,100.827,100.0,24.0,210.551,343.3939783964968
15/9-F-14 H,448.0,65655.0,3216.0,3664.0,0.8777292576419214,146.55133928571428,31.422,88.253,100.11,97.91667,24.0,226.992,327.9920772212439
15/9-F-14 H,211.0,30954.0,3350.0,3561.0,0.9407469811850604,146.70142180094786,30.41,88.286,99.54,100.0,24.0,235.326,329.82646843211893
15/9-F-14 H,103.0,16309.0,2881.0,2984.0,0.9654825737265416,158.3398058252427,31.493,88.795,99.872,43.16555,24.0,239.077,316.07689525003144
15/9-F-14 H,3115.0,442143.0,2796.0,5911.0,0.4730164100828963,141.93996789727126,46.895,90.299,106.456,61.31323,24.0,185.226,396.4694735509066
15/9-F-14 H,1691.0,263461.0,4049.0,5740.0,0.7054006968641114,155.80189237137787,41.079,90.288,104.222,61.07773,24.0,205.145,401.4554648434537
15/9-F-14 H,1171.0,183924.0,2462.0,3633.0,0.6776768510872557,157.065755764304,32.646,86.754,103.19,100.0,24.0,188.688,311.73839833970146
15/9-F-14 H,1004.0,160085.0,3531.0,4535.0,0.7786108048511576,159.44721115537848,32.513,88.449,101.007,100.0,24.0,209.749,351.5300234350164
15/9-F-14 H,585.0,81565.0,3691.0,4276.0,0.8631898971000935,139.42735042735043,31.669,88.252,100.02,100.0,24.0,224.947,347.58672472800424
15/9-F-14 H,267.0,38421.0,3438.0,3705.0,0.9279352226720649,143.8988764044944,30.74,88.504,99.668,100.0,24.0,235.771,333.20068948383937
15/9-F-14 H,92.0,14880.0,2814.0,2906.0,0.9683413626978664,161.7391304347826,31.55,88.131,99.599,43.03706,24.0,238.995,314.4062215496995
15/9-F-14 H,3277.0,463759.0,907.0,4184.0,0.2167782026768642,141.5193774794019,70.019,82.796,105.49,37.30387,24.0,162.974,298.49538678167505
15/9-F-14 H,1620.0,251645.0,4114.0,5734.0,0.7174747122427625,155.33641975308643,44.206,89.263,103.287,51.98583,24.0,204.028,401.7574127331726
15/9-F-14 H,813.0,122664.0,3195.0,4008.0,0.7971556886227545,150.87822878228783,32.128,88.492,100.388,100.0,24.0,215.147,333.1821460648637
15/9-F-14 H,358.0,63995.0,3081.0,3439.0,0.8958999709217796,178.75698324022346,30.92,88.592,99.548,99.80907,24.0,229.361,322.30006508187586
15/9-F-14 H,2083.0,319246.0,3647.0,5730.0,0.6364746945898778,153.2626020163226,39.474,87.792,105.68,100.0,24.0,201.904,397.4306154081391
15/9-F-14 H,1420.8,222485.4857142857,3613.714285714286,5034.5142857142855,0.7177880686461455,156.59169884169884,44.915,79.071,102.671,43.74017,17.5,204.441,369.1207395248713
15/9-F-14 H,1039.0,167658.0,3322.0,4361.0,0.7617518917679431,161.36477382098172,34.966,88.175,101.418,63.23328,24.0,206.67,343.53418656236
15/9-F-14 H,406.43915003219576,64283.83773341919,2872.891178364456,3279.330328396652,0.8760603204524033,158.16349809885932,37.193,80.419,100.032,49.12223,15.53,223.327,316.52453750910377
15/9-F-14 H,314.0,51228.0,3380.0,3694.0,0.9149972929074174,163.1464968152866,31.913,86.913,99.629,100.0,24.0,230.001,331.7378557329869
15/9-F-14 H,159.0,24816.0,3002.0,3161.0,0.9496994621955076,156.0754716981132,27.458,86.481,99.529,100.0,24.0,237.389,319.3112100776353
15/9-F-14 H,4377.0,625510.0,153.0,4530.0,0.033774834437086,142.9083847384053,101.346,81.079,105.438,34.30717,24.0,167.402,298.2700533185423
15/9-F-14 H,2222.7272727272725,309902.72727272724,3373.6363636363635,5596.363636363636,0.6028265107212476,139.42453987730062,59.41,89.231,106.329,39.41237,17.6,191.878,386.58553122694775
15/9-F-14 H,1976.0,302037.0,3532.0,5508.0,0.6412490922294843,152.85273279352228,38.196,91.676,104.982,100.0,24.0,204.785,385.9907611399088
15/9-F-14 H,1248.0,190390.0,2029.0,3277.0,0.6191638693927373,152.55608974358975,38.305,84.999,104.592,44.98082,24.0,181.016,296.3308337840435
15/9-F-14 H,946.0,150920.0,3365.0,4311.0,0.7805613546740895,159.53488372093022,32.127,88.483,101.02,100.0,24.0,210.17,342.97025210732386
15/9-F-14 H,610.0,89336.0,3846.0,4456.0,0.8631059245960503,146.45245901639345,32.284,86.216,99.999,100.0,24.0,221.327,354.33195720409526
15/9-F-14 H,273.0,40631.0,3557.0,3830.0,0.9287206266318538,148.83150183150184,30.961,86.535,99.65,100.0,24.0,233.49,337.2142763726099
15/9-F-14 H,138.0,22383.0,3233.0,3371.0,0.9590625927024622,162.19565217391303,28.356,88.916,99.622,100.0,24.0,239.413,325.74462953008856
15/9-F-14 H,4526.0,650523.0,58.0,4584.0,0.012652705061082,143.7302253645603,94.425,77.901,105.393,35.32299,24.0,163.09299999999996,300.9937493370237
15/9-F-14 H,2549.0,357687.0,2415.0,4964.0,0.4865028203062047,140.32444095723812,57.393,88.679,106.233,42.89603,24.0,186.037,349.36990636825703
15/9-F-14 H,1942.0,296842.0,3612.0,5554.0,0.6503420957868203,152.85375901132852,38.544,92.258,105.3,100.0,24.0,204.913,388.7234594036162
15/9-F-14 H,1707.428571428571,266573.14285714284,4342.285714285715,6049.714285714286,0.7177670728251629,156.12550200803213,49.154,51.057,101.817,48.65461,14.0,215.432,421.65735217999355
15/9-F-14 H,955.0,148848.0,3078.0,4033.0,0.7632035705430201,155.86178010471204,33.112,86.238,101.199,77.11667,24.0,209.35,331.6685956259442
15/9-F-14 H,526.0,70253.0,3780.0,4306.0,0.8778448676265675,133.56083650190115,32.058,84.54,100.089,100.0,24.0,221.588,349.86085204531787
15/9-F-14 H,173.72262773722628,25491.970802919703,2299.2700729927005,2472.9927007299266,0.9297520661157026,146.73949579831933,33.404,83.282,99.444,53.83705,16.44,233.264,301.51993274325616
15/9-F-14 H,159.0,24555.0,3107.0,3266.0,0.951316595223515,154.43396226415095,27.559,88.24,99.553,100.0,24.0,237.748,322.24964684254695
15/9-F-14 H,2732.0,400145.0,6.0,2738.0,0.0021913805697589,146.46595900439235,96.499,74.985,104.469,29.783,24.0,155.416,233.9351381415261
15/9-F-14 H,2388.0,343058.0,3391.0,5779.0,0.5867797196746842,143.65912897822446,49.898,92.323,106.685,59.63369,24.0,201.015,395.44047248302087
15/9-F-14 H,1081.0,170336.0,2643.0,3724.0,0.7097207303974221,157.572617946346,32.625,86.554,102.216,100.0,24.0,196.753,317.11470405326867
15/9-F-14 H,777.1559109080524,88217.47572815533,3396.459166190748,4173.615077098801,0.8137931034482758,113.51322751322752,32.091,87.904,100.809,73.72737,17.51,214.279,340.45185471364385
15/9-F-14 H,110.6086956521739,18463.304347826088,3111.6521739130435,3222.260869565217,0.9656735751295336,166.92452830188682,28.371,86.016,99.61,100.0,23.0,239.225,322.2256357061487
15/9-F-14 H,4029.0,553346.0,260.0,4289.0,0.0606201911867568,137.34077934971458,68.638,80.521,105.394,41.30152,24.0,157.378,293.0341439955159
15/9-F-14 H,2755.0,394519.0,2703.0,5458.0,0.4952363503114694,143.2010889292196,46.66,92.132,106.74,71.18004,24.0,198.739,373.8688578193756
15/9-F-14 H,1621.0,252540.0,4111.0,5732.0,0.7172016748080949,155.79272054287478,39.874,91.292,103.904,65.11175,24.0,207.576,401.63001559332827
15/9-F-14 H,1117.0,174678.0,2729.0,3846.0,0.7095683827353094,156.38137869292748,32.707,86.983,102.561,100.0,24.0,194.795,321.2122291720543
15/9-F-14 H,875.0,144123.0,3452.0,4327.0,0.7977813727755951,164.712,32.026,87.629,100.833,100.0,24.0,210.939,344.83088894794116
15/9-F-14 H,449.0,66422.0,3444.0,3893.0,0.8846647829437452,147.93318485523386,31.522,88.845,100.119,100.0,24.0,226.981,335.83773503447975
15/9-F-14 H,206.0,30106.0,3334.0,3540.0,0.9418079096045198,146.14563106796118,30.33,87.854,99.537,97.91667,24.0,235.325,329.29861960557497
15/9-F-14 H,102.0,16199.0,2878.0,2980.0,0.9657718120805368,158.81372549019608,31.444,88.787,99.882,43.18984,24.0,239.05300000000005,316.0006017884949
15/9-F-14 H,2845.0,423344.0,2794.0,5639.0,0.495477921617308,148.80281195079087,49.779,91.54,106.315,55.39872,24.0,190.814,383.61575710792846
15/9-F-14 H,1798.0,281959.0,4551.0,6349.0,0.7168057961883761,156.81813125695217,36.796,90.094,103.225,100.0,24.0,207.489,435.0828442691615
15/9-F-14 H,1015.0,159577.0,3505.0,4520.0,0.7754424778761062,157.21871921182267,32.486,86.665,101.0,100.0,24.0,210.109,350.8154727919451
15/9-F-14 H,583.0,80823.0,3671.0,4254.0,0.8629525152797367,138.6329331046312,31.687,88.992,100.018,100.0,24.0,225.02,346.7471595243795
15/9-F-14 H,266.0,38222.0,3407.0,3673.0,0.9275796351756058,143.69172932330827,30.663,87.848,99.663,100.0,24.0,235.819,332.19788357069785
15/9-F-14 H,93.0,14693.0,2789.0,2882.0,0.9677307425399028,157.98924731182797,31.372,87.84,99.601,43.13353,24.0,239.105,313.79821903330287
15/9-F-14 H,4306.0,599142.0,692.0,4998.0,0.1384553821528611,139.14119832791454,63.472,85.056,105.609,42.74784,24.0,163.435,329.4025733135218
15/9-F-14 H,1627.0,253630.0,4128.0,5755.0,0.7172893136403128,155.88813767670558,44.054,87.809,103.278,52.03552,24.0,204.073,402.9847972595317
15/9-F-14 H,702.0,121222.0,3345.0,4047.0,0.8265381764269829,172.6809116809117,32.124,89.191,100.171,100.0,24.0,214.957,336.54196334459044
15/9-F-14 H,320.0,52095.0,3423.0,3743.0,0.9145070798824472,162.796875,32.0,87.985,99.631,100.0,24.0,230.02,333.217002390762
15/9-F-14 H,159.0,24475.0,3008.0,3167.0,0.9497947584464792,153.9308176100629,27.265,84.662,99.529,97.91667,24.0,237.435,319.51514527801976
15/9-F-14 H,4418.0,626562.0,107.0,4525.0,0.023646408839779,141.82028066998643,101.293,78.118,105.443,34.28067,24.0,167.851,297.9553152498654
15/9-F-14 H,1969.0,301394.0,3544.0,5513.0,0.6428441864683475,153.06957846622652,38.226,91.92,104.965,100.0,24.0,204.913,386.3156247204874
15/9-F-14 H,1248.0,190194.0,2032.0,3280.0,0.6195121951219512,152.39903846153845,38.162,85.37,104.561,45.22545,24.0,181.118,296.4228439644282
15/9-F-14 H,944.0,150922.0,3372.0,4316.0,0.7812789620018535,159.875,32.124,88.331,101.027,100.0,24.0,210.144,343.2188135147655
15/9-F-14 H,617.0,89928.0,3841.0,4458.0,0.8615971287572902,145.75040518638573,32.31,87.649,99.993,100.0,24.0,221.528,354.2480986454803
15/9-F-14 H,272.0,41484.0,3547.0,3819.0,0.928777166797591,152.51470588235293,30.849,86.513,99.649,100.0,24.0,233.648,336.8480008291948
15/9-F-14 H,140.0,22436.0,3242.0,3382.0,0.9586043761088112,160.25714285714287,28.619,89.06,99.633,100.0,24.0,239.605,326.02288576034726
15/9-F-14 H,4209.308885754584,610835.5430183357,66.00846262341327,4275.3173483779965,0.015439429928741,145.1154000804182,94.973,79.852,105.387,33.74774,14.18,163.464,287.3174778839892
15/9-F-14 H,2393.0,335621.0,2352.0,4745.0,0.4956796628029504,140.25114918512327,60.227,88.713,106.198,40.236,24.0,186.03,340.0630942163011
15/9-F-14 H,1947.0,297417.0,3624.0,5571.0,0.650511577813678,152.75654853620955,38.613,91.704,105.288,100.0,24.0,204.613,389.6361912177625
15/9-F-14 H,1721.0,262935.0,3807.0,5528.0,0.6886758321273516,152.7803602556653,42.192,84.298,102.71,74.74411,24.0,202.672,390.2201082868117
15/9-F-14 H,956.0,149035.0,3069.0,4025.0,0.7624844720496894,155.89435146443515,33.111,85.86,101.192,77.04036,24.0,209.411,331.3560702237663
15/9-F-14 H,556.0,77748.0,3922.0,4478.0,0.8758374274229567,139.83453237410072,32.011,84.334,100.095,100.0,24.0,221.645,356.11832308770613
15/9-F-14 H,310.0,45590.0,3117.0,3427.0,0.9095418733586228,147.06451612903226,31.324,86.603,99.466,100.0,24.0,231.8,323.4303774316668
15/9-F-14 H,152.0,23739.0,3086.0,3238.0,0.9530574428659666,156.17763157894737,27.477,86.427,99.553,100.0,24.0,237.891,321.64573388046824
15/9-F-14 H,2763.0,405191.0,6.0,2769.0,0.0021668472372697,146.6489323199421,96.583,75.898,104.496,29.80663,24.0,155.368,234.5907545994558
15/9-F-14 H,395.0,59087.0,3325.0,3720.0,0.8938172043010753,149.5873417721519,31.606,89.18,99.962,91.18342,24.0,229.065,330.9411949684837
15/9-F-14 H,210.0,30633.0,3638.0,3848.0,0.9454261954261954,145.87142857142857,30.747,88.193,99.566,100.0,24.0,237.002,339.070719598095
15/9-F-14 H,2475.1304347826085,349430.60869565216,2562.782608695652,5037.91304347826,0.5086992543496273,141.1766441821248,54.09,89.245,106.358,45.70987,23.0,185.684,354.3194901487026
15/9-F-14 H,1822.0,281525.0,4039.0,5861.0,0.6891315475174885,154.51427003293085,40.899,90.154,104.597,64.79815,24.0,203.947,406.80525033372237
15/9-F-14 H,1268.0,195977.0,2201.0,3469.0,0.6344767944652637,154.55599369085172,36.127,86.756,103.903,58.87948,24.0,184.512,303.21918632063336
15/9-F-14 H,961.2946729602156,155166.55428186108,3759.406608226568,4720.701281186784,0.7963661295851903,161.41414141414143,35.013,85.458,101.018,58.93317,14.83,209.17,360.3809548740947
15/9-F-14 H,401.0,64425.0,3475.0,3876.0,0.8965428276573787,160.66084788029926,35.507,86.731,99.885,89.79247,24.0,225.114,336.1234811256805
15/9-F-14 H,261.0,34984.0,3476.0,3737.0,0.93015788065293,134.03831417624522,30.814,86.812,99.659,100.0,24.0,234.64,334.45687950272037
15/9-F-14 H,109.0,18095.0,3100.0,3209.0,0.9660330320972266,166.0091743119266,28.428,86.608,99.609,100.0,24.0,239.202,321.90087443080347
15/9-F-14 H,4024.0,553235.0,288.0,4312.0,0.0667903525046382,137.48384691848906,68.813,81.615,105.404,41.2561,24.0,157.676,294.1259709742431
15/9-F-14 H,2535.0,361766.0,2162.0,4697.0,0.4602938045560996,142.7084812623274,49.068,92.221,106.718,65.78377,24.0,198.907,335.8931820256951
15/9-F-14 H,1619.0,252524.0,4115.0,5734.0,0.7176491105685385,155.97529339098207,39.856,90.57,103.893,65.12518,24.0,207.672,401.8306272370647
15/9-F-14 H,1127.0,175583.0,2733.0,3860.0,0.7080310880829016,155.79680567879325,32.716,86.769,102.551,100.0,24.0,194.901,321.6045833816721
15/9-F-14 H,876.0,143893.0,3494.0,4370.0,0.7995423340961099,164.26141552511416,32.061,86.975,100.844,100.0,24.0,211.195,346.6257208551465
15/9-F-14 H,416.0,61206.0,3585.0,4001.0,0.8960259935016246,147.12980769230768,31.525,88.745,99.352,100.0,24.0,226.043,340.31473115456254
15/9-F-14 H,210.0,30888.0,3695.0,3905.0,0.9462227912932138,147.0857142857143,30.323,87.692,99.529,97.91667,24.0,235.278,340.97928914386256
15/9-F-14 H,102.0,16268.0,2897.0,2999.0,0.9659886628876292,159.49019607843138,31.489,88.691,99.891,43.26818,24.0,239.078,316.4882559937799
15/9-F-14 H,701.0,105637.0,3754.0,4455.0,0.8426487093153759,150.69472182596292,32.169,88.335,100.149,100.0,24.0,219.056,352.78706307483253
15/9-F-14 H,436.2647325475975,67951.7679057117,2480.5077062556666,2916.772438803264,0.8504289444237225,155.75810473815463,35.044,82.469,99.438,70.64551,22.06,231.132,304.8161673187908
15/9-F-14 H,180.0,27589.0,3018.0,3198.0,0.9437148217636022,153.2722222222222,29.055,86.592,99.529,100.0,24.0,237.306,319.8069303988269
15/9-F-14 H,5123.0,733730.0,3.0,5126.0,0.000585251658213,143.22272106187782,57.421,78.953,105.145,52.52527,24.0,151.72400000000002,330.6024233418285
15/9-F-14 H,2825.0,420324.0,2527.0,5352.0,0.4721599402092675,148.78725663716816,49.178,90.044,106.322,56.66901,24.0,191.541,367.897875141726
15/9-F-14 H,1685.0,264624.0,4198.0,5883.0,0.7135815060343362,157.04688427299703,36.779,89.773,103.219,100.0,24.0,207.574,409.56701780139826
15/9-F-14 H,335.0,51081.0,3587.0,3922.0,0.9145843957164712,152.48059701492537,31.137,88.033,99.728,100.0,24.0,230.149,339.07549453549035
15/9-F-14 H,1704.0,265403.0,4110.0,5814.0,0.7069143446852425,155.75293427230048,41.367,89.827,104.195,60.23075,24.0,205.248,405.3795356098469
15/9-F-14 H,1030.0,163886.0,2416.0,3446.0,0.7011027278003482,159.1126213592233,32.64,86.558,103.152,100.0,24.0,189.094,307.51384043184726
15/9-F-14 H,977.0,155870.0,3509.0,4486.0,0.7822113241194828,159.53940634595702,32.57,87.329,100.989,99.99861,24.0,210.042,349.89919292617014
15/9-F-14 H,555.0,77569.0,3675.0,4230.0,0.8687943262411347,139.76396396396396,31.649,88.555,100.018,100.0,24.0,225.163,346.3193008610382
15/9-F-14 H,266.0,38133.0,3335.0,3601.0,0.9261316301027492,143.35714285714286,30.691,88.012,99.659,100.0,24.0,235.787,329.8896923642081
15/9-F-14 H,100.0,15864.0,2941.0,3041.0,0.9671160802367642,158.64,31.385,87.433,99.609,43.16424,24.0,239.141,317.6532811035577
15/9-F-14 H,4495.0,632804.0,880.0,5375.0,0.1637209302325581,140.77953281423805,54.063,86.332,105.704,57.19467,24.0,165.969,350.66987161412465
15/9-F-14 H,1336.1319340329835,194641.07946026983,2095.352323838081,3431.484257871064,0.6106256553652569,145.6750448833034,70.126,82.344,105.743,32.31881,20.01,199.046,299.692962534278
15/9-F-14 H,1661.0,258456.0,4203.0,5864.0,0.7167462482946794,155.60264900662253,43.32,88.689,103.276,54.14508,24.0,204.04,408.52067195772275
15/9-F-14 H,705.0,122578.0,3206.0,3911.0,0.8197391971362823,173.86950354609928,31.973,88.806,100.506,100.0,24.0,215.627,331.3183387156783
15/9-F-14 H,2893.0,405099.0,2202.0,5095.0,0.4321884200196271,140.02730729346698,53.035,88.957,106.135,48.18231,24.0,180.652,352.2287396860655
15/9-F-14 H,2028.0,309309.0,3714.0,5742.0,0.6468129571577848,152.51923076923077,40.382,88.18,105.63,91.1986,24.0,201.726,398.4603791859141
15/9-F-14 H,1334.2657342657344,201952.4475524476,4606.993006993007,5941.258741258742,0.7754237288135593,151.35849056603772,56.079,61.428,102.293,4.82433,2.86,209.239,416.9065022672096
15/9-F-14 H,1039.0,169380.0,3291.0,4330.0,0.7600461893764434,163.02213666987487,34.802,86.131,101.393,63.1344,24.0,207.105,342.36246399130323
15/9-F-14 H,628.0,94025.0,3867.0,4495.0,0.8602892102335928,149.72133757961782,32.244,88.496,100.102,100.0,24.0,220.513,355.54394498018945
15/9-F-14 H,299.2340425531915,48710.8085106383,3393.7021276595747,3692.9361702127662,0.9189712389380532,162.78498293515358,34.089,87.924,99.582,83.28402,23.5,230.956,331.98648432730994
15/9-F-14 H,159.0,24611.0,3009.0,3168.0,0.949810606060606,154.78616352201257,27.244,84.57,99.529,100.0,24.0,237.43,319.53821005090964
15/9-F-14 H,1243.0,189694.0,2033.0,3276.0,0.6205738705738706,152.60981496379728,38.163,86.338,104.529,45.19274,24.0,181.324,296.29058351082125
15/9-F-14 H,139.0,22300.0,3488.0,3627.0,0.9616763165150262,160.431654676259,28.588,87.814,99.644,100.0,24.0,239.837,333.4314126147618
15/9-F-14 H,2374.558303886926,349797.87985865725,377.3851590106007,2751.9434628975264,0.1371340523882896,147.31071428571428,101.217,60.577,104.809,26.46517,5.66,163.90800000000002,245.85798750710674
15/9-F-14 H,153.0,23703.0,3083.0,3236.0,0.9527194066749072,154.92156862745097,27.426,85.166,99.558,100.0,24.0,237.915,321.5861494514581
15/9-F-14 H,432.0,64677.0,3343.0,3775.0,0.8855629139072848,149.71527777777777,31.292,89.129,99.961,97.91667,24.0,229.296,332.05002180527174
15/9-F-14 H,2380.0,336591.0,2496.0,4876.0,0.5118949958982772,141.4247899159664,54.387,89.959,106.366,46.67963,24.0,186.054,347.08746619498623
15/9-F-14 H,1813.0,278860.0,4018.0,5831.0,0.6890756302521008,153.81136238279095,40.864,90.283,104.581,64.78669,24.0,204.041,405.17304041087783
15/9-F-14 H,1272.0,197477.0,2202.0,3474.0,0.6338514680483592,155.249213836478,35.603,86.411,103.843,64.15996,24.0,183.927,303.3593385288312
15/9-F-14 H,909.0,147355.0,3574.0,4483.0,0.797233995092572,162.1067106710671,34.485,87.164,101.053,86.06624,24.0,208.536,350.7852048298877
15/9-F-14 H,230.6748466257669,35896.93251533742,1915.7464212678933,2146.421267893661,0.8925304878048781,155.61702127659575,40.152,77.349,99.816,36.15861,14.67,228.141,291.84407620937344
15/9-F-14 H,250.0,35983.0,3311.0,3561.0,0.9297950014041,143.932,30.881,88.545,99.658,97.82609,24.0,234.57,328.96542482141086
15/9-F-14 H,110.0,18032.0,3119.0,3229.0,0.9659337256116444,163.92727272727274,28.491,88.615,99.602,100.0,24.0,239.17900000000003,322.4202385467259
15/9-F-14 H,3654.0,522179.0,252.0,3906.0,0.064516129032258,142.90613026819923,72.346,79.155,105.378,38.44231,24.0,157.567,278.141344613429
15/9-F-14 H,2779.0,394752.0,3126.0,5905.0,0.5293818797629127,142.04821878373517,46.719,92.269,106.733,70.22504,24.0,199.018,398.9311538829643
15/9-F-14 H,1624.0,250917.0,4124.0,5748.0,0.7174669450243563,154.5055418719212,39.853,90.248,103.882,65.11773,24.0,207.707,402.47983876396677
15/9-F-14 H,1131.0,176147.0,2724.0,3855.0,0.7066147859922179,155.7444739168877,32.71,86.39,102.536,100.0,24.0,194.88,321.35847615269626
15/9-F-14 H,851.0,141277.0,3484.0,4335.0,0.8036908881199538,166.0129259694477,32.99,88.783,100.832,100.0,24.0,211.806,345.4695743871355
15/9-F-14 H,418.0,61550.0,3593.0,4011.0,0.8957865868860633,147.2488038277512,31.555,89.183,100.125,100.0,24.0,227.179,340.62265566001935
15/9-F-14 H,213.0,31325.0,3496.0,3709.0,0.942572121865732,147.06572769953053,30.322,87.43,99.528,100.0,24.0,235.234,334.47369954155346
15/9-F-14 H,101.0,16206.0,2902.0,3003.0,0.9663669663669664,160.45544554455446,31.5,88.077,99.901,43.15886,24.0,239.097,316.6206661428866
15/9-F-14 H,2847.0,424316.0,2917.0,5764.0,0.5060721721027065,149.0396909027046,48.036,88.747,106.33,59.73757,24.0,192.175,391.35973193184
15/9-F-14 H,1700.0,267135.0,4298.0,5998.0,0.7165721907302434,157.13823529411764,35.92,87.978,103.213,98.09022,24.0,208.5,416.0087982408055
15/9-F-14 H,1716.6380789022298,230754.0308747856,2284.7341337907374,4001.372212692967,0.5709876543209876,134.42206235011992,58.088,52.044,101.431,15.68811,5.83,176.47400000000002,319.68512728731645
15/9-F-14 H,532.0,77502.0,3725.0,4257.0,0.8750293634014564,145.68045112781954,32.358,87.144,100.002,100.0,24.0,223.452,347.7678227410743
15/9-F-14 H,254.0,36480.0,3405.0,3659.0,0.9305821262640066,143.6220472440945,30.791,88.514,99.627,100.0,24.0,234.772,331.9916413573972
15/9-F-14 H,103.0,16803.0,3060.0,3163.0,0.9674359785014228,163.1359223300971,28.559,87.554,99.58,100.0,24.0,239.239,320.8080005929057
15/9-F-14 H,3111.0,455831.0,5.0,3116.0,0.0016046213093709,146.52234008357442,94.291,75.897,104.629,32.19678,24.0,156.15200000000002,244.93363698813397
15/9-F-14 H,2360.0,340678.0,3390.0,5750.0,0.5895652173913043,144.35508474576272,48.273,92.951,106.524,59.13101,24.0,203.874,394.1501993027602
15/9-F-14 H,1042.0,163485.0,2726.0,3768.0,0.7234607218683652,156.89539347408828,32.39,86.174,101.932,100.0,24.0,197.778,319.6389690133375
15/9-F-14 H,483.63866077068855,70298.92608970309,2124.0682248894504,2607.706885660139,0.8145348837209302,145.35423197492162,38.804,80.775,100.566,35.17674,15.83,216.948,294.78389436290536
15/9-F-14 H,358.0,53591.0,3473.0,3831.0,0.906551814147742,149.69553072625698,31.154,88.623,99.911,100.0,24.0,229.505,335.48726634522876
15/9-F-14 H,198.0,29772.0,3132.0,3330.0,0.9405405405405406,150.36363636363637,30.296,85.921,99.478,100.0,24.0,236.805,323.1713611658942
15/9-F-14 H,3300.0,467068.0,1596.0,4896.0,0.3259803921568627,141.53575757575757,64.813,84.779,105.989,40.26449,24.0,178.40499999999997,336.3326970433182
15/9-F-14 H,2066.0,314761.0,3621.0,5687.0,0.6367153156321435,152.35285575992256,41.597,90.035,105.905,100.0,24.0,200.793,394.808826536024
15/9-F-14 H,1054.0,169305.0,3005.0,4059.0,0.740330130574033,160.63092979127134,37.864,87.743,101.534,54.05974,24.0,205.493,330.72353012334867
15/9-F-14 H,4537.0,647736.0,70.0,4607.0,0.0151942695897547,142.76746748953053,95.042,78.669,105.363,35.28359,24.0,163.43800000000002,301.821942243629
15/9-F-14 H,2476.0,361124.0,2384.0,4860.0,0.4905349794238683,145.8497576736672,60.882,89.431,106.226,40.59522,24.0,187.341,344.9367088036378
15/9-F-14 H,1342.0,205901.0,1540.0,2882.0,0.5343511450381679,153.42846497764532,47.139,83.888,105.722,32.58043,24.0,176.242,278.470634739223
15/9-F-14 H,963.0,149201.0,3152.0,4115.0,0.7659781287970838,154.93354101765317,32.486,87.461,101.168,90.00188,24.0,209.254,334.7490629866532
15/9-F-14 H,581.0,83409.0,4044.0,4625.0,0.8743783783783784,143.56110154905335,32.371,86.146,100.036,100.0,24.0,221.578,361.63520946983874
15/9-F-14 H,210.7904642409034,31175.909661229613,4110.414052697616,4321.204516938519,0.951219512195122,147.9,31.101,87.583,99.452,76.40842,15.94,231.863,355.61764250829464
15/9-F-14 H,146.0,22836.0,2979.0,3125.0,0.95328,156.41095890410958,27.61,87.576,99.54,100.0,24.0,237.839,318.65267383732134
15/9-F-14 H,2928.343423225096,427433.79196477705,3.962575674188222,2932.3059988992845,0.0013513513513513,145.9643662607127,93.549,74.829,105.174,30.04794,18.17,158.274,239.6997959934027
15/9-F-14 H,1996.0,305155.0,3519.0,5515.0,0.6380779691749774,152.88326653306612,39.404,90.262,105.604,100.0,24.0,202.368,386.2702193366956
15/9-F-14 H,1038.0,167757.0,3337.0,4375.0,0.7627428571428572,161.6156069364162,34.537,88.26,101.365,65.22877,24.0,207.625,344.1475494679228
15/9-F-14 H,619.0,93415.0,3940.0,4559.0,0.8642246106602325,150.9127625201939,31.995,85.963,100.097,100.0,24.0,220.511,358.3917355750744
15/9-F-14 H,344.0,55748.0,3367.0,3711.0,0.907302613850714,162.0581395348837,31.573,87.562,99.568,100.0,24.0,230.855,331.65834577028073
15/9-F-14 H,107.16279069767442,16574.511627906977,2142.139534883721,2249.3023255813955,0.9523573200992556,154.66666666666666,37.109,70.661,99.394,71.01747,21.5,234.801,299.11928283557916
15/9-F-14 H,1757.0,252233.0,338.0,2095.0,0.1613365155131265,143.55890722822994,77.084,76.514,105.052,28.06026,24.0,152.51,234.59875357888532
15/9-F-14 H,1908.0,279405.0,2916.0,4824.0,0.6044776119402985,146.43867924528303,63.795,91.407,106.528,41.3399,24.0,198.476,350.46719239068165
15/9-F-14 H,1133.5689045936394,224291.1660777385,3236.749116607774,4370.318021201413,0.7406209573091851,197.8628428927681,45.189,80.31,103.368,54.08548,8.49,205.196,342.92543767800987
15/9-F-14 H,1081.0,169387.0,2765.0,3846.0,0.718928757150286,156.69472710453283,32.565,85.725,102.166,100.0,24.0,197.317,321.9830049737449
15/9-F-14 H,866.0,140502.0,3619.0,4485.0,0.8069119286510591,162.24249422632795,32.543,87.854,100.775,100.0,24.0,212.419,351.5233531169801
15/9-F-14 H,440.0,65605.0,3322.0,3762.0,0.8830409356725146,149.10227272727272,31.3,88.584,99.95,100.0,24.0,229.437,331.46039107931665
15/9-F-14 H,238.0,35008.0,3358.0,3596.0,0.9338153503893216,147.0924369747899,30.679,88.699,99.549,100.0,24.0,236.478,330.3108089481131
15/9-F-14 H,102.0,16270.0,2977.0,3079.0,0.9668723611562196,159.50980392156862,30.963,89.142,100.226,45.10948,24.0,238.826,318.58108707504135
15/9-F-14 H,2995.0,409045.0,187.0,3182.0,0.0587680703959773,136.57595993322204,71.791,78.623,105.329,37.78974,24.0,156.886,252.8862440137281
15/9-F-14 H,2735.0,388901.0,2971.0,5706.0,0.5206799859796705,142.19414990859232,47.705,92.836,106.735,66.37989,24.0,200.19600000000003,387.7706559123009
15/9-F-14 H,1547.0,242897.0,4278.0,5825.0,0.7344206008583691,157.01163542340012,38.718,91.081,103.83,70.09329,24.0,207.734,407.44312637765324
15/9-F-14 H,1118.0,175582.0,2726.0,3844.0,0.7091571279916753,157.0500894454383,32.639,86.188,102.472,100.0,24.0,194.94,321.1658158628685
15/9-F-14 H,899.0,146015.0,3548.0,4447.0,0.7978412412862604,162.4193548387097,32.291,88.846,100.862,100.0,24.0,212.049,349.37057688601783
15/9-F-14 H,412.0,60352.0,3614.0,4026.0,0.8976651763537009,146.48543689320388,31.741,87.409,100.103,96.17584,24.0,227.711,341.32245823657917
15/9-F-14 H,210.0,31240.0,3522.0,3732.0,0.9437299035369776,148.76190476190476,30.291,88.101,99.509,100.0,24.0,235.181,335.2612903034581
15/9-F-14 H,97.0,15592.0,2839.0,2936.0,0.9669618528610354,160.7422680412371,31.392,88.926,99.95,43.00968,24.0,238.986,315.01238578529046
15/9-F-14 H,2158.978723404255,297956.42553191487,2154.8936170212764,4313.872340425532,0.4995265151515151,138.00804162724694,63.548,82.913,106.134,38.44253,23.5,188.595,322.9839062057997
15/9-F-14 H,1947.0,298967.0,3552.0,5499.0,0.6459356246590289,153.55264509501797,38.192,91.796,104.925,100.0,24.0,205.303,385.8383929655682
15/9-F-14 H,1237.0,191193.0,2051.0,3288.0,0.6237834549878345,154.56184316895715,37.585,82.114,104.443,46.2831,24.0,181.775,297.22263703228833
15/9-F-14 H,937.0,151079.0,3386.0,4323.0,0.7832523710386305,161.23692636072573,32.134,87.9,101.001,100.0,24.0,210.338,343.64754615765014
15/9-F-14 H,616.0,90480.0,3835.0,4451.0,0.8616041339024938,146.88311688311688,32.138,84.726,99.972,97.91667,24.0,221.653,354.09522144111565
15/9-F-14 H,271.0,40881.0,3459.0,3730.0,0.9273458445040216,150.85239852398524,31.554,87.471,99.638,100.0,24.0,233.751,333.90556160095065
15/9-F-14 H,137.0,21836.0,3317.0,3454.0,0.9603358425014475,159.38686131386862,28.585,88.968,99.629,100.0,24.0,239.352,328.2196605693036
15/9-F-14 H,945.0,151248.0,3571.0,4516.0,0.7907440212577502,160.05079365079365,32.36,87.244,100.98,100.0,24.0,210.945,351.67208748549825
15/9-F-14 H,529.0,72536.0,3678.0,4207.0,0.8742571903969575,137.11909262759923,31.619,88.86,100.022,100.0,24.0,225.771,345.89243307488374
15/9-F-14 H,261.0,37647.0,3269.0,3530.0,0.9260623229461756,144.24137931034485,30.577,87.484,99.638,100.0,24.0,235.74,327.7671633742485
15/9-F-14 H,111.0,17787.0,2918.0,3029.0,0.9633542423241994,160.24324324324326,31.783,87.259,99.633,42.96701,24.0,239.306,317.01906476669643
15/9-F-14 H,708.0,106276.0,3623.0,4331.0,0.8365273608866313,150.10734463276836,32.432,85.814,100.414,100.0,24.0,216.342,347.7809751944139
15/9-F-14 H,311.0,48638.0,3466.0,3777.0,0.9176595181360868,156.39228295819936,31.451,86.944,99.641,100.0,24.0,230.866,334.6094596897494
15/9-F-14 H,190.0,28901.0,3204.0,3394.0,0.9440188568061284,152.11052631578949,27.531,88.498,99.488,100.0,24.0,235.614,325.21738767581877
15/9-F-14 H,2165.0,298774.0,1.0,2166.0,0.0004616805170821,138.00184757505772,97.316,71.788,104.541,26.84607,24.0,154.877,223.5219147398983
15/9-F-14 H,2248.0,332337.0,2551.0,4799.0,0.531569076891019,147.836743772242,57.106,92.308,106.357,45.02852,24.0,198.316,344.80767522389993
15/9-F-14 H,1713.0,267232.0,4364.0,6077.0,0.7181174921836433,156.00233508464683,41.552,88.37,103.279,60.31334,24.0,204.107,420.02284043613673
15/9-F-14 H,755.0,113768.0,3099.0,3854.0,0.8040996367410482,150.68609271523178,32.032,88.865,100.479,100.0,24.0,215.849,328.425713006103
15/9-F-14 H,331.2584573748308,53987.55074424898,2930.446549391069,3261.7050067659,0.8984400929306339,162.97712418300654,33.182,87.115,99.825,76.38904,22.17,230.346,317.6520322971138
15/9-F-14 H,149.0,23607.0,2802.0,2951.0,0.9495086411385972,158.43624161073825,32.463,87.459,99.415,93.20938,24.0,236.812,313.8905160464256
15/9-F-14 H,3159.0,448847.0,2729.0,5888.0,0.4634850543478261,142.08515352959796,47.621,90.694,106.506,61.24871,24.0,187.159,394.604017538298
15/9-F-14 H,1700.0,265063.0,4112.0,5812.0,0.7075017205781142,155.91941176470587,41.374,90.323,104.185,60.17321,24.0,205.262,405.27136045395036
15/9-F-14 H,1075.0,171924.0,2428.0,3503.0,0.6931201827005424,159.9293023255814,32.636,86.515,103.127,97.91667,24.0,189.134,308.67414841839695
15/9-F-14 H,882.0,143293.0,3223.0,4105.0,0.7851400730816078,162.4637188208617,35.726,88.08,100.91,66.09096,24.0,211.349,335.6312373785073
15/9-F-14 H,539.0,75420.0,3676.0,4215.0,0.8721233689205219,139.92578849721707,31.66,88.733,100.018,100.0,24.0,225.306,346.01739962709905
15/9-F-14 H,267.0,38284.0,3294.0,3561.0,0.9250210614995787,143.38576779026218,30.856,88.58,99.653,100.0,24.0,235.734,328.589972474394
15/9-F-14 H,100.0,15808.0,2918.0,3018.0,0.9668654738237245,158.08,31.413,88.043,99.617,43.20491,24.0,239.17,317.051189060121
15/9-F-14 H,4848.0,682081.0,760.0,5608.0,0.1355206847360913,140.69327557755776,49.725,86.538,105.764,66.23377,24.0,168.757,361.8703584827724
15/9-F-14 H,1536.0,215332.0,1688.0,3224.0,0.5235732009925558,140.19010416666666,69.321,90.322,106.127,35.22712,24.0,197.312,286.199602403952
15/9-F-14 H,1709.0,264700.0,4303.0,6012.0,0.7157351962741184,154.88589818607372,42.232,89.489,103.283,58.20419,24.0,203.959,416.20434805776046
15/9-F-14 H,715.0,123518.0,3249.0,3964.0,0.8196266397578204,172.75244755244756,31.976,88.694,100.5,100.0,24.0,215.675,333.14908628553104
15/9-F-14 H,369.0,66086.0,3082.0,3451.0,0.8930744711677775,179.09485094850947,30.897,87.673,99.75,99.99927,24.0,229.229,322.4404067614542
15/9-F-14 H,2892.0,404604.0,2350.0,5242.0,0.4483021747424647,139.9045643153527,52.942,88.755,106.137,48.23385,24.0,180.862,360.2671449763998
15/9-F-14 H,2061.0,314737.0,3491.0,5552.0,0.6287824207492796,152.71081999029596,39.509,90.844,105.63,97.91667,24.0,201.471,387.52456166788517
15/9-F-14 H,1727.0,269703.0,3932.0,5659.0,0.6948224067856512,156.1685002895194,39.741,87.135,102.752,77.69661,24.0,202.601,397.1246829842997
15/9-F-14 H,1035.0,168975.0,3335.0,4370.0,0.7631578947368421,163.2608695652174,34.701,85.709,101.402,64.48678,24.0,207.299,344.1453643432618
15/9-F-14 H,627.0,94001.0,3853.0,4480.0,0.8600446428571429,149.9218500797448,32.152,86.344,100.085,100.0,24.0,220.506,355.03491895694197
15/9-F-14 H,376.0,61316.0,3549.0,3925.0,0.904203821656051,163.0744680851064,32.11,87.387,99.569,100.0,24.0,230.656,338.3313388622463
15/9-F-14 H,159.0,24539.0,2989.0,3148.0,0.9494917407878016,154.33333333333334,27.235,84.744,99.529,100.0,24.0,237.421,318.9858570317645
15/9-F-14 H,4535.0,649388.0,298.0,4833.0,0.0616594247879164,143.1947078280044,94.148,73.616,105.339,35.29882,24.0,163.294,316.5747317262677
15/9-F-14 H,2421.0,339828.0,2351.0,4772.0,0.4926655490360436,140.36679058240398,58.629,89.23,106.222,42.23114,24.0,186.378,341.0643033333429
15/9-F-14 H,1975.0,301472.0,3665.0,5640.0,0.649822695035461,152.6440506329114,39.052,89.91,105.268,100.0,24.0,203.034,393.2556917599976
15/9-F-14 H,419.0,61830.0,3097.0,3516.0,0.8808304891922639,147.5656324582339,31.415,88.722,99.918,100.0,24.0,229.586,323.6996787914112
15/9-F-14 H,205.0,30789.0,3134.0,3339.0,0.9386043725666368,150.19024390243902,30.432,88.157,99.493,100.0,24.0,236.641,323.2318150851807
15/9-F-14 H,1091.0,171892.0,2841.0,3932.0,0.7225330620549338,157.55453712190652,32.518,84.552,102.195,100.0,24.0,197.305,325.2992450272468
15/9-F-14 H,825.0,135416.0,3554.0,4379.0,0.8116008221055035,164.14060606060605,32.752,88.252,100.812,100.0,24.0,212.486,347.72776902289405
15/9-F-14 H,443.0,66483.0,3337.0,3780.0,0.8828042328042328,150.0744920993228,31.281,89.141,99.957,97.91667,24.0,229.375,331.9939540654191
15/9-F-14 H,211.0,30111.0,3388.0,3599.0,0.9413726035009724,142.70616113744074,30.718,88.209,99.554,100.0,24.0,236.782,331.0344941974402
15/9-F-14 H,108.0,17612.0,3121.0,3229.0,0.9665531124187056,163.07407407407408,28.465,88.622,99.6,100.0,24.0,239.225,322.4767854439406
15/9-F-14 H,3497.0,482179.0,279.0,3776.0,0.0738877118644067,137.8836145267372,73.0,80.526,105.353,37.79116,24.0,157.225,273.4159254970216
15/9-F-14 H,2649.0,371374.0,2993.0,5642.0,0.5304856433888692,140.1940354850887,47.946,91.879,106.724,67.32755,24.0,198.883,384.95323526220784
15/9-F-14 H,1627.0,250932.0,4129.0,5756.0,0.7173384294649062,154.2298709280885,39.829,90.797,103.872,65.18302,24.0,207.73,402.818289083854
15/9-F-14 H,1125.0,176023.0,2726.0,3851.0,0.7078680862113736,156.46488888888888,32.7,86.396,102.52,100.0,24.0,194.798,321.3030449280834
15/9-F-14 H,892.0,144016.0,3579.0,4471.0,0.8004920599418475,161.45291479820628,32.241,88.994,100.849,100.0,24.0,211.593,350.4781652605773
15/9-F-14 H,421.0,62143.0,3626.0,4047.0,0.895972325179145,147.6080760095012,31.586,89.135,100.119,100.0,24.0,227.303,341.8619932965018
15/9-F-14 H,211.0,31172.0,3626.0,3837.0,0.945009121709669,147.7345971563981,30.343,88.24,99.523,100.0,24.0,235.184,338.6796704290202
15/9-F-14 H,101.0,15984.0,2883.0,2984.0,0.9661528150134048,158.25742574257427,31.545,88.829,99.911,43.09711,24.0,239.063,316.1349885842849
15/9-F-14 H,377.0,67664.0,3219.0,3596.0,0.8951612903225806,179.48010610079575,30.881,88.506,99.818,100.0,24.0,228.933,326.9527304907491
15/9-F-14 H,354.0,57718.0,3483.0,3837.0,0.9077404222048476,163.045197740113,32.022,86.643,99.556,100.0,24.0,230.44600000000003,335.72937726547485
15/9-F-14 H,158.0,24402.0,2991.0,3149.0,0.9498253413782152,154.4430379746835,27.262,85.736,99.53,100.0,24.0,237.37,319.026957129275
15/9-F-14 H,4524.0,648450.0,55.0,4579.0,0.0120113561913081,143.33554376657824,94.484,74.276,105.364,35.29869,24.0,163.21500000000003,301.54665197916074
15/9-F-14 H,2410.0,338546.0,2453.0,4863.0,0.5044211392144766,140.47551867219917,58.735,89.126,106.229,42.24382,24.0,186.585,345.8542532945756
15/9-F-14 H,1947.0,298857.0,3619.0,5566.0,0.650197628458498,153.49614791987673,38.679,89.772,105.257,100.0,24.0,203.865,389.6196824455447
15/9-F-14 H,992.0,154976.0,1588.0,2580.0,0.6155038759689923,156.2258064516129,67.43,73.693,105.954,21.6176,24.0,171.832,277.2714349131048
15/9-F-14 H,973.0,150630.0,3134.0,4107.0,0.7630874117360604,154.8098663926002,32.688,88.48,101.181,87.36336,24.0,209.326,334.18688765701876
15/9-F-14 H,480.46198267564966,72349.95187680461,3127.622714148219,3608.084696823869,0.8668373879641484,150.58413461538458,36.562,79.287,100.017,100.0,20.78,224.809,325.60614976570827
15/9-F-14 H,215.4171066525871,31402.74551214361,2818.1626187961983,3033.579725448785,0.9289891395154554,145.7764705882353,32.057,85.532,99.451,77.32078,18.94,233.004,314.3668753560126
15/9-F-14 H,150.0,23227.0,3033.0,3183.0,0.9528746465598492,154.84666666666666,27.492,88.092,99.549,100.0,24.0,237.828,320.14802791132695
15/9-F-14 H,2530.0,360196.0,2766.0,5296.0,0.5222809667673716,142.3699604743083,55.786,87.417,106.365,44.14556,24.0,186.84,367.5873950647039
15/9-F-14 H,1792.0,276835.0,3891.0,5683.0,0.6846735878937181,154.48381696428572,38.791,84.109,100.153,62.02826,24.0,194.946,398.0343313090039
15/9-F-14 H,1298.0,201726.0,2321.0,3619.0,0.6413373860182371,155.41294298921417,34.813,86.222,103.783,88.12884,24.0,184.234,308.620413911255
15/9-F-14 H,960.0,153275.47826086957,3433.043478260869,4393.04347826087,0.7814726840855106,159.66195652173914,33.709,88.231,101.076,79.77891,23.0,208.003,346.15092115395566
15/9-F-14 H,531.0,77838.0,3678.0,4209.0,0.8738417676407698,146.58757062146893,32.385,88.152,99.971,100.0,24.0,223.416,345.9189023127677
15/9-F-14 H,262.0,37167.0,3462.0,3724.0,0.9296455424274972,141.8587786259542,30.821,87.967,99.647,100.0,24.0,234.615,333.9461942367891
15/9-F-14 H,105.0,17189.0,3081.0,3186.0,0.9670433145009416,163.7047619047619,28.705,88.553,99.595,100.0,24.0,239.237,321.370017882462
15/9-F-14 H,3480.0,480475.0,277.0,3757.0,0.073729039126963,138.06752873563218,72.643,81.461,105.346,37.7482,24.0,157.092,272.5514057423881
15/9-F-14 H,1603.0,220359.0,1668.0,3271.0,0.5099357994497096,137.4666250779788,61.262,91.868,106.583,42.275,24.0,197.863,286.82642052413763
15/9-F-14 H,1623.0,250344.0,4133.0,5756.0,0.7180333564975677,154.24768946395562,39.883,91.453,103.86,65.10074,24.0,207.655,402.7972620729879
15/9-F-14 H,1125.0,176067.0,2733.0,3858.0,0.7083981337480559,156.504,32.695,86.525,102.51,100.0,24.0,194.912,321.5727097342214
15/9-F-14 H,893.0,144664.0,3587.0,4480.0,0.8006696428571428,161.99776035834267,32.244,88.66,100.851,100.0,24.0,211.759,350.8624417567717
15/9-F-14 H,429.0,63354.0,3682.0,4111.0,0.8956458282656288,147.67832167832168,31.597,89.115,100.119,100.0,24.0,227.416,344.0447190698419
15/9-F-14 H,210.0,31042.0,3288.0,3498.0,0.9399656946826758,147.8190476190476,30.253,87.285,99.519,97.91667,24.0,235.247,327.9153185121508
15/9-F-14 H,103.0,16343.0,2876.0,2979.0,0.9654246391406512,158.66990291262135,31.474,88.629,99.922,43.16316,24.0,239.043,315.94771888322543
15/9-F-14 H,5463.0,776659.0,5.0,5468.0,0.0009144111192392,142.16712429068278,54.186,80.19,105.174,57.32534,24.0,152.38,348.5135563904408
15/9-F-14 H,103.0,16703.0,3245.0,3348.0,0.9692353643966548,162.16504854368932,28.311,88.147,99.58,100.0,24.0,239.178,325.96029419600035
15/9-F-14 H,3220.266666666667,470656.0,5.333333333333333,3225.6000000000004,0.0016534391534391,146.15435574693606,94.186,76.065,104.558,32.18583,22.5,155.993,248.37592112613348
15/9-F-14 H,2358.0,340690.0,3385.0,5743.0,0.5894131986766499,144.48261238337574,48.268,93.36,106.519,59.15615,24.0,203.872,393.7376560516235
15/9-F-14 H,2170.114942528736,326127.2030651341,3855.938697318008,6026.053639846743,0.6398779247202442,150.28107344632767,48.721,76.573,103.225,56.54559,7.83,196.772,413.97452776594133
15/9-F-14 H,1036.0,164002.0,2718.0,3754.0,0.7240277037826318,158.3030888030888,32.476,86.874,101.93,100.0,24.0,198.034,319.14153725045304
15/9-F-14 H,737.0,107818.0,3138.0,3875.0,0.8098064516129032,146.29308005427407,32.725,87.661,100.686,95.74432,24.0,212.589,329.6460246335001
15/9-F-14 H,364.0,53847.0,3418.0,3782.0,0.9037546271813856,147.9313186813187,31.125,88.03,99.908,100.0,24.0,229.519,333.72411281635647
15/9-F-14 H,199.0,29975.0,3134.0,3333.0,0.9402940294029404,150.6281407035176,30.295,87.116,99.471,100.0,24.0,236.772,323.2155419307577
15/9-F-14 H,3571.0,514993.0,2.0,3573.0,0.0005597537083683,144.21534584150098,79.741,75.381,105.197,35.79315,24.0,151.51299999999998,261.71336838874555
15/9-F-14 H,2913.0,411044.0,1476.0,4389.0,0.3362952836637047,141.1067627875043,64.614,85.824,105.992,40.29132,24.0,178.541,314.62659398001387
15/9-F-14 H,2054.0,315797.0,3620.0,5674.0,0.6379978850898836,153.7473222979552,41.602,90.509,105.894,100.0,24.0,200.886,394.25902277292386
15/9-F-14 H,1057.0,168470.0,3013.0,4070.0,0.7402948402948403,159.38505203405865,37.777,87.955,101.528,54.19711,24.0,205.746,331.1121190989711
15/9-F-14 H,623.0,92089.0,3784.0,4407.0,0.8586339913773542,147.8154093097913,32.074,87.819,100.125,100.0,24.0,219.356,352.1086760707581
15/9-F-14 H,1580.7890222984563,232655.9176672384,218.1818181818182,1798.9708404802743,0.1212814645308924,147.17708333333331,104.719,54.997,104.636,19.5481,5.83,165.402,229.69411506144638
15/9-F-14 H,2512.0,356665.0,2971.0,5483.0,0.5418566478205362,141.984474522293,60.348,87.548,106.236,40.99142,24.0,187.621,377.6460107627623
15/9-F-14 H,1312.0,201907.0,1553.0,2865.0,0.5420593368237347,153.8925304878049,47.022,81.073,105.594,32.55692,24.0,177.62,278.8770216268273
15/9-F-14 H,963.0,148030.0,3150.0,4113.0,0.7658643326039387,153.71754932502597,32.461,87.08,101.159,90.10061,24.0,209.316,334.69793131709514
15/9-F-14 H,578.0,83062.0,4045.0,4623.0,0.8749729612805538,143.7058823529412,32.301,85.12,100.041,100.0,24.0,221.4,361.63398717188545
15/9-F-14 H,142.19269102990037,22608.63787375416,2742.857142857143,2885.0498338870434,0.9507139567019808,158.99999999999997,32.583,82.39,99.426,56.67801,18.06,233.022,312.44246558029323
15/9-F-14 H,1965.0,300492.0,3456.0,5421.0,0.6375207526286663,152.92213740458016,39.477,90.365,105.586,100.0,24.0,202.3,381.5757214099809
15/9-F-14 H,985.0,159034.0,3201.0,4186.0,0.7646918299092212,161.45583756345178,34.396,88.235,101.358,65.78312,24.0,207.516,337.1433979878133
15/9-F-14 H,609.3352192362094,91614.14427157,3471.0042432814707,4080.33946251768,0.850665557404326,150.3509749303621,32.577,86.224,100.084,58.85062,14.14,221.113,339.72685482483627
15/9-F-14 H,338.0,49465.0,3367.0,3705.0,0.9087719298245616,146.34615384615384,31.37,87.546,99.568,100.0,24.0,230.964,331.704127769497
15/9-F-14 H,105.0,16983.0,2470.0,2575.0,0.9592233009708738,161.74285714285713,32.149,76.468,99.441,68.27501,24.0,237.119,306.16350772576857
15/9-F-14 H,1756.0,251550.0,342.0,2098.0,0.1630123927550047,143.25170842824602,77.016,76.447,105.053,28.15457,24.0,152.48000000000002,234.7921553252438
15/9-F-14 H,1834.0,266509.0,2736.0,4570.0,0.5986870897155361,145.31570338058887,63.95,90.336,106.477,39.86726,24.0,199.11400000000003,339.3873089269762
15/9-F-14 H,1753.8461538461538,254630.76923076925,3844.343891402715,5598.190045248869,0.6867119301648885,145.1842105263158,42.522,88.825,103.529,64.48401,8.84,202.412,392.7258588209973
15/9-F-14 H,1080.0,169835.0,2772.0,3852.0,0.719626168224299,157.25462962962962,32.529,84.538,102.16,100.0,24.0,197.495,322.3180576004093
15/9-F-14 H,876.0,140279.0,3776.0,4652.0,0.8116938950988822,160.13584474885846,32.486,88.08,100.772,100.0,24.0,212.539,358.47370242137526
15/9-F-14 H,436.0,65101.0,3331.0,3767.0,0.8842580302628086,149.31422018348624,31.215,87.801,99.953,100.0,24.0,229.575,331.7360095581382
15/9-F-14 H,234.0,34379.0,3309.0,3543.0,0.9339542760372566,146.9188034188034,30.6,88.554,99.544,100.0,24.0,236.405,328.74294759566163
15/9-F-14 H,101.0,16263.0,2990.0,3091.0,0.9673244904561632,161.01980198019805,30.961,89.477,100.235,45.08411,24.0,238.819,318.9175948639463
15/9-F-14 H,3353.0,456956.0,104.0,3457.0,0.0300838877639571,136.2827318818968,71.379,80.326,105.316,37.92574,24.0,156.461,259.48285026467363
15/9-F-14 H,2773.0,394727.0,2948.0,5721.0,0.515294528928509,142.3465560764515,46.989,92.858,106.754,71.00844,24.0,200.792,388.30022345769584
15/9-F-14 H,1577.0,247545.0,4286.0,5863.0,0.7310250724884871,156.9720989220038,38.761,91.299,103.826,70.15968,24.0,207.677,409.21369779814876
15/9-F-14 H,1116.0,175567.0,2734.0,3850.0,0.7101298701298702,157.31810035842295,32.633,86.084,102.465,100.0,24.0,195.061,321.44728788402927
15/9-F-14 H,880.0,145686.0,3586.0,4466.0,0.8029556650246306,165.55227272727274,32.479,88.87,100.861,100.0,24.0,212.08300000000003,350.4688671250715
15/9-F-14 H,422.0,62197.0,3702.0,4124.0,0.8976721629485936,147.38625592417063,31.603,87.925,100.092,99.18506,24.0,227.866,344.6807721144482
15/9-F-14 H,210.0,31051.0,3407.0,3617.0,0.941940834946088,147.86190476190475,30.272,87.948,99.508,100.0,24.0,235.176,331.5988635827508
15/9-F-14 H,103.0,16857.0,2886.0,2989.0,0.9655403144864504,163.6601941747573,31.335,88.763,99.959,43.03511,24.0,238.99,316.1785744919191
15/9-F-14 H,4422.0,627149.0,64.0,4486.0,0.0142666072224699,141.82473993668023,101.992,77.756,105.464,34.33009,24.0,168.44,295.62435162665145
15/9-F-14 H,2365.52598225602,327310.5196451204,1994.423320659062,4359.949302915082,0.4574418604651163,138.36690955850835,60.444,89.219,106.248,40.98575,23.67,186.971,321.286735217493
15/9-F-14 H,1959.0,299615.0,3593.0,5552.0,0.6471541786743515,152.94282797345585,38.149,91.64,104.911,100.0,24.0,205.396,388.5320694583051
15/9-F-14 H,1247.0,192475.0,2079.0,3326.0,0.6250751653638004,154.3504410585405,37.345,84.212,104.417,48.00932,24.0,181.846,298.2918668315697
15/9-F-14 H,940.0,151102.0,3383.0,4323.0,0.7825584085126069,160.7468085106383,32.091,87.419,101.004,100.0,24.0,210.482,343.6276145028431
15/9-F-14 H,605.0,89043.0,3989.0,4594.0,0.8683064867218111,147.1785123966942,32.122,86.443,99.963,100.0,24.0,221.591,360.007951762296
15/9-F-14 H,283.0,42712.0,3514.0,3797.0,0.9254674743218332,150.92579505300353,31.308,87.711,98.806,100.0,24.0,232.182,335.8717297668733
15/9-F-14 H,136.0,21641.0,3289.0,3425.0,0.9602919708029196,159.125,28.481,88.234,99.629,100.0,24.0,239.327,327.3948624584492
15/9-F-14 H,1702.0,264621.0,4127.0,5829.0,0.7080116658088866,155.4764982373678,41.076,90.303,104.145,60.88534,24.0,205.437,406.16449973870886
15/9-F-14 H,943.0,152919.0,3502.0,4445.0,0.78785151856018,162.16224814422057,32.352,87.204,100.976,100.0,24.0,211.109,348.69836029129675
15/9-F-14 H,524.0,72839.0,3681.0,4205.0,0.8753864447086801,139.00572519083968,31.517,88.33,100.029,100.0,24.0,226.023,345.91623216292396
15/9-F-14 H,256.0,37262.0,3293.0,3549.0,0.9278670047900816,145.5546875,30.555,87.349,99.631,100.0,24.0,235.733,328.4667708682656
15/9-F-14 H,110.0,17548.0,2933.0,3043.0,0.9638514623726584,159.52727272727273,31.461,86.607,99.645,43.08009,24.0,239.375,317.42552798665656
15/9-F-14 H,706.0,105907.0,3532.0,4238.0,0.8334119867862199,150.0099150141643,32.42,86.924,100.397,100.0,24.0,216.537,344.0837549021326
15/9-F-14 H,326.0,49961.0,3511.0,3837.0,0.9150377899400574,153.25460122699386,31.072,87.38,99.647,100.0,24.0,230.411,336.34293041100614
15/9-F-14 H,187.0,28320.0,3137.0,3324.0,0.9437424789410348,151.44385026737967,27.527,88.721,99.49,97.91667,24.0,235.60200000000003,323.23239144674153
15/9-F-14 H,2187.0,302139.0,1.0,2188.0,0.0004570383912248,138.1522633744856,97.481,73.262,104.58,27.02818,24.0,154.812,223.53454486084635
15/9-F-14 H,2286.0,338531.0,2670.0,4956.0,0.5387409200968523,148.08880139982503,56.465,92.255,106.371,45.95013,24.0,198.116,352.34429942005033
15/9-F-14 H,1711.0,265997.0,4361.0,6072.0,0.7182147562582345,155.46288720046758,41.642,89.356,103.281,60.23968,24.0,204.074,419.62510893728154
15/9-F-14 H,760.0,114564.0,3236.0,3996.0,0.8098098098098098,150.7421052631579,31.976,88.148,100.474,100.0,24.0,216.037,333.7162007509745
15/9-F-14 H,327.0,52286.0,3299.0,3626.0,0.9098179812465528,159.8960244648318,31.448,88.407,99.864,96.03764,24.0,229.377,329.21849948083116
15/9-F-14 H,1610.7034958998704,252032.1104876996,4305.912818299525,5916.616314199395,0.727766106442577,156.4733118971061,42.641,87.874,104.477,58.63191,23.17,204.701,411.98939425192566
15/9-F-14 H,1300.0,199347.0,2378.0,3678.0,0.646547036432844,153.34384615384616,34.583,85.661,103.716,100.0,24.0,184.883,311.04642936958476
15/9-F-14 H,886.83160415004,146876.93535514767,4072.146847565842,4958.978451715882,0.821166473541908,165.61987041036718,34.31,88.0,101.11,39.96249,12.53,208.554,371.9597861804059
15/9-F-14 H,539.0,79102.0,3249.0,3788.0,0.8577085533262936,146.7569573283859,32.348,86.513,100.023,97.91667,24.0,223.586,330.43394782792217
15/9-F-14 H,252.0,36772.0,3373.0,3625.0,0.9304827586206896,145.9206349206349,30.676,88.34,99.619,100.0,24.0,234.77000000000004,330.93649323783194
15/9-F-14 H,102.0,16781.0,3108.0,3210.0,0.9682242990654204,164.5196078431373,28.121,87.669,99.582,100.0,24.0,239.204,322.1130192864652
15/9-F-14 H,3136.0,457772.0,5.0,3141.0,0.0015918497293855,145.97321428571428,94.106,75.514,104.644,32.30931,24.0,156.186,245.82015335515098
15/9-F-14 H,770.0,112669.0,3222.0,3992.0,0.8071142284569138,146.32337662337662,32.333,87.51,100.697,97.91667,24.0,212.596,333.43801001033813
15/9-F-14 H,351.0,51875.0,3402.0,3753.0,0.9064748201438848,147.7920227920228,31.223,89.378,99.904,100.0,24.0,229.469,332.98158644175425
15/9-F-14 H,200.0,29382.0,3123.0,3323.0,0.9398134216069816,146.91,30.346,87.789,99.468,100.0,24.0,236.771,322.91516427023225
15/9-F-14 H,3630.0,522043.0,3.0,3633.0,0.0008257638315441,143.81349862258952,79.94,75.0,105.202,35.78677,24.0,151.806,263.9392701266474
15/9-F-14 H,2798.0,394718.0,1399.0,4197.0,0.3333333333333333,141.07147962830592,65.521,86.064,105.986,39.20698,24.0,178.894,306.5685496759645
15/9-F-14 H,2051.0,315399.0,3623.0,5674.0,0.6385266126189637,153.77815699658703,41.622,91.034,105.882,100.0,24.0,200.914,394.23033658734596
15/9-F-14 H,1808.9850249584024,276770.71547420963,4243.594009983361,6052.579034941763,0.7011216186496592,152.99779249448122,44.151,82.624,102.719,50.11051,18.03,203.162,418.1063788163905
15/9-F-14 H,1084.0,172523.0,3248.0,4332.0,0.7497691597414589,159.1540590405904,37.39,87.975,101.528,55.19775,24.0,205.831,341.5426300930014
15/9-F-14 H,620.3735144312394,93147.70797962647,3666.213921901528,4286.587436332768,0.8552756653992395,150.14778325123152,32.525,85.773,100.119,96.36708,23.56,219.419,347.4666520118349
15/9-F-14 H,484.0,76810.0,3203.0,3687.0,0.8687279631136425,158.69834710743802,34.834,87.048,99.458,73.69037,24.0,230.356,327.89120779571044
15/9-F-14 H,178.0,27523.0,3116.0,3294.0,0.9459623557984214,154.62359550561797,28.634,86.126,99.553,100.0,24.0,237.817,322.59414816916575
15/9-F-14 H,4418.0,630778.0,82.0,4500.0,0.0182222222222222,142.77455862381169,95.504,78.285,105.311,34.8159,24.0,163.659,297.27450036368765
15/9-F-14 H,2595.0,364436.0,2444.0,5039.0,0.485016868426275,140.43776493256263,59.183,86.018,106.255,42.09382,24.0,187.865,352.99573085845543
15/9-F-14 H,1229.4573643410852,194759.6899224806,2773.6434108527133,4003.100775193799,0.6928737412858249,158.41109709962168,51.103,77.998,104.832,53.73903,15.48,204.45,325.69296879709304
15/9-F-14 H,1283.0,197268.0,1562.0,2845.0,0.5490333919156415,153.75526110678098,46.716,83.256,105.484,32.48751,24.0,178.34699999999998,278.6817048666876
15/9-F-14 H,961.0,147975.0,3147.0,4108.0,0.7660662122687439,153.98022892819978,32.444,87.388,101.152,91.27405,24.0,209.317,334.5122724015099
15/9-F-14 H,580.0,83171.0,4015.0,4595.0,0.8737758433079434,143.39827586206897,32.37,84.365,100.063,100.0,24.0,220.985,360.480710158629
15/9-F-14 H,338.0,55893.0,3071.0,3409.0,0.900850689351716,165.3639053254438,30.881,87.107,99.432,100.0,24.0,230.868,322.0128465029306
15/9-F-14 H,143.0,22614.0,2985.0,3128.0,0.9542838874680308,158.13986013986013,28.023,86.465,99.529,88.06339,24.0,237.943,318.8151537260202
15/9-F-14 H,3496.0,506289.0,2.0,3498.0,0.0005717552887364,144.8195080091533,92.307,78.574,105.256,33.32822,24.0,158.14499999999998,257.06787156562945
15/9-F-14 H,1977.0,302177.0,3460.0,5437.0,0.6363803568144197,152.84623166413758,39.511,89.468,105.568,100.0,24.0,202.391,382.3892972837757
15/9-F-14 H,989.0,160442.0,3189.0,4178.0,0.7632838678793681,162.22649140546005,33.936,87.706,101.353,68.98315,24.0,207.436,336.7885256462977
15/9-F-14 H,124.52830188679243,19116.98113207547,1218.8679245283015,1343.396226415094,0.9073033707865168,153.5151515151515,39.991,76.007,99.917,12.16694,6.36,228.106,283.9331966843331
15/9-F-14 H,331.0,48419.0,3339.0,3670.0,0.9098092643051772,146.2809667673716,31.51,87.789,99.562,100.0,24.0,231.11900000000003,330.69206187199603
15/9-F-14 H,156.0,25128.0,3224.0,3380.0,0.953846153846154,161.07692307692307,27.332,84.248,99.532,100.0,24.0,237.197,325.6256676629316
15/9-F-14 H,1081.0,170605.0,2774.0,3855.0,0.7195849546044099,157.8214616096207,32.574,84.339,102.15,100.0,24.0,197.551,322.424740657567
15/9-F-14 H,435.0,64782.0,3344.0,3779.0,0.8848901825879862,148.9241379310345,31.251,87.901,99.959,100.0,24.0,229.566,332.16875860089505
15/9-F-14 H,3370.0,460248.0,80.0,3450.0,0.0231884057971014,136.5721068249258,70.027,81.066,105.318,38.47846,24.0,156.247,258.75273671477976
15/9-F-14 H,2811.0,401084.0,3467.0,6278.0,0.552245938196878,142.68374244041266,46.478,92.336,106.766,76.63733,24.0,201.331,420.9216375239412
15/9-F-14 H,1588.0,248624.0,4295.0,5883.0,0.7300696923338432,156.56423173803526,38.768,91.41,103.817,70.14859,24.0,207.722,410.17231123704715
15/9-F-14 H,1112.0,174756.0,2744.0,3856.0,0.7116182572614108,157.1546762589928,32.828,86.366,102.455,100.0,24.0,195.25,321.7381829679526
15/9-F-14 H,886.0,155463.0,3679.0,4565.0,0.8059145673603505,175.46613995485328,32.963,88.684,100.838,83.89087,24.0,212.393,354.6419331166564
15/9-F-14 H,445.0,65409.0,3707.0,4152.0,0.8928227360308285,146.9865168539326,31.655,88.846,100.093,99.13853,24.0,227.947,345.27721291231893
15/9-F-14 H,210.0,30588.0,3275.0,3485.0,0.93974175035868,145.65714285714284,30.167,85.889,99.508,100.0,24.0,235.278,327.5532571714709
15/9-F-14 H,103.0,16828.0,2895.0,2998.0,0.9656437625083388,163.37864077669903,31.3,88.771,99.968,43.01964,24.0,238.97,316.4129839763794
15/9-F-14 H,3384.0,482165.1428571429,30.857142857142858,3414.8571428571427,0.0090361445783132,142.483789260385,106.928,72.135,105.253,29.5223,14.0,168.387,254.5313575008905
15/9-F-14 H,2475.0,341963.0,2142.0,4617.0,0.4639376218323586,138.1668686868687,58.542,89.341,106.268,43.07371,24.0,185.904,332.39347216124423
15/9-F-14 H,1943.0,298038.0,3579.0,5522.0,0.6481347337921043,153.39063304168812,38.118,91.58,104.898,100.0,24.0,205.47,387.12320293413006
15/9-F-14 H,1249.0,192593.0,2094.0,3343.0,0.6263834878851331,154.19775820656525,37.306,85.875,104.387,48.96177,24.0,182.017,298.7642211650452
15/9-F-14 H,941.0,151795.0,3292.0,4233.0,0.7776990314197968,161.3124335812965,32.12,87.844,100.994,100.0,24.0,210.712,339.87757672860033
15/9-F-14 H,609.0,89291.0,3757.0,4366.0,0.8605130554283097,146.61904761904762,32.17,87.264,99.959,100.0,24.0,221.69,350.7264947043655
15/9-F-14 H,270.0,40909.0,3476.0,3746.0,0.9279231179925254,151.51481481481483,31.176,87.179,99.645,100.0,24.0,233.81,334.4563111248633
15/9-F-14 H,135.0,21419.0,3294.0,3429.0,0.9606299212598424,158.65925925925927,28.421,88.833,99.629,100.0,24.0,239.226,327.5332826144776
15/9-F-14 H,3070.0,432818.0,2783.0,5853.0,0.475482658465744,140.98306188925082,48.568,90.996,106.542,59.1165,24.0,188.566,393.11293111843065
15/9-F-14 H,1699.0,264523.0,4142.0,5841.0,0.7091251498031159,155.6933490288405,40.985,90.157,104.134,61.17893,24.0,205.512,406.8773826439369
15/9-F-14 H,1126.0,177869.0,2599.0,3725.0,0.6977181208053691,157.96536412078152,32.701,85.935,102.984,100.0,24.0,191.197,316.3034261244909
15/9-F-14 H,949.0,153774.0,3457.0,4406.0,0.7846118928733545,162.03793466807164,32.378,87.727,100.962,100.0,24.0,211.453,346.93006099702166
15/9-F-14 H,544.0,78816.0,3551.0,4095.0,0.8671550671550672,144.88235294117646,31.486,87.826,100.032,100.0,24.0,226.226,341.43158568492777
15/9-F-14 H,256.0,37458.0,3285.0,3541.0,0.9277040384072296,146.3203125,30.558,87.383,99.626,100.0,24.0,235.721,328.21005297341253
15/9-F-14 H,111.0,17490.0,2947.0,3058.0,0.9637017658600392,157.56756756756758,31.32,86.096,99.657,43.06768,24.0,239.378,317.8082727313628
15/9-F-14 H,679.0,93705.0,3638.0,4317.0,0.8427148482742646,138.0044182621502,31.658,88.272,100.242,99.97306,24.0,216.945,347.6205867364668
15/9-F-14 H,331.0,51498.0,3421.0,3752.0,0.9117803837953092,155.58308157099697,30.984,88.402,99.618,100.0,24.0,230.308,333.3341454898734
15/9-F-14 H,168.0,25171.0,2809.0,2977.0,0.9435673496808868,149.82738095238096,29.966,86.063,99.404,77.81883,24.0,236.502,314.1260511239608
15/9-F-14 H,5420.0,766949.0,2.0,5422.0,0.00036886757654,141.50350553505535,54.783,78.942,105.025,54.7527,24.0,150.813,346.1512697263042
15/9-F-14 H,714.0,106241.0,3572.0,4286.0,0.8334111059262715,148.796918767507,32.467,88.971,100.383,100.0,24.0,216.466,345.75499945085
15/9-F-14 H,322.0,49370.0,3556.0,3878.0,0.9169675090252708,153.32298136645963,31.16,88.133,99.648,100.0,24.0,230.504,337.8065437025065
15/9-F-14 H,188.0,28600.0,3187.0,3375.0,0.9442962962962964,152.12765957446808,27.429,86.504,99.49,100.0,24.0,235.692,324.7306160018821
15/9-F-14 H,2230.0,305847.0,1.0,2231.0,0.0004482294935006,137.15112107623318,97.161,70.383,104.605,27.18871,24.0,155.208,224.77661651150405
15/9-F-14 H,2230.0,331445.0,2836.0,5066.0,0.5598105013817608,148.63004484304932,56.923,91.075,106.371,45.44475,24.0,198.339,358.879306777649
15/9-F-14 H,1715.0,268194.0,4384.0,6099.0,0.7188063616986391,156.38134110787172,41.273,88.915,103.285,61.66727,24.0,204.145,421.23559204341694
15/9-F-14 H,774.0,115982.0,3456.0,4230.0,0.8170212765957446,149.84754521963825,31.915,87.661,100.466,100.0,24.0,216.132,342.59467504565856
15/9-F-14 H,335.0,54505.0,3330.0,3665.0,0.9085948158253752,162.70149253731344,31.094,88.68,99.867,100.0,24.0,229.46500000000003,330.29787988950903
15/9-F-14 H,194.0,29379.0,2983.0,3177.0,0.9389361032420522,151.43814432989691,30.281,87.33,99.414,98.93662,24.0,236.69,318.84883058614884
15/9-F-14 H,2570.0,364123.0,2625.0,5195.0,0.5052935514918191,141.68210116731518,56.93,87.617,106.42,44.62284,24.0,188.756,361.56220806145734
15/9-F-14 H,1769.0,273190.0,4159.0,5928.0,0.7015856950067476,154.43188241944603,40.509,89.809,104.479,64.96119,24.0,204.287,411.0189224843415
15/9-F-14 H,1295.0,198639.0,2380.0,3675.0,0.6476190476190476,153.38918918918918,34.606,86.602,103.696,100.0,24.0,185.117,310.94127927722695
15/9-F-14 H,527.921009325288,79022.27098189796,3018.760285244103,3546.681294569391,0.8511507052709726,149.6857855361596,32.5,87.184,100.028,74.97206,18.23,224.197,322.3026918075044
15/9-F-14 H,252.0,36654.0,3419.0,3671.0,0.9313538545355488,145.45238095238096,30.663,88.052,99.618,100.0,24.0,234.661,332.41791480507976
15/9-F-14 H,80.946123521682,13549.540078843627,2550.328515111695,2631.274638633377,0.9692369157011588,167.3896103896104,35.327,82.958,99.498,65.90897,22.83,240.459,308.16962010627196
15/9-F-14 H,350.0,52008.0,3390.0,3740.0,0.9064171122994652,148.59428571428572,31.139,88.5,99.899,100.0,24.0,229.612,332.5820092833333
15/9-F-14 H,197.0,29227.0,3138.0,3335.0,0.9409295352323838,148.36040609137055,30.337,87.652,99.468,100.0,24.0,236.702,323.33148105681346
15/9-F-14 H,3663.0,528912.0,3.0,3666.0,0.0008183306055646,144.3931203931204,80.292,77.046,105.208,35.73403,24.0,151.953,264.653465510597
15/9-F-14 H,3032.0,425641.0,1565.0,4597.0,0.3404394170110942,140.3829155672823,62.63,85.789,106.015,41.78386,24.0,179.168,323.79919943171853
15/9-F-14 H,2096.0,322144.0,3476.0,5572.0,0.6238334529791816,153.6946564885496,41.603,91.11,105.873,100.0,24.0,200.925,388.2087698388793
15/9-F-14 H,1686.4,251964.8,3622.4,5308.8,0.6823387582881254,149.40986717267552,43.672,88.764,105.126,77.89994,22.5,202.15,378.60530164307704
15/9-F-14 H,1302.0,198119.0,1584.0,2886.0,0.5488565488565489,152.16513056835635,44.965,85.596,105.415,34.12337,24.0,177.843,279.66175320313243
15/9-F-14 H,962.0,149137.0,3287.0,4249.0,0.7735937867733584,155.02806652806652,32.306,88.156,101.15,96.71929,24.0,209.245,340.17026272602874
15/9-F-14 H,585.0,86808.0,3015.0,3600.0,0.8375,148.3897435897436,33.412,84.256,100.03,34.79388,8.0,222.752,322.9984304483093
15/9-F-14 H,207.0,31370.0,2964.0,3171.0,0.934720908230842,151.54589371980677,30.392,87.501,99.436,100.0,24.0,230.683,318.3352231243895
15/9-F-14 H,147.0,22720.0,3029.0,3176.0,0.9537153652392948,154.5578231292517,27.456,86.759,99.541,100.0,24.0,237.77600000000004,320.0498941285569
15/9-F-14 H,3027.428571428572,441364.5714285714,2.2857142857142856,3029.714285714286,0.0007544322897019,145.78859947149866,93.03,74.04,104.938,31.61117,21.0,157.756,242.75902124022943
15/9-F-14 H,1974.0,301577.0,3463.0,5437.0,0.6369321316902704,152.77456940222896,39.563,90.69,105.556,100.0,24.0,202.336,382.28039087047324
15/9-F-14 H,984.0,161396.0,3210.0,4194.0,0.765379113018598,164.02032520325204,33.689,88.375,101.357,71.911,24.0,207.542,337.4890501854325
15/9-F-14 H,523.0,78815.0,3496.0,4019.0,0.8698681263996019,150.697896749522,33.052,86.18,100.05,82.56281,24.0,221.395,339.01306799362885
15/9-F-14 H,324.0,47160.0,3346.0,3670.0,0.911716621253406,145.55555555555554,31.198,87.325,99.568,100.0,24.0,231.245,330.85933389574194
15/9-F-14 H,153.0,24978.0,3471.0,3624.0,0.9577814569536424,163.2549019607843,27.516,84.173,99.55,100.0,24.0,237.677,333.0574871037111
15/9-F-14 H,2179.0,316747.0,125.0,2304.0,0.0542534722222222,145.3634694814135,77.07,76.382,105.05,28.11394,24.0,152.53,229.90655734386056
15/9-F-14 H,1793.0,263113.0,2707.0,4500.0,0.6015555555555555,146.74456218627998,65.204,92.253,106.46,39.4092,24.0,198.211,336.50446887499027
15/9-F-14 H,1080.0,170708.0,2747.0,3827.0,0.7177946171936243,158.06296296296296,32.579,86.746,102.142,100.0,24.0,197.21,321.16102778061156
15/9-F-14 H,816.3075131042515,139014.09435061153,4143.040186371578,4959.347699475829,0.8354002254791432,170.29623287671234,36.039,85.021,100.653,55.10038,17.17,214.064,373.0404649569172
15/9-F-14 H,435.0,64696.0,3355.0,3790.0,0.8852242744063324,148.7264367816092,31.323,88.836,99.961,100.0,24.0,229.552,332.52133293323965
15/9-F-14 H,2995.2886836027715,408494.4110854504,109.7459584295612,3105.0346420323326,0.035344519814352,136.37897853441896,72.319,75.908,105.237,34.14896,21.65,156.57299999999998,249.4420908186967
15/9-F-14 H,2801.0,399979.0,3351.0,6152.0,0.5447009102730819,142.7986433416637,46.511,92.768,106.773,76.69223,24.0,201.65,413.35499025929636
15/9-F-14 H,1617.0,253098.0,4293.0,5910.0,0.7263959390862944,156.52319109461968,38.755,91.442,103.808,68.71406,24.0,207.77,411.39110320823846
15/9-F-14 H,1117.0,175554.0,2745.0,3862.0,0.7107716209218021,157.16562220232765,32.611,85.888,102.445,100.0,24.0,195.15,321.92392043698476
15/9-F-14 H,889.0,156726.0,3643.0,4532.0,0.8038393645189762,176.29471316085488,32.977,88.703,100.799,83.69628,24.0,211.749,353.18493548174894
15/9-F-14 H,445.0,64413.0,3703.0,4148.0,0.8927193828351012,144.74831460674156,31.643,89.268,100.083,99.1903,24.0,228.026,345.1253763696643
15/9-F-14 H,209.0,30499.0,3277.0,3486.0,0.9400458978772231,145.92822966507177,30.186,86.121,99.506,100.0,24.0,235.306,327.60133840699456
15/9-F-14 H,103.0,16775.0,2905.0,3008.0,0.9657579787234044,162.8640776699029,31.26,88.857,99.979,43.02548,24.0,238.976,316.67454320585307
15/9-F-14 H,2988.0,427244.0,90.0,3078.0,0.0292397660818713,142.98661311914324,108.499,76.69,105.322,29.12867,24.0,167.739,244.21313098993116
15/9-F-14 H,2377.131967603621,328080.8003811339,2105.002382086708,4482.134349690329,0.4696428571428571,138.01539201539202,59.267,88.411,106.263,41.36151,20.99,185.194,327.237569994421
15/9-F-14 H,1943.0,295061.0,3595.0,5538.0,0.6491513181654027,151.85846628924344,38.036,90.953,104.883,100.0,24.0,205.459,387.9534359000128
15/9-F-14 H,1249.0,193224.0,2107.0,3356.0,0.6278307508939214,154.7029623698959,37.003,84.416,104.359,49.70982,24.0,182.31,299.39273535973393
15/9-F-14 H,926.0,151062.0,3241.0,4167.0,0.7777777777777778,163.133909287257,32.234,87.21,100.985,100.0,24.0,210.727,337.47363774526974
15/9-F-14 H,613.0,89163.0,3758.0,4371.0,0.8597574925646305,145.45350734094615,32.162,86.77,99.959,100.0,24.0,221.904,350.87849887168727
15/9-F-14 H,262.0,39443.0,3473.0,3735.0,0.9298527443105756,150.54580152671755,30.825,87.223,99.65,100.0,24.0,233.906,334.2689897647562
15/9-F-14 H,134.0,21301.0,3287.0,3421.0,0.960830166617948,158.96268656716418,28.403,88.707,99.629,100.0,24.0,239.169,327.3218104110091
15/9-F-14 H,1696.0,266274.0,4142.0,5838.0,0.70948955121617,157.00117924528303,40.852,88.349,104.124,61.20152,24.0,205.598,406.9938669375172
15/9-F-14 H,946.0,153536.0,3497.0,4443.0,0.7870808012604096,162.3002114164905,32.333,87.717,100.96,100.0,24.0,211.604,348.5391680465809
15/9-F-14 H,536.0,77445.0,3556.0,4092.0,0.8690127077223851,144.48694029850745,31.517,87.588,100.039,100.0,24.0,226.411,341.47356588609534
15/9-F-14 H,251.0,36700.0,3285.0,3536.0,0.9290158371040724,146.21513944223108,30.5,87.062,99.618,100.0,24.0,235.774,328.17282150421886
15/9-F-14 H,111.0,17468.0,2927.0,3038.0,0.9634628044766294,157.36936936936937,31.31,86.727,99.665,43.03577,24.0,239.379,317.27693162881366
15/9-F-14 H,648.0,90581.0,3684.0,4332.0,0.850415512465374,139.7854938271605,38.28,84.557,100.214,77.48112,24.0,218.94000000000003,348.77254708056284
15/9-F-14 H,331.0,51499.0,3419.0,3750.0,0.9117333333333332,155.58610271903322,30.882,86.726,99.613,100.0,24.0,230.439,333.3052417405043
15/9-F-14 H,175.0,26748.0,3216.0,3391.0,0.9483928044824536,152.84571428571428,28.409,86.93,99.423,100.0,24.0,236.30400000000003,325.501508166555
15/9-F-14 H,3772.665764546685,524435.1826792964,1.0825439783491204,3773.748308525033,0.0002868617326448,139.00918220946917,66.558,74.519,104.938,38.50298,22.17,148.70499999999998,270.52956995173355
15/9-F-14 H,718.0,106720.0,3500.0,4218.0,0.8297771455666193,148.6350974930362,32.398,87.945,100.368,100.0,24.0,216.511,343.05402006605004
15/9-F-14 H,321.0,49050.0,3541.0,3862.0,0.916882444329363,152.80373831775702,31.062,85.538,99.66,100.0,24.0,230.661,337.3372382260631
15/9-F-14 H,187.0,28510.0,3182.0,3369.0,0.9444939151083408,152.45989304812835,27.387,84.42,99.492,100.0,24.0,235.736,324.6041312182914
15/9-F-14 H,2050.2369668246447,283345.0236966825,1.4218009478672986,2051.658767772512,0.0006930006930006,138.2011095700416,97.555,72.053,104.615,26.66966,16.88,155.241,222.04041408236128
15/9-F-14 H,2567.0,364373.0,2832.0,5399.0,0.5245415817744027,141.94507206856252,57.062,89.838,106.429,44.61911,24.0,188.988,372.3146659665834
15/9-F-14 H,1776.0,275634.0,3950.0,5726.0,0.689835836535103,155.19932432432432,40.472,90.166,104.465,65.12414,24.0,204.215,399.89993871659226
15/9-F-14 H,1290.0,197622.0,2384.0,3674.0,0.6488840500816548,153.1953488372093,34.555,86.647,103.673,100.0,24.0,185.486,311.001504847696
15/9-F-14 H,542.3442449841605,82185.42766631467,3930.728616684266,4473.072861668426,0.8787535410764873,151.5373831775701,35.11,83.267,99.985,59.63114,18.94,225.574,356.14135103840033
15/9-F-14 H,250.0,36392.0,3176.0,3426.0,0.9270286047869236,145.568,30.581,88.265,99.496,100.0,24.0,234.516,324.7888406764495
15/9-F-14 H,94.0,15158.0,2972.0,3066.0,0.969341161121983,161.25531914893617,29.966,87.772,99.55,76.53764,24.0,239.418,318.4669505221189
15/9-F-14 H,4467.917939764295,619283.8061981667,935.4866870362288,5403.404626800523,0.1731291198138813,138.60679953106683,67.037,84.532,105.574,41.75077,22.91,161.78799999999998,351.4262141623178
15/9-F-14 H,2092.9863255403616,305735.8623731804,3251.1689457432726,5344.155271283635,0.6083597464342313,146.07637835103694,49.861,90.569,106.482,52.79988,22.67,205.108,375.25564809619163
15/9-F-14 H,2241.0,344365.0,3979.0,6220.0,0.6397106109324758,153.6657742079429,43.989,88.712,103.49,58.92063,24.0,197.527,423.8400745187178
15/9-F-14 H,1041.0,163535.0,2802.0,3843.0,0.7291178766588603,157.09414024975985,32.537,86.855,101.929,100.0,24.0,198.304,322.5398755533458
15/9-F-14 H,788.0,114236.0,3233.0,4021.0,0.804028848545138,144.96954314720813,32.538,89.148,100.726,100.0,24.0,212.185,334.1401443059218
15/9-F-14 H,334.0,49638.0,3386.0,3720.0,0.9102150537634408,148.61676646706587,31.183,89.147,99.899,97.91667,24.0,229.574,332.23424360930994
15/9-F-14 H,194.0,29681.0,3137.0,3331.0,0.9417592314620234,152.99484536082474,30.42,88.74,99.461,100.0,24.0,236.589,323.2393570166748
15/9-F-14 H,3688.0,533633.0,2.0,3690.0,0.0005420054200542,144.69441431670282,80.641,77.525,105.215,35.76702,24.0,152.106,265.37402786997654
15/9-F-14 H,2896.0,406574.0,1485.0,4381.0,0.3389637069162292,140.39157458563537,64.095,86.618,106.0,40.261,24.0,179.089,314.3510161276001
15/9-F-14 H,2101.0,323285.0,3670.0,5771.0,0.6359383122509097,153.87196573060447,41.573,91.178,105.865,100.0,24.0,200.953,399.1104420364079
15/9-F-14 H,1736.842105263158,269733.4736842105,3942.315789473684,5679.157894736842,0.6941725978647687,155.3010909090909,40.807,83.644,102.716,57.37729,19.0,203.28500000000005,398.35498330996387
15/9-F-14 H,1057.0,166730.0,3134.0,4191.0,0.747792889525173,157.73888363292338,36.544,87.172,101.535,58.7252,24.0,206.116,336.16014183693386
15/9-F-14 H,577.0,87739.0,3693.0,4270.0,0.8648711943793911,152.06065857885616,31.982,87.341,100.092,99.94554,24.0,220.056,347.49175096556695
15/9-F-14 H,310.0,50567.0,3197.0,3507.0,0.9116053607071573,163.11935483870968,31.767,87.054,99.531,100.0,24.0,230.023,325.7744716476005
15/9-F-14 H,178.0,27393.0,3227.0,3405.0,0.9477239353891336,153.8932584269663,28.918,87.458,99.578,100.0,24.0,238.273,325.82867198632806
15/9-F-14 H,4501.0,644354.0,66.0,4567.0,0.0144514998905189,143.15796489668963,95.007,76.402,105.368,34.84633,24.0,164.31599999999997,300.5647412766054
15/9-F-14 H,2547.0,361152.0,2570.0,5117.0,0.5022474105921438,141.79505300353358,59.597,89.704,106.266,41.9794,24.0,188.215,357.25466639817427
15/9-F-14 H,1865.0,283733.0,3551.0,5416.0,0.6556499261447563,152.13565683646112,38.652,90.267,105.165,98.99007,24.0,202.211,382.3671578040731
15/9-F-14 H,1269.0,193286.0,1645.0,2914.0,0.5645161290322581,152.3136327817179,42.886,84.257,105.364,36.72292,24.0,177.243,281.81560318011293
15/9-F-14 H,1004.0,147594.0,3348.0,4352.0,0.7693014705882353,147.00597609561754,32.279,88.201,101.15,98.98542,24.0,209.34,343.7426771278201
15/9-F-14 H,249.0,38557.0,3096.0,3345.0,0.925560538116592,154.84738955823292,30.424,87.342,99.466,100.0,24.0,231.204,322.30825614915767
15/9-F-14 H,143.0,22729.0,3006.0,3149.0,0.9545887583359796,158.94405594405595,27.503,85.484,99.544,100.0,24.0,237.89,319.3976876736704
15/9-F-14 H,2725.0,382552.0,2041.0,4766.0,0.4282417121275703,140.38605504587156,54.564,88.082,106.14,44.7401,24.0,182.086,337.0225048296439
15/9-F-14 H,1982.0,301247.0,3470.0,5452.0,0.636463683052091,151.99142280524725,39.51,89.879,105.544,100.0,24.0,202.375,383.03608171270537
15/9-F-14 H,987.0,160843.0,3226.0,4213.0,0.7657251364823167,162.96149949341438,33.551,87.617,98.497,75.15883,24.0,201.056,338.2709376994277
15/9-F-14 H,621.0,93905.0,3754.0,4375.0,0.8580571428571429,151.2157809983897,32.133,86.629,99.876,100.0,24.0,220.446,350.91126000800716
15/9-F-14 H,334.0,48860.0,3316.0,3650.0,0.9084931506849316,146.2874251497006,31.257,86.729,99.569,100.0,24.0,231.373,329.99878156890594
15/9-F-14 H,154.0,24949.0,3227.0,3381.0,0.9544513457556936,162.0064935064935,27.504,83.736,99.58,100.0,24.0,238.05500000000004,325.70353743000817
15/9-F-14 H,2189.0,317361.0,157.0,2346.0,0.0669224211423699,144.97989949748742,77.006,76.141,105.053,28.26487,24.0,152.547,231.56758556043442
15/9-F-14 H,1841.0,268895.0,2815.0,4656.0,0.6045962199312714,146.05920695274307,63.651,90.256,106.454,39.39514,24.0,200.082,343.4087060268939
15/9-F-14 H,1511.764705882353,263826.4705882353,3935.2941176470586,5447.058823529412,0.7224622030237581,174.51556420233464,48.691,75.444,103.318,51.5484,8.16,202.906,389.64986525802254
15/9-F-14 H,1084.0,170635.0,2727.0,3811.0,0.7155602204145893,157.41236162361625,32.56,86.766,102.132,100.0,24.0,197.053,320.45962386713086
15/9-F-14 H,949.0,154694.0,4858.0,5807.0,0.8365765455484759,163.00737618545838,32.484,89.13,100.731,99.99542,24.0,211.979,412.37924070141196
15/9-F-14 H,443.0,66018.0,3298.0,3741.0,0.8815824645816627,149.02483069977427,31.314,88.964,99.967,100.0,24.0,229.581,330.66811299234234
15/9-F-14 H,229.0,33579.0,3293.0,3522.0,0.9349801249290176,146.63318777292577,30.504,88.447,99.54,100.0,24.0,236.414,328.20861350957654
15/9-F-14 H,106.0,17428.0,3173.0,3279.0,0.9676730710582496,164.41509433962264,27.762,89.442,100.314,93.42386,24.0,238.437,323.912779817333
15/9-F-14 H,3440.0,459880.0,178.0,3618.0,0.0491984521835268,133.6860465116279,69.065,79.585,105.291,38.71771,24.0,155.848,266.6770745841956
15/9-F-14 H,2696.0,386091.0,3163.0,5859.0,0.5398532172725721,143.20882789317508,47.679,93.037,106.764,66.77536,24.0,201.677,397.0058048737946
15/9-F-14 H,1616.0,252550.0,4285.0,5901.0,0.7261481104897475,156.28094059405942,38.8,91.428,103.798,69.9391,24.0,207.82100000000003,410.8910140412769
15/9-F-14 H,1102.0,172735.0,2666.0,3768.0,0.7075371549893843,156.74682395644282,32.551,85.538,102.429,100.0,24.0,195.126,318.5160404245094
15/9-F-14 H,874.0,147617.0,3482.0,4356.0,0.7993572084481175,168.89816933638443,32.24,88.739,100.81,100.0,24.0,211.557,345.9852117359943
15/9-F-14 H,449.0,64827.0,3705.0,4154.0,0.891911410688493,144.38084632516703,31.609,89.022,100.076,99.26899,24.0,228.135,345.28471357258843
15/9-F-14 H,166.17002629272568,24914.98685363716,3085.714285714286,3251.8843120070114,0.9489003880983182,149.9367088607595,32.264,86.136,99.472,74.92783,22.82,236.121,321.70154795440413
15/9-F-14 H,104.0,16887.0,2921.0,3025.0,0.9656198347107438,162.375,31.511,88.819,99.983,43.19166,24.0,239.003,317.09076830783
15/9-F-14 H,2209.0,316638.0,104.0,2313.0,0.0449632511889321,143.3399728383884,115.061,73.903,105.221,24.94422,24.0,166.244,226.3700523985512
15/9-F-14 H,1934.0,296266.0,3553.0,5487.0,0.6475305266994715,153.18821096173733,37.934,89.898,104.866,100.0,24.0,205.37,385.52450256129043
15/9-F-14 H,1252.0,193144.0,2119.0,3371.0,0.6285968555324829,154.26837060702874,36.851,83.994,104.332,50.45768,24.0,182.449,299.9635603365688
15/9-F-14 H,471.2328767123288,83758.90410958904,1600.0,2071.232876712329,0.7724867724867724,177.74418604651163,37.963,86.455,100.967,9.23416,2.19,211.77,279.4102623853365
15/9-F-14 H,595.0,87808.0,3782.0,4377.0,0.8640621430203336,147.57647058823528,32.189,86.833,99.959,100.0,24.0,222.033,351.40317948555827
15/9-F-14 H,260.0,39391.0,3475.0,3735.0,0.930388219544846,151.50384615384615,30.792,85.593,99.65,100.0,24.0,234.008,334.33425761371075
15/9-F-14 H,133.0,21157.0,3264.0,3397.0,0.960847806888431,159.0751879699248,28.385,88.803,99.629,100.0,24.0,239.127,326.64131375520276
15/9-F-14 H,1695.0,264902.0,4137.0,5832.0,0.7093621399176955,156.2843657817109,40.797,87.242,104.113,61.17416,24.0,205.648,406.7325344426303
15/9-F-14 H,941.0,153076.0,3539.0,4480.0,0.7899553571428571,162.67375132837407,32.352,88.218,100.954,100.0,24.0,211.741,350.15645749087884
15/9-F-14 H,534.0,77904.0,3532.0,4066.0,0.8686669945892769,145.8876404494382,32.182,88.476,100.033,100.0,24.0,226.778,340.50074209649495
15/9-F-14 H,252.0,36547.0,3273.0,3525.0,0.9285106382978724,145.02777777777777,30.584,88.151,99.616,100.0,24.0,235.655,327.7962053734746
15/9-F-14 H,111.0,17536.0,2921.0,3032.0,0.9633905013192612,157.981981981982,31.387,88.012,99.675,42.95842,24.0,239.29700000000005,317.10468094466574
15/9-F-14 H,624.0,91689.0,4450.0,5074.0,0.8770201024832479,146.9375,32.587,86.768,100.23,100.0,24.0,217.184,380.3021688757013
15/9-F-14 H,339.0,52351.0,3411.0,3750.0,0.9096,154.42772861356931,30.698,84.961,99.612,100.0,24.0,230.429,333.18896282098945
15/9-F-14 H,172.0,26458.0,3204.0,3376.0,0.9490521327014216,153.82558139534885,28.416,87.973,99.432,100.0,24.0,236.555,325.1129497862853
15/9-F-14 H,4223.0,599591.0,3.0,4226.0,0.0007098911500236,141.98224011366327,63.517,75.382,104.979,43.30487,24.0,148.5,288.74609399177416
15/9-F-14 H,714.0,106586.0,3628.0,4342.0,0.8355596499309074,149.28011204481794,32.399,87.719,100.361,97.91667,24.0,216.633,348.04059416419716
15/9-F-14 H,324.0,48374.0,3404.0,3728.0,0.9130901287553648,149.30246913580248,31.027,85.609,99.684,100.0,24.0,230.40000000000003,332.78389557578663
15/9-F-14 H,187.0,28401.0,3163.0,3350.0,0.944179104477612,151.87700534759358,27.388,84.474,99.499,100.0,24.0,235.747,324.0486207181021
15/9-F-14 H,2785.230769230769,389922.4615384616,17.23076923076923,2802.461538461538,0.0061484409310496,139.9964648696421,76.918,79.381,104.366,32.35747,19.5,163.888,237.38692091521835
15/9-F-14 H,2234.0,333181.0,3074.0,5308.0,0.5791258477769404,149.14100268576544,55.538,89.953,106.379,46.98152,24.0,198.726,371.7541370827529
15/9-F-14 H,1708.0,270532.0,4272.0,5980.0,0.7143812709030101,158.39110070257613,40.85,89.127,103.288,63.36222,24.0,204.255,414.75186824305877
15/9-F-14 H,764.0,113007.0,3901.0,4665.0,0.8362272240085745,147.91492146596858,31.866,88.455,100.453,100.0,24.0,216.097,360.55847067560507
15/9-F-14 H,334.0,54398.0,3367.0,3701.0,0.9097541205079708,162.8682634730539,31.143,88.624,99.878,100.0,24.0,229.325,331.5114231462479
15/9-F-14 H,188.0,28214.0,2877.0,3065.0,0.9386623164763458,150.0744680851064,30.3,87.992,99.389,100.0,24.0,236.724,315.90474744828975
15/9-F-14 H,2640.0,375786.0,2659.0,5299.0,0.501792791092659,142.34318181818182,57.836,90.651,106.433,43.97973,24.0,189.3,365.91368327882833
15/9-F-14 H,1773.0,279172.0,4071.0,5844.0,0.696611909650924,157.45741680767065,40.464,90.139,104.453,65.1331,24.0,204.415,406.52071494482925
15/9-F-14 H,1280.0,196899.0,2391.0,3671.0,0.6513211658948516,153.82734375,34.465,85.698,103.644,100.0,24.0,185.942,311.1529678468141
15/9-F-14 H,544.0,80802.0,3615.0,4159.0,0.8691993267612407,148.53308823529412,32.239,87.992,100.006,100.0,24.0,223.432,343.8001529022786
15/9-F-14 H,252.0,36481.0,3187.0,3439.0,0.9267228845594648,144.765873015873,30.533,88.151,99.599,100.0,24.0,234.546,325.1469813593669
15/9-F-14 H,119.0,19607.0,3282.0,3401.0,0.9650102910908556,164.76470588235293,27.66,88.594,99.589,100.0,24.0,238.954,327.08001943349046
15/9-F-14 H,191.0,29603.0,3141.0,3332.0,0.9426770708283312,154.9895287958115,30.372,88.293,99.46,100.0,24.0,236.609,323.3355189585967
15/9-F-14 H,3652.0,498324.0,3.0,3655.0,0.0008207934336525,136.45235487404162,81.08,77.651,105.216,35.72871,24.0,152.245,263.93496721037434
15/9-F-14 H,2764.0,387412.0,1596.0,4360.0,0.3660550458715596,140.16353111432707,63.944,86.455,106.001,40.28701,24.0,179.154,315.3318176242992
15/9-F-14 H,2099.0,322257.0,3678.0,5777.0,0.636662627661416,153.5288232491663,41.498,90.82,105.857,100.0,24.0,201.001,399.47960968082145
15/9-F-14 H,2081.967213114754,300240.98360655736,4242.622950819672,6324.5901639344265,0.6708138932089165,144.21023622047244,39.713,86.766,102.817,46.77321,14.64,202.614,430.6588743040597
15/9-F-14 H,1053.0,167185.0,3157.0,4210.0,0.7498812351543943,158.7701804368471,36.455,87.42,101.535,59.01998,24.0,206.363,336.9976977067194
15/9-F-14 H,606.0,91773.0,3696.0,4302.0,0.8591352859135286,151.44059405940595,31.985,87.038,100.108,99.91192,24.0,220.09,348.2651478079624
15/9-F-14 H,295.0,48161.0,3201.0,3496.0,0.9156178489702516,163.25762711864408,31.789,87.534,99.554,100.0,24.0,229.992,325.76256949532313
15/9-F-14 H,177.0,27261.0,3241.0,3418.0,0.9482153306026916,154.01694915254237,29.12,86.416,99.582,100.0,24.0,238.571,326.2505719237486
15/9-F-14 H,4670.0,664682.0,71.0,4741.0,0.0149757435140265,142.3301927194861,95.816,78.98,105.372,35.18439,24.0,164.38199999999998,307.71753279186936
15/9-F-14 H,2609.0,367110.0,2750.0,5359.0,0.5131554394476582,140.70908394020697,58.303,89.974,106.284,43.33474,24.0,188.4,369.4701195336462
15/9-F-14 H,1856.0,284392.0,3464.0,5320.0,0.6511278195488722,153.22844827586206,38.566,90.861,105.163,100.0,24.0,201.593,377.46008903187357
15/9-F-14 H,1271.0,194160.0,1669.0,2940.0,0.567687074829932,152.76160503540518,42.697,82.915,105.289,36.90536,24.0,177.521,282.87619036448933
15/9-F-14 H,978.0,151361.0,3362.0,4340.0,0.7746543778801843,154.76584867075664,32.318,88.474,101.146,99.13053,24.0,209.499,343.6513598181782
15/9-F-14 H,581.0888252148997,82357.59312320917,2322.063037249284,2903.1518624641835,0.7998420844848007,141.72978303747536,36.675,80.615,99.98,54.80758,20.94,223.395,300.77062228402417
15/9-F-14 H,256.0,41048.0,3157.0,3413.0,0.9249926750659244,160.34375,30.608,87.376,99.474,100.0,24.0,231.486,324.1451207672873
15/9-F-14 H,143.0,22721.0,2985.0,3128.0,0.9542838874680308,158.8881118881119,27.711,86.953,99.549,100.0,24.0,237.84,318.80608652305955
15/9-F-14 H,2723.0,382202.0,1668.0,4391.0,0.3798679116374402,140.3606316562615,54.389,88.158,106.145,44.80523,24.0,182.248,317.8850431984926
15/9-F-14 H,1981.0,301427.0,3468.0,5449.0,0.6364470545054138,152.15901060070672,39.443,89.27,105.532,100.0,24.0,202.435,382.96703153764764
15/9-F-14 H,990.0,160154.0,3315.0,4305.0,0.7700348432055749,161.77171717171717,33.592,88.314,101.355,73.7055,24.0,208.049,341.98894765202624
15/9-F-14 H,648.0,96731.0,3872.0,4520.0,0.856637168141593,149.27623456790124,32.176,87.112,100.039,100.0,24.0,220.295,356.306250287358
15/9-F-14 H,322.0,46760.0,3262.0,3584.0,0.91015625,145.2173913043478,31.378,86.399,99.567,100.0,24.0,231.46000000000004,328.134060223045
15/9-F-14 H,155.0,24856.0,3281.0,3436.0,0.9548894062863796,160.36129032258066,27.807,86.665,99.588,100.0,24.0,238.242,327.277367483209
15/9-F-14 H,1982.0,277388.0,104.0,2086.0,0.049856184084372,139.95358224016147,77.046,74.565,105.052,28.21422,24.0,152.668,227.29695770515193
15/9-F-14 H,1819.0,265260.0,2815.0,4634.0,0.6074665515753129,145.82737768004398,62.842,90.882,106.45,39.27982,24.0,200.872,342.64758470436146
15/9-F-14 H,1873.423980222497,279546.6007416564,3938.195302843016,5811.619283065513,0.6776416539050536,149.21694378463974,41.256,86.267,103.567,64.61095,16.18,201.392,403.6300809485183
15/9-F-14 H,1081.0,170148.0,2717.0,3798.0,0.715376513954713,157.3987049028677,32.505,86.505,102.121,100.0,24.0,197.071,320.02498035747476
15/9-F-14 H,852.0,132900.0,3610.0,4462.0,0.8090542357687136,155.98591549295776,32.54,89.268,87.025,100.0,24.0,178.946,350.68048374914264
15/9-F-14 H,445.0,66275.0,3283.0,3728.0,0.8806330472103004,148.93258426966293,31.348,89.403,99.968,100.0,24.0,229.579,330.1696256943759
15/9-F-14 H,226.0,33361.0,3072.0,3298.0,0.9314736203759856,147.6150442477876,30.52,88.479,99.54,100.0,24.0,236.393,321.5244794385828
15/9-F-14 H,106.0,17541.0,3188.0,3294.0,0.9678202792956891,165.4811320754717,27.563,89.31,100.328,100.0,24.0,238.475,324.3318163991405
15/9-F-14 H,1098.0,172166.0,2670.0,3768.0,0.7085987261146497,156.79963570127504,32.531,84.602,102.422,100.0,24.0,195.279,318.6616933556541
15/9-F-14 H,863.0,146149.0,3502.0,4365.0,0.802290950744559,169.3499420625724,32.098,88.572,100.838,100.0,24.0,211.48,346.5458274303931
15/9-F-14 H,452.0,65434.0,3719.0,4171.0,0.8916327019899305,144.76548672566372,31.532,88.111,100.069,100.0,24.0,228.264,345.88774608990843
15/9-F-14 H,208.0,30190.0,3289.0,3497.0,0.9405204460966544,145.14423076923077,30.408,87.988,99.496,98.83031,24.0,235.182,327.9363443412123
15/9-F-14 H,98.48349687778769,15999.2863514719,2733.987511150758,2832.471008028546,0.965230536659108,162.45652173913044,33.36,86.402,99.971,37.86183,22.42,239.799,312.3857651230254
15/9-F-14 H,2093.249324932493,300466.60666066606,0.0,2093.249324932493,0.0,143.54076367389058,115.184,73.081,105.222,24.15702,11.11,166.45200000000003,220.01865238442
15/9-F-14 H,2302.0815986677767,319417.8184845961,1492.7560366361363,3794.837635303913,0.3933649289099526,138.75173611111111,64.167,80.31,105.975,37.25504,12.01,184.77,296.59521805019034
15/9-F-14 H,1920.0,300193.0,3596.0,5516.0,0.6519216823785352,156.35052083333332,37.911,89.384,104.854,100.0,24.0,205.456,387.4601447358486
15/9-F-14 H,1247.0,192369.0,2124.0,3371.0,0.6300800949273213,154.2654370489174,36.862,84.677,104.304,50.46523,24.0,182.591,300.0137498341468
15/9-F-14 H,591.0,85603.0,3778.0,4369.0,0.8647287708857863,144.84433164128595,32.108,86.379,99.959,100.0,24.0,222.223,351.171140513381
15/9-F-14 H,259.0,39158.0,3463.0,3722.0,0.930413756045137,151.1891891891892,30.864,87.547,99.65,97.91667,24.0,233.977,333.89696792373604
15/9-F-14 H,131.0,21006.0,3241.0,3372.0,0.9611506524317912,160.35114503816794,28.346,88.028,99.629,100.0,24.0,239.175,325.9642130845192
15/9-F-14 H,937.0,153542.0,3589.0,4526.0,0.7929739284136103,163.86552828175027,32.385,87.594,100.941,100.0,24.0,212.055,352.2188497749634
15/9-F-14 H,407.4887023886378,56871.78825048418,3126.662362814719,3534.1510652033567,0.884699693117054,139.56653992395437,33.573,88.182,100.019,63.67934,15.49,227.126,324.63035722712766
15/9-F-14 H,249.0,37110.0,3270.0,3519.0,0.92924126172208,149.03614457831324,30.573,88.192,99.609,100.0,24.0,235.656,327.64776110662996
15/9-F-14 H,110.0,17405.0,2910.0,3020.0,0.9635761589403974,158.22727272727272,31.314,85.767,99.683,43.14234,24.0,239.37000000000003,316.837169194386
15/9-F-14 H,671.0,99145.0,3661.0,4332.0,0.8451061865189289,147.75707898658715,32.28,86.54,100.259,99.98896,24.0,216.938,348.3969575107082
15/9-F-14 H,339.0,52879.0,3619.0,3958.0,0.9143506821627084,155.98525073746313,29.099,86.966,99.641,100.0,24.0,230.02000000000004,340.27451746933343
15/9-F-14 H,167.0,25750.0,3246.0,3413.0,0.9510694403750366,154.19161676646706,28.438,86.901,99.457,100.0,24.0,236.952,326.33636851853373
15/9-F-14 H,4209.0,598520.0,4.0,4213.0,0.0009494422027059,142.200047517225,63.637,78.194,104.982,43.266,24.0,148.26,287.5151063745207
15/9-F-14 H,710.0,105852.0,3629.0,4339.0,0.836367826688177,149.08732394366197,32.384,88.245,100.353,100.0,24.0,216.779,347.9632798079163
15/9-F-14 H,320.0,49995.0,3493.0,3813.0,0.91607658012064,156.234375,31.096,87.603,99.689,100.0,24.0,230.436,335.6272226143863
15/9-F-14 H,184.0,28204.0,3158.0,3342.0,0.9449431478156792,153.2826086956522,27.475,86.244,99.499,100.0,24.0,235.716,323.85331102140424
15/9-F-14 H,2133.60739979445,294423.0215827338,1.2332990750256936,2134.8406988694755,0.0005777007510109,137.99306358381503,96.873,67.99,104.349,26.06243,19.46,156.04699999999997,223.83707513772535
15/9-F-14 H,3821.0,526297.0,6.0,3827.0,0.0015678076822576,137.73802669458257,90.643,76.168,104.611,34.38381,24.0,157.202,269.53259879953487
15/9-F-14 H,776.0,113391.0,3248.0,4024.0,0.8071570576540755,146.12242268041237,32.391,88.115,100.684,100.0,24.0,212.949,334.52026227047634
15/9-F-14 H,331.0,49392.0,3495.0,3826.0,0.9134866701515943,149.22054380664653,31.128,87.68,99.891,100.0,24.0,229.721,335.8854105648662
15/9-F-14 H,192.0,29488.0,3136.0,3328.0,0.9423076923076924,153.58333333333334,30.312,87.583,99.457,100.0,24.0,236.634,323.2137462244097
15/9-F-14 H,3687.0,510228.0,1.0,3688.0,0.0002711496746203,138.38567941415786,80.741,75.808,105.215,35.81267,24.0,152.495,265.54929908278814
15/9-F-14 H,2821.0,393679.0,1666.0,4487.0,0.3712948517940718,139.55299539170508,62.969,86.944,106.012,41.02847,24.0,179.306,320.8917105876495
15/9-F-14 H,1890.1333333333328,288359.4666666667,3654.4,5544.533333333334,0.6590996537129665,152.56038374717832,44.728,89.194,105.8,77.97548,22.5,201.69,388.80613109621646
15/9-F-14 H,1051.0,166834.0,3186.0,4237.0,0.7519471324050035,158.7383444338725,36.516,88.001,101.533,58.96472,24.0,206.516,338.112590513942
15/9-F-14 H,549.3333333333334,83708.44444444444,3342.222222222222,3891.555555555556,0.858839652809502,152.3818770226537,34.951,83.039,100.026,54.54079,13.5,223.345,333.96142421079156
15/9-F-14 H,303.0,49353.0,3220.0,3523.0,0.9139937553221686,162.88118811881188,31.755,86.469,99.568,100.0,24.0,229.981,326.45741262601985
15/9-F-14 H,3724.0,531370.0,86.0,3810.0,0.0225721784776902,142.68796992481202,99.625,78.878,105.322,32.37276,24.0,163.82299999999998,268.8805481594596
15/9-F-14 H,2579.0,362762.0,2725.0,5304.0,0.513763197586727,140.65994571539358,58.797,89.972,106.291,42.84323,24.0,188.588,366.8009315828101
15/9-F-14 H,1852.0,286526.0,3569.0,5421.0,0.6583656152001476,154.71166306695466,38.694,89.409,105.136,97.32861,24.0,200.276,382.9955052357275
15/9-F-14 H,1222.6415094339625,186330.33381712623,1747.4600870827285,2970.1015965166907,0.58835027365129,152.39981006647673,45.706,79.959,105.12,29.47946,20.67,180.841,285.46157895667585
15/9-F-14 H,980.0,154021.0,3390.0,4370.0,0.7757437070938215,157.1642857142857,32.247,88.038,101.14,97.19594,24.0,209.721,344.9043194776129
15/9-F-14 H,563.0,81685.0,3778.0,4341.0,0.8703063810181986,145.08880994671404,32.158,85.691,99.993,100.0,24.0,220.199,350.5519885222111
15/9-F-14 H,294.0,47989.0,3179.0,3473.0,0.9153469622804492,163.2278911564626,30.563,87.658,99.472,100.0,24.0,231.231,325.0697558289759
15/9-F-14 H,144.0,22950.0,3004.0,3148.0,0.9542566709021602,159.375,27.884,87.573,99.543,100.0,24.0,237.842,319.31640491381495
15/9-F-14 H,2419.9737187910646,355060.1839684626,1691.4586070959265,4111.432325886991,0.4114037330605983,146.72067767158993,57.999,85.779,106.11,39.72879,22.83,182.822,309.15483868802767
15/9-F-14 H,1977.0,301169.0,3647.0,5624.0,0.6484708392603129,152.33636823469905,39.506,90.328,105.52,100.0,24.0,202.377,392.2843575819857
15/9-F-14 H,992.0,160039.0,3299.0,4291.0,0.7688184572360756,161.3296370967742,33.638,88.421,101.333,75.32041,24.0,208.164,341.365626038401
15/9-F-14 H,632.0,94760.0,3816.0,4448.0,0.8579136690647482,149.9367088607595,32.147,88.08,100.014,100.0,24.0,219.983,353.59909165967713
15/9-F-14 H,252.0,36650.66666666666,3046.6666666666665,3298.6666666666665,0.923605497170574,145.43915343915344,34.428,82.559,99.511,56.21967,18.0,233.034,321.0045300506452
15/9-F-14 H,156.0,24954.0,3283.0,3439.0,0.9546379761558592,159.96153846153845,27.868,85.849,99.589,100.0,24.0,238.45800000000003,327.35370445962
15/9-F-14 H,1984.0,277770.0,100.0,2084.0,0.0479846449136276,140.00504032258064,77.058,74.172,105.052,28.2579,24.0,152.72699999999998,227.20892489325192
15/9-F-14 H,1805.0,263330.0,2834.0,4639.0,0.6109075231730976,145.88919667590028,62.756,91.04,106.446,39.46754,24.0,200.868,343.08085014328884
15/9-F-14 H,288.60759493670884,100420.25316455695,2491.139240506329,2779.746835443037,0.8961748633879782,347.94736842105266,71.343,31.463,102.023,10.2283,1.58,211.841,303.3115180555181
15/9-F-14 H,1057.0,166572.0,2674.0,3731.0,0.7166979362101313,157.58940397350997,32.535,86.63,102.116,100.0,24.0,197.174,317.85893646404145
15/9-F-14 H,858.0,135787.0,3659.0,4517.0,0.8100509187513837,158.25990675990676,32.681,89.121,100.709,100.0,24.0,212.7,352.90891498473
15/9-F-14 H,444.0,66216.0,3281.0,3725.0,0.8808053691275167,149.13513513513513,31.368,89.261,99.972,100.0,24.0,229.551,330.09028709771934
15/9-F-14 H,225.0,32997.0,2959.0,3184.0,0.9293341708542714,146.65333333333334,30.495,88.083,99.537,100.0,24.0,236.407,318.2697642133669
15/9-F-14 H,107.98411998235552,17659.638288486985,2462.461402734892,2570.445522717247,0.957990115321252,163.5392156862745,29.732,87.864,100.295,82.19069,22.67,239.081,305.8420241715382
15/9-F-14 H,3444.0,467108.0,19.0,3463.0,0.0054865723361247,135.6295005807201,67.233,81.451,105.305,39.51199,24.0,155.073,258.19912225323463
15/9-F-14 H,2678.0,382530.0,2962.0,5640.0,0.525177304964539,142.8416728902166,47.697,93.028,106.755,65.90307,24.0,201.826,384.64579313553526
15/9-F-14 H,1614.0,252281.0,4258.0,5872.0,0.7251362397820164,156.3079306071871,38.78,90.783,103.776,69.65349,24.0,207.963,409.381041728698
15/9-F-14 H,1097.0,172668.0,2679.0,3776.0,0.7094809322033898,157.40018231540566,32.622,86.133,102.415,100.0,24.0,195.342,318.873496750185
15/9-F-14 H,883.0,151052.0,3713.0,4596.0,0.8078764142732812,171.06681766704418,32.211,88.751,100.826,100.0,24.0,212.154,356.0023058184457
15/9-F-14 H,510.0,74629.0,3746.0,4256.0,0.8801691729323309,146.33137254901962,31.5,88.996,100.069,100.0,24.0,228.42,348.0525204507514
15/9-F-14 H,209.0,30361.0,3241.0,3450.0,0.9394202898550724,145.2679425837321,30.389,88.255,99.49,100.0,24.0,235.31,326.4800810779443
15/9-F-14 H,102.0,16629.0,3106.0,3208.0,0.9682044887780548,163.02941176470588,29.316,88.856,100.028,53.93733,24.0,238.708,322.0523787288563
15/9-F-14 H,939.0,153411.0,3575.0,4514.0,0.7919805050952592,163.37699680511182,32.365,88.11,100.937,100.0,24.0,212.132,351.644548595892
15/9-F-14 H,250.0,36304.0,3278.0,3528.0,0.9291383219954648,145.216,30.512,87.476,99.607,100.0,24.0,235.694,327.94571583576106
15/9-F-14 H,109.0,17226.0,2931.0,3040.0,0.9641447368421052,158.03669724770643,31.26,86.209,99.692,43.09314,24.0,239.368,317.3867548686239
15/9-F-14 H,662.0,98048.0,3630.0,4292.0,0.8457595526561044,148.10876132930514,32.33,88.466,100.286,99.99798,24.0,216.91700000000003,346.8851416749358
15/9-F-14 H,336.0,52868.0,3664.0,4000.0,0.916,157.3452380952381,28.666,87.226,99.641,100.0,24.0,230.028,341.799878083385
15/9-F-14 H,155.0,23795.0,3224.0,3379.0,0.9541284403669724,153.51612903225808,28.512,86.327,99.475,100.0,24.0,237.205,325.633931947007
15/9-F-14 H,4202.0,596698.0,5.0,4207.0,0.001188495364868,142.00333174678724,63.636,78.623,104.981,43.29566,24.0,148.18200000000002,287.1594390291717
15/9-F-14 H,702.0,105031.0,3519.0,4221.0,0.8336886993603412,149.61680911680912,32.39,88.705,100.347,100.0,24.0,216.93400000000003,343.4084065578611
15/9-F-14 H,327.0,50615.0,3486.0,3813.0,0.9142407553107788,154.78593272171253,31.077,87.579,99.684,100.0,24.0,230.28500000000005,335.4941988849735
15/9-F-14 H,193.0,29099.0,3108.0,3301.0,0.941532868827628,150.7720207253886,27.659,88.62,99.502,100.0,24.0,235.68,322.4199115331906
15/9-F-14 H,2273.0,194403.0,1.0,2274.0,0.0004397537379067,85.52705675318961,97.331,72.459,104.614,27.52529,24.0,155.039,229.09760473969382
15/9-F-15 D,196.0,29146.0,0.0,196.0,0.0,148.70408163265307,41.397,34.336,106.587,11.56674,24.0,158.53900000000002,237.33213409421577
15/9-F-15 D,217.0,32954.0,117.0,334.0,0.3502994011976048,151.86175115207374,36.964,45.162,106.385,10.31266,24.0,182.63,230.62659961586644
15/9-F-15 D,243.20589590050668,39617.134960847536,0.0,243.20589590050668,0.0,162.89545454545456,46.522,29.688,106.416,11.1343,21.71,156.61100000000002,237.56486852395193
15/9-F-15 D,261.0,39366.0,0.0,261.0,0.0,150.82758620689654,44.087,33.984,106.469,2.53575,24.0,156.33100000000002,231.24647875572379
15/9-F-15 D,150.0,22335.0,11.0,161.0,0.0683229813664596,148.9,33.442,26.736,106.406,10.51706,24.0,166.82899999999998,242.76077072625242
15/9-F-15 D,254.0,14023.0,0.0,254.0,0.0,55.20866141732284,43.449,29.027,106.634,12.31691,24.0,156.38299999999998,238.203801732728
15/9-F-15 D,264.0,39734.0,0.0,264.0,0.0,150.50757575757575,44.031,33.003,106.479,2.59219,24.0,156.049,230.2447772902279
15/9-F-15 D,150.0,22245.0,11.0,161.0,0.0683229813664596,148.3,33.626,26.319,106.411,10.51751,24.0,166.41299999999998,242.81905820359444
15/9-F-15 D,232.0,33101.0,0.0,232.0,0.0,142.67672413793105,43.438,31.449,106.623,12.28563,24.0,156.75599999999997,237.69659021147172
15/9-F-15 D,254.0,36765.0,0.0,254.0,0.0,144.74409448818898,42.495,35.817,106.639,11.88757,24.0,157.44899999999998,234.85329087155455
15/9-F-15 D,264.0,39652.0,0.0,264.0,0.0,150.1969696969697,44.139,31.878,106.481,2.61279,24.0,155.797,230.49503190115652
15/9-F-15 D,151.0,22343.0,12.0,163.0,0.0736196319018405,147.96688741721854,33.321,25.297,106.401,10.59976,24.0,166.728,243.2758618700758
15/9-F-15 D,244.0,36206.0,137.0,381.0,0.3595800524934383,148.38524590163934,41.151,37.938,106.403,9.61219,24.0,177.84,249.5076589309046
15/9-F-15 D,247.0,37572.0,0.0,247.0,0.0,152.11336032388664,45.442,29.978,106.64,12.31462,24.0,154.875,237.5557883394612
15/9-F-15 D,240.0,35256.0,0.0,240.0,0.0,146.9,42.742,35.239,106.636,11.92122,24.0,157.382,237.0362980855098
15/9-F-15 D,84.0,13596.0,180.0,264.0,0.6818181818181818,161.85714285714286,17.776,39.434,106.3,21.52785,24.0,204.458,268.8531252223582
15/9-F-15 D,255.0,38323.0,0.0,255.0,0.0,150.28627450980392,44.19,33.039,106.482,2.46329,24.0,155.635,233.99869919883702
15/9-F-15 D,149.0,22379.0,11.0,160.0,0.06875,150.19463087248323,33.426,24.088,106.409,10.64607,24.0,166.305,243.28438723277918
15/9-F-15 D,223.0,32286.0,0.0,223.0,0.0,144.78026905829597,43.268,31.681,106.611,11.9658,24.0,157.374,237.65999071959416
15/9-F-15 D,242.0,35835.0,137.0,379.0,0.3614775725593667,148.0785123966942,39.406,41.344,106.387,9.62138,24.0,181.125,249.32403982130285
15/9-F-15 D,247.0,37549.0,0.0,247.0,0.0,152.02024291497975,45.372,30.646,106.646,12.0671,24.0,155.007,237.4448446354272
15/9-F-15 D,237.0,34938.0,0.0,237.0,0.0,147.41772151898735,42.677,34.764,106.644,11.93982,24.0,157.125,237.13605018825206
15/9-F-15 D,257.0,38847.0,0.0,257.0,0.0,151.1556420233463,44.245,31.419,106.487,2.54135,24.0,155.372,233.35447763242777
15/9-F-15 D,149.0,22183.0,11.0,160.0,0.06875,148.8791946308725,33.446,23.335,106.389,10.52283,24.0,166.61,243.42525360022097
15/9-F-15 D,236.0,35357.0,136.0,372.0,0.3655913978494624,149.8177966101695,38.864,40.621,106.381,9.61071,24.0,181.933,249.65965742281307
15/9-F-15 D,248.0,37601.0,0.0,248.0,0.0,151.61693548387098,45.235,32.038,106.655,12.33761,24.0,154.98200000000003,236.81963949702524
15/9-F-15 D,173.0,27035.0,192.0,365.0,0.5260273972602739,156.27167630057804,24.447,44.961,106.492,12.57159,24.0,181.452,258.4544903877742
15/9-F-15 D,233.0,34486.0,0.0,233.0,0.0,148.00858369098714,41.078,34.944,106.675,11.86365,24.0,156.69,237.2979948161515
15/9-F-15 D,237.0,34921.0,0.0,237.0,0.0,147.34599156118142,42.725,34.854,106.648,11.91779,24.0,156.928,237.1117548660656
15/9-F-15 D,244.0,36156.0,136.0,380.0,0.3578947368421052,148.18032786885246,38.961,41.557,106.385,9.60468,24.0,182.004,249.1262680369488
15/9-F-15 D,248.0,37886.0,0.0,248.0,0.0,152.76612903225808,45.129,29.322,106.485,12.36388,24.0,154.372,237.21379127513615
15/9-F-15 D,171.0,26867.0,192.0,363.0,0.5289256198347108,157.1169590643275,24.462,40.728,106.497,12.56763,24.0,180.914,259.012798130783
15/9-F-15 D,351.0,52395.0,0.0,351.0,0.0,149.27350427350427,55.871,16.9,104.899,8.66059,24.0,185.9,210.15422443608
15/9-F-15 D,213.0,30289.0,7.0,220.0,0.0318181818181818,142.2018779342723,39.898,26.989,106.873,11.04145,24.0,159.972,240.4272410108369
15/9-F-15 D,232.0,34442.0,0.0,232.0,0.0,148.45689655172413,41.0,34.879,106.672,11.87307,24.0,156.545,237.31968055643853
15/9-F-15 D,126.0,18668.0,13.0,139.0,0.0935251798561151,148.15873015873015,30.12,32.838,106.177,10.34544,24.0,171.924,243.04264106798544
15/9-F-15 D,233.0,34121.0,0.0,233.0,0.0,146.4420600858369,42.653,34.698,106.653,11.65419,24.0,156.79500000000002,237.14658202405977
15/9-F-15 D,189.0,29561.0,10.0,199.0,0.050251256281407,156.40740740740742,39.83,25.018,106.62,11.12695,24.0,159.81799999999998,241.59220425882356
15/9-F-15 D,246.0,36338.0,135.0,381.0,0.3543307086614173,147.71544715447155,38.732,42.26,106.383,9.59874,24.0,182.028,248.86986518139244
15/9-F-15 D,250.0,37850.0,0.0,250.0,0.0,151.4,45.073,30.431,106.657,12.33129,24.0,155.15099999999998,236.3484983764116
15/9-F-15 D,244.0,36234.0,136.0,380.0,0.3578947368421052,148.5,38.685,44.665,106.385,9.59334,24.0,181.85,248.73240400934372
15/9-F-15 D,247.0,37625.0,0.0,247.0,0.0,152.32793522267207,44.992,32.473,106.658,12.31378,24.0,155.16400000000002,237.08659542266673
15/9-F-15 D,168.0,26382.0,189.0,357.0,0.5294117647058824,157.03571428571428,24.005,44.892,106.492,13.04115,24.0,181.552,244.10716287485357
15/9-F-15 D,254.0,37137.0,127.0,381.0,0.3333333333333333,146.20866141732284,38.615,44.392,106.386,9.6134,24.0,181.666,247.51253644695652
15/9-F-15 D,251.0,38037.0,0.0,251.0,0.0,151.5418326693227,44.696,32.464,106.673,12.45178,24.0,154.821,235.55188421074635
15/9-F-15 D,205.0,31180.0,199.0,404.0,0.4925742574257425,152.09756097560975,31.879,41.383,106.456,18.59179,24.0,186.921,256.5831333913274
15/9-F-15 D,301.0,45779.0,0.0,301.0,0.0,152.08970099667775,45.638,28.964,106.299,3.51411,24.0,157.456,215.68377648308038
15/9-F-15 D,162.0,25520.0,193.0,355.0,0.543661971830986,157.53086419753086,23.663,41.096,106.502,14.03378,24.0,180.752,245.5060848271096
15/9-F-15 D,498.0,72928.0,0.0,498.0,0.0,146.4417670682731,46.565,20.959,106.392,9.73094,24.0,156.51,232.20445431036998
15/9-F-15 D,211.0,30805.0,6.0,217.0,0.0276497695852534,145.9952606635071,39.602,26.62,106.875,11.13449,24.0,159.857,240.35161570263074
15/9-F-15 D,196.0,29434.0,0.0,196.0,0.0,150.1734693877551,42.055,31.375,106.718,11.21568,24.0,158.332,237.84514120592652
15/9-F-15 D,244.0,36745.0,0.0,244.0,0.0,150.59426229508196,45.867,29.156,106.537,12.54523,24.0,155.299,237.85294525411265
15/9-F-15 D,139.0,20328.0,11.0,150.0,0.0733333333333333,146.24460431654677,34.433,26.863,106.484,9.70532,24.0,166.782,242.82637364623162
15/9-F-15 D,195.0,28965.0,0.0,195.0,0.0,148.53846153846155,41.289,33.861,106.573,11.51063,24.0,159.039,237.440659181387
15/9-F-15 D,338.0,50474.0,0.0,338.0,0.0,149.33136094674558,45.469,27.256,106.334,3.74227,24.0,155.39,209.15621312884085
15/9-F-15 D,212.0,32136.0,113.0,325.0,0.3476923076923077,151.58490566037736,36.859,44.533,106.375,10.20494,24.0,183.017,230.5262619956234
15/9-F-15 D,281.0,42584.0,0.0,281.0,0.0,151.5444839857651,44.505,26.181,106.456,3.25506,24.0,155.26,224.3939787693709
15/9-F-15 D,470.0,67199.0,0.0,470.0,0.0,142.97659574468085,46.87,21.194,106.317,9.40124,24.0,157.111,232.50057213996385
15/9-F-15 D,216.0322436184505,31644.96193461711,7.523510971786834,223.55575459023737,0.0336538461538461,146.4825870646766,39.206,24.317,106.616,9.93216,22.33,162.735,241.1212869374418
15/9-F-15 D,204.0,30523.0,111.0,315.0,0.3523809523809524,149.62254901960785,34.077,43.964,106.356,10.37338,24.0,185.173,231.3024190924861
15/9-F-15 D,201.0,30075.0,0.0,201.0,0.0,149.62686567164178,41.54,34.584,106.732,11.22596,24.0,158.035,237.26995660660248
15/9-F-15 D,236.0,35462.0,118.0,354.0,0.3333333333333333,150.26271186440678,38.315,45.676,106.385,9.62007,24.0,181.673,229.53086202209812
15/9-F-15 D,249.0,38571.0,0.0,249.0,0.0,154.90361445783134,44.668,34.596,106.659,12.40383,24.0,155.119,235.5016633517558
15/9-F-15 D,142.0,20927.0,11.0,153.0,0.0718954248366013,147.3732394366197,32.909,30.897,106.448,9.89064,24.0,166.89100000000002,242.17405701333072
15/9-F-15 D,479.0,68123.0,0.0,479.0,0.0,142.21920668058456,45.855,22.555,106.335,9.58125,24.0,155.71300000000002,232.36127644961186
15/9-F-15 D,495.0,69287.0,0.0,495.0,0.0,139.97373737373738,44.999,22.471,106.343,9.5359,24.0,154.667,232.5447836435754
15/9-F-15 D,430.0,60810.0,0.0,430.0,0.0,141.41860465116278,45.135,23.344,106.297,9.4146,24.0,155.05700000000002,232.64919081053972
15/9-F-15 D,211.0,31290.0,7.0,218.0,0.0321100917431192,148.29383886255926,37.682,26.251,106.658,10.47049,24.0,162.224,240.8588564740049
15/9-F-15 D,225.0,32673.0,0.0,225.0,0.0,145.21333333333334,40.741,31.889,106.625,12.55323,24.0,154.488,237.94724125118586
15/9-F-15 D,181.0,28304.0,10.0,191.0,0.0523560209424083,156.3756906077348,39.605,31.559,106.214,10.99036,24.0,160.216,240.44730822292703
15/9-F-15 D,234.0274250888776,33554.900964956825,0.0,234.0274250888776,0.0,143.38020833333331,46.293,24.878,106.29,10.22691,19.69,158.70499999999998,238.63119487859973
15/9-F-15 D,147.0,21213.0,11.0,158.0,0.0696202531645569,144.30612244897958,32.974,30.587,106.455,9.75725,24.0,166.92100000000002,242.1315261465973
15/9-F-15 D,278.0,42002.0,0.0,278.0,0.0,151.0863309352518,45.142,29.163,106.445,2.91297,24.0,155.458,225.029804533141
15/9-F-15 D,409.0,58875.0,0.0,409.0,0.0,143.94865525672373,45.205,22.776,106.268,9.40036,24.0,155.433,232.744872958137
15/9-F-15 D,208.0,30671.0,7.0,215.0,0.0325581395348837,147.45673076923077,37.302,28.608,106.639,10.25425,24.0,162.48600000000002,240.4575430123495
15/9-F-15 D,225.0,32638.0,0.0,225.0,0.0,145.05777777777777,40.52,35.728,106.625,12.47143,24.0,154.54999999999998,237.19830653046094
15/9-F-15 D,188.0,28633.0,6.0,194.0,0.0309278350515463,152.3031914893617,39.486,32.332,106.556,10.95605,24.0,161.104,239.35952976875524
15/9-F-15 D,198.0,29987.0,0.0,198.0,0.0,151.44949494949495,41.266,35.141,106.679,11.47285,24.0,158.864,237.18876344709616
15/9-F-15 D,247.0,35254.0,0.0,247.0,0.0,142.72874493927125,44.901,28.527,106.622,12.13349,24.0,154.84799999999998,238.11072432959412
15/9-F-15 D,147.0,21265.0,11.0,158.0,0.0696202531645569,144.65986394557822,32.68,29.755,106.435,9.93357,24.0,167.712,242.32380070029157
15/9-F-15 D,269.0,40627.0,0.0,269.0,0.0,151.0297397769517,44.958,27.429,105.768,2.87914,24.0,154.268,229.08032418975048
15/9-F-15 D,444.0,65515.0,0.0,444.0,0.0,147.5563063063063,45.248,26.75,106.248,9.35825,24.0,155.745,231.48998368790996
15/9-F-15 D,204.0,30364.0,7.0,211.0,0.0331753554502369,148.84313725490196,37.25,27.714,106.584,10.13752,24.0,163.501,240.661536399981
15/9-F-15 D,244.0,34931.0,0.0,244.0,0.0,143.15983606557376,44.835,26.827,106.624,12.11424,24.0,155.50199999999998,238.4546385603994
15/9-F-15 D,146.0,21153.0,11.0,157.0,0.0700636942675159,144.8835616438356,32.865,29.802,106.473,9.89835,24.0,166.678,242.3121405197557
15/9-F-15 D,361.0,51614.0,0.0,361.0,0.0,142.97506925207756,45.022,24.84,106.257,9.37573,24.0,155.467,232.82280162964537
15/9-F-15 D,191.0,30391.0,308.0,499.0,0.6172344689378757,159.1151832460733,33.482,38.985,106.322,11.38109,24.0,189.765,262.998366476987
15/9-F-15 D,243.0,35038.0,0.0,243.0,0.0,144.18930041152262,44.621,30.427,106.626,12.06348,24.0,155.91299999999998,237.76222720146467
15/9-F-15 D,148.0,21312.0,11.0,159.0,0.0691823899371069,144.0,32.704,29.13,106.457,9.97682,24.0,167.226,242.4225639855427
15/9-F-15 D,190.0,29763.0,190.0,380.0,0.5,156.64736842105262,29.454,38.787,106.456,19.92366,24.0,184.509,257.3635874138054
15/9-F-15 D,260.0,39351.0,0.0,260.0,0.0,151.35,44.835,28.186,106.442,2.80906,24.0,155.34,232.63798842022362
15/9-F-15 D,179.28692699490662,26294.05772495756,8.149405772495756,187.4363327674024,0.0434782608695652,146.6590909090909,42.346,29.618,106.13,8.3609,11.78,160.866,240.08417774972915
15/9-F-15 D,246.0,35262.0,0.0,246.0,0.0,143.34146341463415,44.3,34.595,106.641,12.19977,24.0,155.926,236.97341404664283
15/9-F-15 D,148.0,21330.0,11.0,159.0,0.0691823899371069,144.1216216216216,32.671,26.804,106.467,10.06769,24.0,166.994,242.87061244442032
15/9-F-15 D,202.0,31812.0,216.0,418.0,0.5167464114832536,157.4851485148515,27.05,41.794,106.388,23.09964,24.0,192.683,257.88206341254454
15/9-F-15 D,193.0,29706.0,192.0,385.0,0.4987012987012987,153.91709844559583,28.907,37.341,106.477,20.63686,24.0,182.856,257.52313559465836
15/9-F-15 D,251.0,37808.0,0.0,251.0,0.0,150.62948207171314,44.912,30.972,106.428,2.67103,24.0,155.628,235.94877487361254
15/9-F-15 D,179.0,26348.0,9.0,188.0,0.0478723404255319,147.19553072625698,35.494,25.394,106.557,11.07219,24.0,164.692,241.93256406521093
15/9-F-15 D,196.0,30679.0,210.0,406.0,0.5172413793103449,156.52551020408163,29.23,40.817,106.47,12.34673,24.0,187.887,257.96864153782377
15/9-F-15 D,231.0,33994.0,0.0,231.0,0.0,147.16017316017317,41.987,32.65,106.05,11.77514,24.0,157.255,237.64219793783818
15/9-F-15 D,206.0,31382.0,121.0,327.0,0.3700305810397553,152.3398058252427,37.536,42.584,106.34,10.27089,24.0,184.674,232.2771067117304
15/9-F-15 D,238.0,34402.0,0.0,238.0,0.0,144.54621848739495,44.147,32.992,106.648,12.34652,24.0,155.869,237.3032873635118
15/9-F-15 D,148.0,21170.0,10.0,158.0,0.0632911392405063,143.04054054054055,32.678,27.052,106.464,9.98959,24.0,167.077,242.56974511120933
15/9-F-15 D,142.0,22402.0,161.0,303.0,0.5313531353135313,157.7605633802817,26.937,39.061,106.353,23.08995,24.0,194.15,248.06403440488043
15/9-F-15 D,191.0,29602.0,191.0,382.0,0.5,154.98429319371726,28.306,36.686,106.482,22.27389,24.0,182.27,257.6764760785262
15/9-F-15 D,180.0,28866.0,238.0,418.0,0.569377990430622,160.36666666666667,22.563,44.758,106.578,15.27975,24.0,180.443,260.551324334126
15/9-F-15 D,176.0,26064.0,9.0,185.0,0.0486486486486486,148.0909090909091,36.048,26.743,106.535,10.77588,24.0,163.905,241.63443662956655
15/9-F-15 D,220.0,32987.0,0.0,220.0,0.0,149.9409090909091,43.161,33.804,106.597,11.34758,24.0,157.052,237.24371086833236
15/9-F-15 D,234.0,34476.0,0.0,234.0,0.0,147.33333333333334,41.954,35.124,106.534,11.85823,24.0,157.88,237.15157289066485
15/9-F-15 D,206.0,31402.0,115.0,321.0,0.3582554517133956,152.4368932038835,37.023,40.09,106.327,10.04348,24.0,185.768,231.71444790936127
15/9-F-15 D,245.0,36868.0,0.0,245.0,0.0,150.4816326530612,45.777,27.134,106.55,12.5404,24.0,155.05,238.26940448438492
15/9-F-15 D,141.0,20175.0,11.0,152.0,0.0723684210526315,143.08510638297872,34.104,28.404,106.505,9.93189,24.0,166.372,242.53213764004553
15/9-F-15 D,194.0,29124.0,0.0,194.0,0.0,150.1237113402062,41.342,33.506,106.569,11.51049,24.0,159.122,237.5045714405237
15/9-F-15 D,336.0,49831.0,0.0,336.0,0.0,148.30654761904762,45.199,27.99,106.361,3.70024,24.0,154.92899999999997,209.21413572120812
15/9-F-15 D,168.8212927756654,24942.96577946768,15.209125475285171,184.03041825095056,0.0826446280991735,147.74774774774775,35.199,27.678,106.46,17.52617,15.78,165.096,243.02067380596407
15/9-F-15 D,188.0,29521.0,203.0,391.0,0.5191815856777494,157.02659574468086,27.584,41.746,106.473,12.92334,24.0,183.878,258.1138473711306
15/9-F-15 D,226.0,33786.0,0.0,226.0,0.0,149.49557522123894,42.004,33.452,106.631,11.68182,24.0,157.91,237.47162309325716
15/9-F-15 D,134.0,19700.0,10.0,144.0,0.0694444444444444,147.01492537313433,31.072,30.676,106.264,9.90507,24.0,169.628,242.307241866225
15/9-F-15 D,240.0,35153.0,0.0,240.0,0.0,146.47083333333333,42.833,28.159,106.536,11.8355,24.0,157.76,238.44853679907405
15/9-F-15 D,123.0,18331.0,10.0,133.0,0.075187969924812,149.03252032520325,31.413,28.574,106.295,9.848,24.0,169.14999999999998,242.90900065818093
15/9-F-15 D,210.0,31949.0,116.0,326.0,0.3558282208588957,152.13809523809525,36.746,44.888,106.38,10.18357,24.0,182.848,231.01505935949427
15/9-F-15 D,243.2,39684.26666666667,0.0,243.2,0.0,163.17543859649126,54.102,30.592,106.502,11.34421,22.5,161.80599999999998,236.31709754242036
15/9-F-15 D,231.0,33311.0,0.0,231.0,0.0,144.2034632034632,44.109,32.545,106.65,12.30914,24.0,155.86499999999998,237.38788105904612
15/9-F-15 D,192.0,29549.0,190.0,382.0,0.4973821989528796,153.90104166666666,27.868,37.931,106.482,23.20447,24.0,182.098,257.4638194428814
15/9-F-15 D,213.0,32409.0,113.0,326.0,0.3466257668711656,152.1549295774648,37.331,44.24,106.373,10.03144,24.0,183.488,230.38970869229487
15/9-F-15 D,191.0,29471.0,190.0,381.0,0.4986876640419947,154.2984293193717,27.289,40.334,106.494,25.6676,24.0,181.167,257.3076828374336
15/9-F-15 D,142.19269102990037,22644.51827242525,11.960132890365449,154.1528239202658,0.0775862068965517,159.25233644859813,39.737,23.871,106.001,10.86459,18.06,166.905,242.94917215785247
15/9-F-15 D,162.0,24385.0,11.0,173.0,0.0635838150289017,150.52469135802468,33.678,29.387,105.842,10.41479,24.0,164.845,242.03483155472318
15/9-F-15 D,209.0,31651.0,115.0,324.0,0.3549382716049383,151.44019138755982,36.689,45.647,106.361,9.78538,24.0,183.697,230.94305137093193
15/9-F-15 D,212.0,33910.0,0.0,212.0,0.0,159.95283018867926,48.454,33.97,106.931,12.3785,24.0,155.09699999999998,236.50727696415234
15/9-F-15 D,275.0,42733.0,154.0,429.0,0.358974358974359,155.39272727272729,47.431,45.314,106.346,8.95169,24.0,179.79000000000002,247.5483240927819
15/9-F-15 D,245.0,37207.0,0.0,245.0,0.0,151.86530612244897,45.567,27.318,106.569,12.2792,24.0,154.874,238.26120738613187
15/9-F-15 D,221.0,32335.0,7.0,228.0,0.0307017543859649,146.31221719457014,56.522,30.995,106.701,10.03805,24.0,174.47400000000002,237.43907313435014
15/9-F-15 D,226.0,33589.0,0.0,226.0,0.0,148.6238938053097,42.097,31.357,106.632,11.74758,24.0,157.88299999999998,237.88181454907536
15/9-F-15 D,144.0,23090.0,203.0,347.0,0.5850144092219021,160.34722222222223,15.608,49.841,106.507,31.52346,24.0,179.599,247.8885485724283
15/9-F-15 D,256.0,37567.0,0.0,256.0,0.0,146.74609375,42.355,33.212,106.572,12.01604,24.0,158.447,234.2682254808432
15/9-F-15 D,233.0,35215.0,0.0,233.0,0.0,151.137339055794,44.731,30.497,106.456,2.36888,24.0,155.421,237.72016023779017
15/9-F-15 D,159.0,24050.0,12.0,171.0,0.0701754385964912,151.25786163522014,33.608,27.456,106.439,10.87281,24.0,166.503,242.6942407267829
15/9-F-15 D,281.0,42557.0,148.0,429.0,0.3449883449883449,151.44839857651246,45.439,44.948,106.426,9.75361,24.0,174.845,247.10804726355173
15/9-F-15 D,244.5182724252492,37743.52159468439,0.0,244.5182724252492,0.0,154.3586956521739,45.486,29.421,106.579,10.64829,18.06,154.899,237.85228281845366
15/9-F-15 D,231.0,34644.0,0.0,231.0,0.0,149.97402597402598,44.531,29.603,106.45,2.33872,24.0,155.87099999999998,237.92245501275835
15/9-F-15 D,206.0,31515.0,116.0,322.0,0.3602484472049689,152.98543689320388,34.002,34.062,106.37,9.98944,24.0,185.932,232.68058474369226
15/9-F-15 D,272.0,40835.0,135.0,407.0,0.3316953316953317,150.12867647058823,44.884,44.771,106.402,9.7425,24.0,175.60399999999998,246.5959262837079
15/9-F-15 D,263.5691657866948,41273.91763463569,0.0,263.5691657866948,0.0,156.59615384615387,47.279,26.436,106.089,10.02346,18.94,159.692,230.47419040513046
15/9-F-15 D,138.0,20115.0,10.0,148.0,0.0675675675675675,145.7608695652174,33.766,28.871,106.16,9.92347,24.0,165.489,242.27096026379485
15/9-F-15 D,150.0,22698.0,11.0,161.0,0.0683229813664596,151.32,33.62,24.804,106.429,10.55783,24.0,166.552,243.10859123147108
15/9-F-15 D,207.0,31395.0,115.0,322.0,0.3571428571428571,151.66666666666666,34.244,32.393,106.368,9.98299,24.0,185.657,232.82437286967465
15/9-F-15 D,270.0,40413.0,141.0,411.0,0.3430656934306569,149.67777777777778,44.386,46.138,106.404,9.67968,24.0,175.636,247.08355428268314
15/9-F-15 D,241.0,36927.0,0.0,241.0,0.0,153.2240663900415,45.161,29.903,106.542,12.62097,24.0,154.748,237.79386490847864
15/9-F-15 D,137.0,19845.0,10.0,147.0,0.0680272108843537,144.85401459854015,34.089,28.501,106.478,9.68782,24.0,166.489,242.32341939189686
15/9-F-15 D,229.0,34326.0,0.0,229.0,0.0,149.8951965065502,44.256,28.85,106.469,2.40297,24.0,155.96,238.10672454674832
15/9-F-15 D,150.0,22685.0,11.0,161.0,0.0683229813664596,151.23333333333332,33.549,28.062,106.43,10.36002,24.0,166.442,242.49559184352782
15/9-F-15 D,262.0,36555.0,0.0,262.0,0.0,139.5229007633588,43.785,31.25,106.624,12.32526,24.0,156.46,232.98194620112776
15/9-F-15 D,204.0,31177.0,115.0,319.0,0.3605015673981191,152.82843137254903,33.703,36.283,106.34,9.95347,24.0,187.529,232.45162762587833
15/9-F-15 D,268.0,40126.0,143.0,411.0,0.3479318734793187,149.72388059701493,43.678,47.043,106.406,9.66851,24.0,175.874,247.2889543513594
15/9-F-15 D,249.0,37824.0,0.0,249.0,0.0,151.90361445783134,45.388,32.299,106.552,12.45271,24.0,154.719,236.28614834850396
15/9-F-15 D,141.0,20520.0,10.0,151.0,0.0662251655629139,145.53191489361703,33.59,26.909,106.484,10.22324,24.0,166.392,242.6111351149479
15/9-F-15 D,227.0,34067.0,0.0,227.0,0.0,150.07488986784142,44.448,30.238,106.439,2.36866,24.0,156.785,237.8007735578731
15/9-F-15 D,152.0,22803.0,11.0,163.0,0.0674846625766871,150.01973684210526,33.649,26.13,106.425,10.56061,24.0,166.34,242.81877804992735
